MERRA_ID,YEAR,MONTH,WIND_VELOCITY_AVG
133786,2014,4,1
133787,2014,4,2
133787,2014,12,2
133790,2014,1,0
134319,2014,3,3
134319,2014,11,3
136090,2014,2,0
137194,2014,12,2
134361,2014,8,1
134361,2014,11,2
134361,2014,12,2
134895,2014,6,3
134896,2014,1,2
134943,2014,5,1
137241,2014,6,0
138346,2014,9,2
136090,2014,3,0
136621,2014,4,3
136621,2014,7,2
137194,2014,10,2
137243,2014,2,1
137243,2014,5,0
137243,2014,8,0
138348,2014,9,2
138348,2014,12,2
138924,2014,8,2
138924,2014,11,3
138348,2014,10,2
138922,2014,1,2
138922,2014,4,3
138349,2014,7,2
138922,2014,2,2
144732,2014,4,4
148770,2014,4,4
148770,2014,10,3
149922,2014,6,0
133786,2014,2,1
133787,2014,1,2
133787,2014,2,2
133786,2014,6,1
133786,2014,12,1
133790,2014,3,0
133790,2014,5,0
133790,2014,9,0
134319,2014,5,3
137194,2014,7,2
134361,2014,5,1
137819,2014,7,0
134895,2014,12,2
134896,2014,2,2
134896,2014,10,2
134943,2014,1,1
134943,2014,6,1
137241,2014,8,0
136045,2014,10,2
135515,2014,8,1
136090,2014,10,0
135515,2014,12,1
137241,2014,7,0
136090,2014,6,0
136620,2014,1,2
136620,2014,7,2
136621,2014,9,2
136621,2014,12,2
137194,2014,9,2
137194,2014,11,2
137241,2014,3,0
138346,2014,5,3
137243,2014,4,1
138347,2014,7,2
138348,2014,8,2
138349,2014,9,2
138349,2014,11,2
138922,2014,8,3
138924,2014,6,3
144732,2014,6,2
138348,2014,3,3
144732,2014,3,4
148770,2014,1,4
149346,2014,5,1
149346,2014,9,1
149346,2014,11,2
149922,2014,9,0
134319,2014,2,2
133787,2014,5,2
133786,2014,7,1
133787,2014,8,2
133786,2014,9,1
133787,2014,10,2
133787,2014,11,2
133790,2014,2,0
133790,2014,6,0
133790,2014,7,0
134319,2014,4,3
134319,2014,6,3
137194,2014,4,3
134361,2014,2,2
136620,2014,5,3
134361,2014,7,1
134895,2014,1,2
137819,2014,3,0
134895,2014,11,3
134896,2014,4,3
134943,2014,3,1
134943,2014,8,1
136045,2014,11,2
137241,2014,11,0
135515,2014,5,1
136621,2014,3,2
136621,2014,5,3
138346,2014,3,3
138347,2014,5,3
137243,2014,7,0
138347,2014,10,2
137819,2014,8,0
138346,2014,11,3
138348,2014,7,2
138349,2014,8,2
138924,2014,10,2
138348,2014,4,3
138348,2014,11,3
138922,2014,10,2
144732,2014,2,4
144732,2014,5,3
144732,2014,12,3
148770,2014,2,4
151077,2014,6,0
148770,2014,8,2
148770,2014,9,3
151077,2014,2,1
151077,2014,8,0
133786,2014,10,1
133790,2014,4,0
133790,2014,8,0
135515,2014,11,2
137243,2014,12,0
134361,2014,9,1
134361,2014,10,1
134895,2014,3,2
134895,2014,8,2
134943,2014,2,1
137241,2014,2,0
135515,2014,1,2
136090,2014,4,0
137241,2014,1,0
136045,2014,4,3
136621,2014,1,2
137194,2014,6,3
138346,2014,12,2
138347,2014,9,2
137243,2014,10,0
137819,2014,9,0
137819,2014,12,0
138347,2014,1,3
138349,2014,6,3
138348,2014,5,3
138922,2014,7,3
138922,2014,12,2
138924,2014,2,2
144732,2014,9,2
148770,2014,5,3
149922,2014,1,2
149922,2014,2,2
149922,2014,5,0
149922,2014,10,1
151077,2014,4,0
151077,2014,7,0
151077,2014,11,0
133786,2014,5,1
133787,2014,7,2
134319,2014,9,2
134319,2014,12,2
135515,2014,6,1
135515,2014,7,1
135515,2014,9,1
136090,2014,7,0
136090,2014,9,0
137243,2014,1,0
137243,2014,6,0
134361,2014,1,2
136620,2014,3,2
136620,2014,4,3
136620,2014,11,2
137819,2014,5,0
134895,2014,9,2
134896,2014,3,3
134896,2014,8,2
137241,2014,9,0
135515,2014,4,2
135515,2014,10,1
137241,2014,4,0
136620,2014,6,3
136620,2014,9,2
137194,2014,2,2
137194,2014,5,3
138347,2014,8,2
137243,2014,9,0
137243,2014,11,0
137819,2014,2,0
138346,2014,2,2
138346,2014,6,3
138348,2014,1,3
138349,2014,10,2
138922,2014,9,2
138924,2014,5,4
138924,2014,12,2
138922,2014,3,3
148770,2014,3,4
148770,2014,6,3
148770,2014,7,3
148770,2014,12,3
149346,2014,3,2
149922,2014,3,1
151077,2014,1,1
151077,2014,5,0
133786,2014,3,1
133787,2014,3,2
133786,2014,11,1
133790,2014,10,0
133790,2014,12,0
134319,2014,1,2
134319,2014,10,2
135515,2014,2,2
137194,2014,1,2
134361,2014,3,2
134361,2014,4,2
134896,2014,5,3
136045,2014,2,2
136045,2014,3,2
136045,2014,9,2
134943,2014,11,1
135515,2014,3,2
136090,2014,5,0
136090,2014,8,0
136045,2014,7,2
138346,2014,7,2
136620,2014,12,2
138346,2014,10,2
138347,2014,3,3
138347,2014,11,3
137819,2014,6,0
138348,2014,6,3
138349,2014,3,3
138349,2014,5,3
138349,2014,4,3
138922,2014,5,3
138924,2014,4,3
138924,2014,7,2
151077,2014,12,0
149346,2014,4,2
149346,2014,7,1
149922,2014,7,0
149922,2014,8,0
149922,2014,11,1
151077,2014,10,0
133787,2014,9,1
133790,2014,11,0
134319,2014,7,2
134319,2014,8,2
138347,2014,2,2
136620,2014,2,2
136620,2014,8,2
134895,2014,2,2
134895,2014,7,2
134895,2014,10,2
134896,2014,11,2
134896,2014,12,2
134943,2014,4,1
136045,2014,5,3
136045,2014,6,3
136045,2014,8,2
134943,2014,10,1
134943,2014,12,1
136090,2014,12,0
136045,2014,1,2
138346,2014,1,3
138346,2014,4,3
136090,2014,11,0
136621,2014,2,2
136621,2014,6,2
136621,2014,8,2
136621,2014,10,2
137194,2014,8,2
137241,2014,12,0
137243,2014,3,1
138347,2014,4,3
138922,2014,6,3
138924,2014,1,2
138349,2014,12,2
144732,2014,7,2
148770,2014,11,4
149346,2014,1,3
149346,2014,8,1
151077,2014,3,1
151077,2014,9,0
133786,2014,1,1
133787,2014,6,1
133786,2014,8,1
138347,2014,12,2
134361,2014,6,1
136620,2014,10,2
134895,2014,4,3
137819,2014,4,0
134895,2014,5,3
137819,2014,10,0
137819,2014,11,0
134896,2014,6,3
134896,2014,7,2
134896,2014,9,2
134943,2014,7,1
134943,2014,9,1
136045,2014,12,2
136090,2014,1,0
136621,2014,11,2
137194,2014,3,2
137241,2014,5,0
137241,2014,10,0
137819,2014,1,0
138346,2014,8,2
138347,2014,6,3
138348,2014,2,2
138349,2014,2,2
138922,2014,11,2
138924,2014,3,3
138349,2014,1,2
138924,2014,9,2
144732,2014,1,5
144732,2014,8,2
144732,2014,10,3
144732,2014,11,4
149346,2014,2,2
149346,2014,6,1
149346,2014,10,2
149346,2014,12,2
149922,2014,4,1
149922,2014,12,1
133787,2015,2,2
133786,2015,6,1
133790,2015,1,0
133790,2015,6,0
134319,2015,9,2
135515,2015,8,1
137243,2015,8,0
136620,2015,4,3
134361,2015,6,1
136620,2015,6,3
134895,2015,2,2
134895,2015,9,2
134896,2015,1,2
134896,2015,9,2
134943,2015,3,1
135515,2015,2,2
136090,2015,2,0
135515,2015,7,1
136621,2015,5,2
136621,2015,8,2
137194,2015,2,2
138346,2015,2,2
137819,2015,3,0
137819,2015,8,0
138348,2015,8,2
138349,2015,8,2
138349,2015,11,3
138349,2015,12,2
148770,2015,7,2
149346,2015,7,1
149922,2015,5,0
151077,2015,1,1
134319,2015,2,3
133787,2015,4,2
133787,2015,7,2
133787,2015,8,2
133787,2015,9,2
133786,2015,10,1
133787,2015,11,2
133790,2015,7,0
134319,2015,3,3
134319,2015,7,2
134319,2015,12,2
136620,2015,2,2
136620,2015,5,2
134361,2015,7,1
136620,2015,10,2
134896,2015,4,3
134896,2015,10,2
136045,2015,3,2
136045,2015,4,3
136045,2015,7,3
138346,2015,11,3
136090,2015,9,0
137241,2015,9,0
136621,2015,3,2
137194,2015,11,3
138346,2015,7,3
138347,2015,6,3
137243,2015,9,0
137819,2015,12,0
138347,2015,3,2
138348,2015,1,3
138348,2015,4,3
138924,2015,7,3
138348,2015,6,3
138348,2015,9,2
144732,2015,1,4
144732,2015,10,3
148770,2015,5,3
149346,2015,6,1
149346,2015,8,1
149346,2015,9,1
149922,2015,7,0
149922,2015,8,0
149922,2015,10,1
151077,2015,5,0
151077,2015,7,0
133786,2015,5,1
133790,2015,2,0
133790,2015,5,0
133790,2015,12,0
134319,2015,1,3
134319,2015,8,2
137194,2015,9,2
137194,2015,12,2
134361,2015,5,1
134895,2015,5,3
134895,2015,7,2
134895,2015,8,2
134896,2015,3,2
134896,2015,5,3
134896,2015,7,2
134896,2015,11,3
136045,2015,5,3
134943,2015,7,1
136045,2015,8,2
137241,2015,8,0
134943,2015,10,1
137241,2015,11,0
136045,2015,12,2
136090,2015,7,0
138346,2015,9,3
137194,2015,1,2
137194,2015,4,3
137241,2015,12,0
138346,2015,12,3
138347,2015,1,2
138347,2015,4,3
137819,2015,1,0
137819,2015,4,0
137819,2015,7,0
138348,2015,12,3
138349,2015,10,2
138922,2015,6,3
138924,2015,10,2
149346,2015,3,2
149346,2015,11,2
149922,2015,3,1
149922,2015,4,1
133786,2015,3,1
133787,2015,1,2
133790,2015,10,0
133790,2015,11,0
134319,2015,5,3
135515,2015,3,2
135515,2015,6,1
136620,2015,1,2
134361,2015,2,2
134361,2015,3,2
134361,2015,12,2
137819,2015,6,0
134895,2015,11,3
137241,2015,1,0
136045,2015,2,2
138346,2015,8,3
135515,2015,9,1
136045,2015,9,2
136090,2015,12,0
136620,2015,12,2
136621,2015,9,2
137194,2015,3,2
137194,2015,5,3
137194,2015,10,2
137243,2015,7,0
137243,2015,11,0
138347,2015,12,3
138348,2015,5,3
138348,2015,10,2
138924,2015,6,3
138924,2015,12,3
138348,2015,7,3
138922,2015,2,2
138924,2015,11,3
144732,2015,2,4
144732,2015,9,2
144732,2015,12,4
151077,2015,12,0
148770,2015,10,4
148770,2015,12,4
149346,2015,12,2
149922,2015,2,2
149922,2015,6,0
151077,2015,2,1
151077,2015,9,0
133787,2015,3,2
133787,2015,5,2
133786,2015,7,1
133790,2015,8,0
134319,2015,6,3
135515,2015,12,1
137243,2015,2,1
137243,2015,3,0
137243,2015,10,0
138347,2015,2,2
134361,2015,1,2
134361,2015,10,2
134895,2015,1,2
137819,2015,2,0
137819,2015,9,0
134895,2015,10,2
134943,2015,1,1
138346,2015,3,2
137241,2015,5,0
134943,2015,6,1
137241,2015,6,0
134943,2015,8,1
136045,2015,11,2
136090,2015,6,0
136621,2015,11,2
137241,2015,2,0
137243,2015,5,0
137819,2015,5,0
137819,2015,11,0
138346,2015,5,3
138349,2015,2,2
138349,2015,7,2
138922,2015,1,2
138924,2015,2,2
138924,2015,5,3
138922,2015,12,2
138922,2015,9,3
144732,2015,11,3
148770,2015,1,4
148770,2015,2,4
151077,2015,3,1
148770,2015,6,3
148770,2015,8,2
149346,2015,2,3
149346,2015,4,2
149346,2015,5,1
149922,2015,9,0
149922,2015,11,1
151077,2015,6,0
133786,2015,2,2
133786,2015,9,1
133790,2015,4,0
133790,2015,9,0
135515,2015,11,1
136090,2015,8,0
136090,2015,11,0
137243,2015,12,0
134361,2015,4,2
134361,2015,11,2
136620,2015,11,2
134896,2015,8,2
136045,2015,1,2
136045,2015,6,3
134943,2015,11,1
136620,2015,8,2
136621,2015,2,2
136621,2015,4,2
136621,2015,12,2
137194,2015,7,3
138347,2015,11,3
137819,2015,10,0
138346,2015,4,3
138348,2015,3,2
138349,2015,1,2
138924,2015,1,2
138924,2015,4,3
138924,2015,8,2
148770,2015,4,4
151077,2015,8,0
151077,2015,10,0
133786,2015,4,1
133787,2015,6,1
133786,2015,8,1
133787,2015,10,2
133786,2015,11,1
133787,2015,12,2
134319,2015,4,3
134319,2015,10,2
134319,2015,11,3
135515,2015,10,2
136090,2015,1,0
136090,2015,3,0
136090,2015,4,0
136620,2015,7,3
134361,2015,9,2
134895,2015,6,2
134895,2015,12,2
134896,2015,2,2
134896,2015,12,2
138346,2015,1,2
137241,2015,3,0
134943,2015,4,1
134943,2015,5,1
134943,2015,9,1
134943,2015,12,1
136090,2015,5,0
136621,2015,6,2
136621,2015,7,2
137194,2015,8,2
137241,2015,7,0
138347,2015,10,2
138348,2015,11,3
138349,2015,5,3
138349,2015,6,2
138349,2015,9,2
138922,2015,4,3
138922,2015,5,3
138922,2015,8,3
144732,2015,5,3
138922,2015,7,3
138924,2015,9,2
144732,2015,3,3
144732,2015,7,2
148770,2015,3,4
149922,2015,12,1
151077,2015,4,0
133786,2015,1,1
133786,2015,12,1
133790,2015,3,0
135515,2015,1,2
135515,2015,4,2
135515,2015,5,1
138347,2015,8,3
138347,2015,5,3
134361,2015,8,1
136620,2015,9,2
134895,2015,3,2
134895,2015,4,3
134896,2015,6,2
134943,2015,2,1
137241,2015,4,0
136045,2015,10,2
137241,2015,10,0
136090,2015,10,0
136620,2015,3,2
136621,2015,1,2
136621,2015,10,2
137194,2015,6,3
137243,2015,1,0
137243,2015,4,0
137243,2015,6,0
138347,2015,7,3
138347,2015,9,3
138346,2015,6,3
138346,2015,10,2
138349,2015,3,2
138349,2015,4,3
138922,2015,3,2
138922,2015,10,2
138922,2015,11,3
138348,2015,2,3
138924,2015,3,2
144732,2015,4,4
144732,2015,6,3
144732,2015,8,2
148770,2015,9,3
148770,2015,11,3
149346,2015,1,3
149346,2015,10,2
149922,2015,1,2
151077,2015,11,0
133787,2016,1,2
133787,2016,9,2
133790,2016,5,0
133790,2016,6,0
133790,2016,9,0
133790,2016,10,0
134319,2016,6,3
134319,2016,9,2
136090,2016,9,0
136620,2016,4,3
134361,2016,6,1
134361,2016,11,2
134895,2016,7,2
134896,2016,2,2
134896,2016,6,2
134896,2016,7,2
134943,2016,3,1
134943,2016,4,1
134943,2016,5,1
135515,2016,7,1
136090,2016,10,0
136621,2016,6,2
136621,2016,10,2
137194,2016,3,2
137194,2016,4,3
137194,2016,10,2
137819,2016,6,0
138347,2016,7,3
138924,2016,2,3
138922,2016,7,3
144732,2016,2,4
144732,2016,6,3
151077,2016,6,0
148770,2016,10,3
149922,2016,5,0
133787,2016,4,2
133786,2016,7,1
133786,2016,11,1
133787,2016,12,2
133790,2016,1,0
134319,2016,7,2
134361,2016,1,2
134361,2016,7,1
134361,2016,10,2
134895,2016,8,2
137819,2016,12,0
134896,2016,9,2
138346,2016,1,2
136045,2016,2,2
137241,2016,6,0
134943,2016,9,1
137241,2016,9,0
137241,2016,11,0
135515,2016,10,2
136090,2016,12,0
137241,2016,3,0
136090,2016,8,0
136620,2016,10,2
137194,2016,11,2
137819,2016,8,0
138348,2016,8,2
138349,2016,9,2
138922,2016,2,2
138922,2016,11,2
138924,2016,4,3
138346,2016,8,3
138346,2016,11,2
138346,2016,12,3
138922,2016,4,3
138924,2016,1,2
138924,2016,6,3
144732,2016,10,3
151077,2016,1,1
151077,2016,12,0
148770,2016,11,3
148770,2016,12,4
149346,2016,2,3
149346,2016,6,2
149346,2016,10,2
149922,2016,2,2
149922,2016,7,0
149922,2016,10,0
133786,2016,3,1
133787,2016,3,2
134319,2016,2,3
133786,2016,9,1
133787,2016,11,2
133790,2016,3,0
135515,2016,8,1
135515,2016,9,1
135515,2016,11,2
136090,2016,3,0
136620,2016,11,3
134895,2016,1,3
134895,2016,9,2
137241,2016,1,0
134943,2016,8,1
136045,2016,9,2
137241,2016,10,0
135515,2016,5,1
136090,2016,7,0
138346,2016,3,3
136620,2016,1,2
136621,2016,1,2
136621,2016,4,2
136621,2016,7,2
137194,2016,2,2
138346,2016,4,3
137241,2016,5,0
137243,2016,3,1
137243,2016,9,0
137819,2016,1,0
138347,2016,10,3
138348,2016,10,3
138922,2016,10,2
138922,2016,12,2
138924,2016,5,3
138924,2016,8,2
138348,2016,3,3
138348,2016,7,3
138924,2016,9,3
138924,2016,11,3
144732,2016,5,3
144732,2016,7,2
148770,2016,1,4
148770,2016,2,5
151077,2016,8,0
149346,2016,1,3
149346,2016,5,1
149346,2016,9,2
151077,2016,3,1
133786,2016,1,1
133787,2016,8,2
133790,2016,4,0
134319,2016,1,3
134319,2016,4,3
135515,2016,3,2
134361,2016,2,2
134361,2016,4,2
136620,2016,12,2
134895,2016,5,3
134895,2016,6,2
137819,2016,11,0
134896,2016,3,2
136045,2016,1,2
137241,2016,2,0
134943,2016,7,1
134943,2016,10,1
136621,2016,2,2
136621,2016,12,2
137194,2016,1,2
137243,2016,10,0
138348,2016,6,3
138349,2016,1,2
138349,2016,6,3
138349,2016,12,2
138348,2016,11,3
144732,2016,12,4
148770,2016,3,3
148770,2016,5,2
149346,2016,8,1
149922,2016,8,0
149922,2016,11,1
149922,2016,12,1
151077,2016,7,0
133787,2016,2,2
133786,2016,10,1
133786,2016,12,1
134319,2016,5,3
135515,2016,6,1
137243,2016,8,0
134361,2016,3,2
136620,2016,7,3
136620,2016,8,2
134895,2016,2,3
137819,2016,3,0
134895,2016,4,3
137819,2016,10,0
134895,2016,11,3
134896,2016,1,2
134896,2016,8,2
134943,2016,2,1
134943,2016,6,1
138346,2016,6,3
136045,2016,8,2
134943,2016,11,1
136090,2016,4,0
135515,2016,12,1
137241,2016,7,0
136621,2016,3,2
136621,2016,5,2
136621,2016,8,2
137194,2016,9,2
138346,2016,5,3
137243,2016,7,0
137819,2016,5,0
138347,2016,4,3
138347,2016,12,3
138349,2016,11,2
138922,2016,8,3
144732,2016,8,2
138347,2016,8,2
138922,2016,3,3
138922,2016,5,3
138924,2016,3,3
144732,2016,9,2
149346,2016,12,3
149922,2016,6,0
151077,2016,9,0
133786,2016,4,1
133786,2016,5,1
133787,2016,6,2
133790,2016,11,0
133790,2016,12,0
134319,2016,10,2
137194,2016,7,3
137243,2016,6,0
138346,2016,7,3
136620,2016,2,3
134361,2016,5,1
136620,2016,5,2
134361,2016,9,2
134895,2016,3,2
137819,2016,4,0
137819,2016,7,0
137819,2016,9,0
134895,2016,12,3
134896,2016,10,2
136045,2016,5,3
136045,2016,6,3
136045,2016,12,2
136090,2016,5,0
137194,2016,8,2
137241,2016,4,0
137243,2016,5,0
138347,2016,1,2
138347,2016,5,3
138347,2016,6,3
138347,2016,9,3
138348,2016,1,3
138348,2016,9,3
138349,2016,2,3
138349,2016,3,3
138349,2016,4,3
138347,2016,2,3
138348,2016,5,3
138348,2016,12,3
138924,2016,7,3
144732,2016,4,4
144732,2016,11,3
149922,2016,1,2
149922,2016,9,0
151077,2016,5,0
133786,2016,2,2
133786,2016,6,1
133787,2016,7,1
133790,2016,7,0
133790,2016,8,0
134319,2016,8,2
134319,2016,11,3
135515,2016,2,2
136090,2016,11,0
134895,2016,10,2
134896,2016,4,3
134896,2016,11,3
134896,2016,12,3
138346,2016,2,3
136045,2016,10,2
136045,2016,11,2
135515,2016,4,2
136045,2016,3,2
136090,2016,2,0
136620,2016,3,3
136620,2016,6,3
136621,2016,11,2
137194,2016,6,3
137194,2016,12,2
137243,2016,1,0
137243,2016,11,0
137243,2016,12,0
138347,2016,3,3
138347,2016,11,3
144732,2016,3,4
151077,2016,2,1
148770,2016,4,3
148770,2016,6,3
148770,2016,7,3
148770,2016,9,3
149346,2016,3,2
149346,2016,4,2
149346,2016,7,1
151077,2016,11,0
133787,2016,5,2
133786,2016,8,1
133787,2016,10,2
133790,2016,2,0
134319,2016,3,3
134319,2016,12,3
135515,2016,1,2
136090,2016,1,0
136090,2016,6,0
137243,2016,2,1
134361,2016,8,1
134361,2016,12,2
134896,2016,5,3
134943,2016,1,1
136045,2016,4,3
137241,2016,8,0
134943,2016,12,1
137241,2016,12,0
136045,2016,7,3
136620,2016,9,2
136621,2016,9,2
137194,2016,5,3
137243,2016,4,1
137819,2016,2,0
138346,2016,9,3
138346,2016,10,2
138348,2016,2,3
138349,2016,5,3
138349,2016,8,2
138349,2016,10,2
138922,2016,1,2
138922,2016,6,3
138922,2016,9,3
138924,2016,10,3
138348,2016,4,3
138349,2016,7,2
138924,2016,12,3
144732,2016,1,4
148770,2016,8,3
149346,2016,11,2
149922,2016,3,1
149922,2016,4,1
151077,2016,4,0
151077,2016,10,0
133786,2017,4,1
134319,2017,5,3
134319,2017,10,2
136090,2017,2,0
136090,2017,7,0
137194,2017,1,2
134361,2017,1,2
134361,2017,7,1
136620,2017,7,2
134361,2017,12,2
134895,2017,3,2
137819,2017,5,0
134895,2017,7,2
134896,2017,5,3
134896,2017,8,2
134896,2017,9,2
136045,2017,2,2
134943,2017,5,1
136045,2017,8,2
136045,2017,9,2
136090,2017,1,0
136090,2017,8,0
137241,2017,1,0
136621,2017,2,2
136621,2017,4,2
137194,2017,3,2
137194,2017,8,2
137194,2017,9,2
137819,2017,12,0
138347,2017,3,3
138347,2017,6,3
138347,2017,12,3
138348,2017,12,3
138349,2017,8,2
138922,2017,11,2
138924,2017,3,3
138924,2017,8,2
138922,2017,5,3
138922,2017,7,3
138922,2017,12,2
138924,2017,4,3
144732,2017,6,3
144732,2017,11,3
151077,2017,2,1
148770,2017,10,3
149346,2017,10,2
151077,2017,7,0
133787,2017,1,2
133787,2017,2,2
133787,2017,4,2
134319,2017,4,3
134319,2017,9,2
135515,2017,2,2
137194,2017,4,3
137194,2017,6,2
137194,2017,10,2
138347,2017,1,3
136620,2017,1,2
136620,2017,2,2
136620,2017,5,3
134895,2017,4,3
137819,2017,7,0
136045,2017,3,2
135515,2017,11,1
136090,2017,12,0
138346,2017,4,3
136620,2017,9,2
137194,2017,2,2
137243,2017,8,0
138348,2017,1,3
138348,2017,8,2
138922,2017,8,2
144732,2017,4,4
138348,2017,7,2
138349,2017,7,2
138349,2017,10,3
138924,2017,7,2
144732,2017,2,4
148770,2017,8,3
149346,2017,11,2
149922,2017,4,1
151077,2017,8,0
133786,2017,1,1
134319,2017,2,3
133787,2017,7,1
133787,2017,9,2
133786,2017,10,2
133787,2017,12,2
134319,2017,7,2
137194,2017,12,2
137243,2017,1,1
137243,2017,6,0
134361,2017,2,2
136620,2017,8,2
134361,2017,10,2
136620,2017,11,2
134895,2017,8,2
134895,2017,11,2
134896,2017,7,2
134896,2017,11,2
134943,2017,2,1
134943,2017,3,1
134943,2017,7,1
137241,2017,9,0
136045,2017,11,2
137241,2017,11,0
134943,2017,12,1
135515,2017,1,2
135515,2017,5,2
136090,2017,6,0
136090,2017,11,0
136621,2017,6,2
136621,2017,10,2
136621,2017,12,2
137241,2017,12,0
137819,2017,8,0
138347,2017,11,2
138922,2017,9,2
138349,2017,4,3
138922,2017,3,3
148770,2017,3,5
148770,2017,7,2
149346,2017,4,2
149346,2017,8,1
149922,2017,2,2
149922,2017,3,2
149922,2017,12,1
151077,2017,11,0
133786,2017,5,1
133787,2017,6,1
133786,2017,8,1
133786,2017,9,1
133790,2017,1,0
133790,2017,11,0
134319,2017,6,3
134319,2017,8,2
135515,2017,9,1
137194,2017,7,3
137243,2017,9,1
136620,2017,3,2
134361,2017,5,2
134361,2017,6,1
134361,2017,8,1
134361,2017,11,1
134895,2017,5,3
137819,2017,10,0
134896,2017,2,2
138346,2017,2,3
134943,2017,4,1
134943,2017,10,1
136090,2017,5,0
138346,2017,1,3
136621,2017,1,2
136621,2017,8,2
137194,2017,11,2
138346,2017,12,3
137243,2017,5,0
138347,2017,9,3
138348,2017,4,3
138349,2017,3,3
138348,2017,3,3
138348,2017,11,2
138922,2017,10,2
138924,2017,10,3
144732,2017,8,2
144732,2017,12,3
148770,2017,5,3
151077,2017,6,0
149346,2017,7,1
149346,2017,9,1
149922,2017,1,2
149922,2017,7,0
149922,2017,8,0
149922,2017,11,1
133787,2017,3,2
133790,2017,3,0
133790,2017,4,0
133790,2017,7,0
133790,2017,9,0
133790,2017,12,0
135515,2017,7,1
137194,2017,5,3
134895,2017,1,2
134895,2017,6,3
134896,2017,1,2
134896,2017,12,2
137241,2017,2,0
136045,2017,6,3
138346,2017,9,2
136045,2017,10,2
136090,2017,3,0
135515,2017,8,1
135515,2017,10,2
136090,2017,10,0
136045,2017,5,3
136620,2017,4,3
136621,2017,7,2
137819,2017,2,0
137819,2017,9,0
138346,2017,11,2
138347,2017,5,3
138348,2017,2,3
138924,2017,11,3
138349,2017,1,3
144732,2017,1,4
144732,2017,5,3
148770,2017,1,4
148770,2017,4,4
148770,2017,9,2
149346,2017,5,1
151077,2017,5,0
133786,2017,3,1
133786,2017,6,1
133786,2017,7,1
133786,2017,12,1
133790,2017,2,0
133790,2017,6,0
133790,2017,8,0
136090,2017,9,0
134361,2017,9,2
134895,2017,2,2
137819,2017,11,0
134895,2017,12,2
134896,2017,6,2
134896,2017,10,2
134943,2017,1,1
137241,2017,8,0
136045,2017,12,2
135515,2017,12,1
136045,2017,1,2
136045,2017,4,3
137241,2017,4,0
137241,2017,7,0
138346,2017,7,3
136620,2017,6,3
136620,2017,12,2
136621,2017,3,2
136621,2017,5,3
136621,2017,11,2
138346,2017,6,3
138346,2017,10,3
137243,2017,2,0
137243,2017,3,1
137243,2017,11,0
138346,2017,8,2
138347,2017,4,3
138347,2017,7,2
138347,2017,8,2
138922,2017,2,3
138349,2017,5,3
138924,2017,1,3
138924,2017,2,3
138924,2017,6,3
144732,2017,7,2
148770,2017,2,4
148770,2017,12,4
149346,2017,3,3
149922,2017,6,0
149922,2017,9,0
151077,2017,4,0
151077,2017,10,0
133786,2017,2,1
133787,2017,5,2
133787,2017,8,2
133787,2017,11,2
133790,2017,10,0
134319,2017,3,3
134361,2017,3,2
134361,2017,4,2
136620,2017,10,2
134895,2017,9,2
134896,2017,3,2
134943,2017,6,1
134943,2017,9,1
135515,2017,3,2
136090,2017,4,0
135515,2017,6,1
137241,2017,5,0
138346,2017,5,3
136045,2017,7,2
136621,2017,9,2
137241,2017,3,0
138346,2017,3,3
137241,2017,6,0
137243,2017,7,0
137819,2017,1,0
137819,2017,6,0
138347,2017,10,3
138349,2017,12,2
138924,2017,12,3
138922,2017,6,3
144732,2017,10,3
148770,2017,6,3
149346,2017,1,3
149346,2017,2,3
149346,2017,6,1
149346,2017,12,3
151077,2017,1,1
151077,2017,3,1
133787,2017,10,2
133786,2017,11,1
133790,2017,5,0
134319,2017,1,3
134319,2017,11,2
134319,2017,12,2
137243,2017,4,1
137243,2017,12,0
138347,2017,2,3
137819,2017,3,0
134895,2017,10,2
134896,2017,4,3
134943,2017,8,1
134943,2017,11,1
135515,2017,4,2
137241,2017,10,0
137243,2017,10,1
137819,2017,4,0
138348,2017,5,3
138348,2017,6,3
138348,2017,9,3
138349,2017,2,2
138349,2017,9,2
138349,2017,11,2
138348,2017,10,3
138922,2017,1,3
138922,2017,4,3
138349,2017,6,3
138924,2017,5,3
138924,2017,9,3
144732,2017,3,4
144732,2017,9,2
151077,2017,12,0
148770,2017,11,4
149922,2017,5,0
149922,2017,10,1
151077,2017,9,0
133790,2018,1,0
133790,2018,3,0
134319,2018,1,3
134319,2018,3,2
134319,2018,7,2
134319,2018,12,2
135515,2018,2,2
136090,2018,6,0
136090,2018,9,0
137243,2018,9,0
134361,2018,1,2
134361,2018,10,2
134895,2018,7,2
134943,2018,2,1
137241,2018,9,0
135515,2018,11,2
136090,2018,12,0
136620,2018,1,2
136620,2018,6,2
137194,2018,12,2
137819,2018,4,0
137819,2018,9,0
137819,2018,12,0
138346,2018,3,3
138347,2018,12,2
138924,2018,8,2
138924,2018,12,2
138348,2018,10,3
138348,2018,11,3
138349,2018,1,3
144732,2018,7,2
151077,2018,11,0
148770,2018,11,4
149346,2018,4,2
149922,2018,7,0
149922,2018,12,1
151077,2018,10,0
133787,2018,4,2
133786,2018,10,1
133787,2018,12,2
133790,2018,2,0
133790,2018,4,0
133790,2018,5,0
133790,2018,6,0
133790,2018,7,0
133790,2018,12,0
134319,2018,8,2
134319,2018,9,2
135515,2018,3,2
135515,2018,9,1
137194,2018,7,2
137243,2018,6,0
134361,2018,5,2
134361,2018,9,1
134895,2018,2,2
134895,2018,3,2
134896,2018,12,2
134943,2018,1,1
136045,2018,4,3
134943,2018,5,1
136045,2018,6,3
134943,2018,11,1
136045,2018,11,2
137241,2018,12,0
135515,2018,10,2
137194,2018,2,2
137194,2018,3,2
137194,2018,8,3
137194,2018,9,2
138346,2018,2,3
137241,2018,11,0
138346,2018,11,2
137243,2018,2,0
138347,2018,3,3
137243,2018,10,0
137243,2018,12,0
137819,2018,2,0
138349,2018,4,3
138349,2018,9,2
138924,2018,11,3
144732,2018,10,3
144732,2018,11,3
149346,2018,2,3
149346,2018,6,1
149346,2018,10,2
149922,2018,6,0
151077,2018,3,1
133787,2018,7,1
133786,2018,8,1
133786,2018,11,1
133787,2018,11,2
133790,2018,8,0
134319,2018,6,3
136090,2018,5,0
134361,2018,2,2
136620,2018,3,2
136620,2018,7,2
137819,2018,3,0
134895,2018,6,3
137241,2018,3,0
138346,2018,9,2
136090,2018,7,0
136090,2018,11,0
136620,2018,5,3
136621,2018,3,2
136621,2018,8,2
136621,2018,10,2
137194,2018,5,3
137243,2018,1,0
138347,2018,7,2
137243,2018,8,0
138347,2018,8,2
138348,2018,4,3
138922,2018,6,3
138922,2018,7,2
138922,2018,10,2
138922,2018,4,3
148770,2018,2,4
148770,2018,6,3
149346,2018,8,1
149346,2018,9,2
149922,2018,8,0
133786,2018,6,1
133787,2018,9,2
138347,2018,6,3
134361,2018,12,2
134895,2018,10,2
137819,2018,10,0
137819,2018,11,0
134895,2018,12,2
134896,2018,4,3
138346,2018,5,3
137241,2018,6,0
135515,2018,12,2
137241,2018,7,0
138346,2018,7,2
138346,2018,10,3
136620,2018,12,2
136621,2018,5,2
137241,2018,4,0
138347,2018,1,3
137243,2018,7,0
138347,2018,10,3
137819,2018,1,0
138347,2018,5,3
138348,2018,5,3
138348,2018,8,2
138349,2018,5,3
138349,2018,12,2
144732,2018,5,3
138924,2018,1,3
144732,2018,3,4
144732,2018,8,2
148770,2018,1,5
151077,2018,2,1
148770,2018,7,3
148770,2018,9,3
149346,2018,1,3
149346,2018,3,3
149922,2018,11,1
151077,2018,8,0
134319,2018,2,3
133787,2018,5,2
133786,2018,9,1
133786,2018,12,1
133790,2018,9,0
135515,2018,1,2
135515,2018,6,1
137194,2018,10,2
138347,2018,11,3
136620,2018,8,2
136620,2018,10,2
136620,2018,11,2
134895,2018,1,3
134896,2018,9,2
138346,2018,1,2
134943,2018,4,1
136045,2018,5,3
137241,2018,5,0
136045,2018,9,2
134943,2018,12,1
136090,2018,10,0
136621,2018,11,2
138346,2018,4,3
138348,2018,1,3
138348,2018,9,2
138922,2018,3,3
138922,2018,9,2
138924,2018,9,2
144732,2018,1,4
144732,2018,6,2
144732,2018,12,3
148770,2018,3,4
151077,2018,5,0
149922,2018,2,2
133787,2018,1,2
133787,2018,3,2
133786,2018,4,2
133787,2018,6,1
134319,2018,5,3
134319,2018,10,2
137243,2018,5,0
134361,2018,8,1
134896,2018,2,2
134896,2018,6,2
134896,2018,11,2
134943,2018,6,1
138346,2018,6,3
134943,2018,7,1
138346,2018,12,2
136090,2018,4,0
136045,2018,7,2
136621,2018,6,2
136621,2018,7,2
137194,2018,4,3
137194,2018,6,3
138347,2018,4,3
137243,2018,11,0
137819,2018,5,0
138348,2018,2,3
138348,2018,12,2
138349,2018,3,3
138922,2018,5,3
138924,2018,4,3
138348,2018,3,3
138922,2018,2,2
138924,2018,5,3
138924,2018,6,3
148770,2018,8,3
149346,2018,7,1
149922,2018,1,2
149922,2018,4,1
149922,2018,5,0
149922,2018,10,1
133786,2018,1,2
133786,2018,2,1
133786,2018,3,2
133787,2018,2,2
133786,2018,7,1
133787,2018,8,1
133787,2018,10,2
133790,2018,10,0
133790,2018,11,0
134319,2018,4,3
135515,2018,5,1
136090,2018,1,0
137194,2018,1,2
138347,2018,9,2
134361,2018,3,2
136620,2018,4,3
134361,2018,6,1
134361,2018,11,2
134895,2018,5,3
137819,2018,7,0
134895,2018,8,2
134895,2018,9,2
134895,2018,11,2
134896,2018,8,2
136045,2018,1,2
136045,2018,2,2
136045,2018,3,2
136045,2018,8,2
134943,2018,10,1
135515,2018,7,1
136045,2018,10,2
137241,2018,10,0
136090,2018,3,0
136620,2018,2,2
136620,2018,9,2
136621,2018,4,2
136621,2018,9,2
137241,2018,8,0
137819,2018,8,0
138348,2018,6,3
138349,2018,2,3
138349,2018,8,2
138349,2018,11,2
138922,2018,8,3
138924,2018,3,3
138348,2018,7,2
138922,2018,1,2
138349,2018,7,2
138349,2018,10,2
138922,2018,11,2
144732,2018,9,2
151077,2018,1,1
151077,2018,4,0
148770,2018,5,3
149922,2018,3,1
151077,2018,7,0
133786,2018,5,1
134319,2018,11,2
134361,2018,4,2
134361,2018,7,1
134895,2018,4,3
134896,2018,1,3
134896,2018,3,2
134896,2018,5,3
134896,2018,7,2
134896,2018,10,2
137241,2018,1,0
134943,2018,3,1
134943,2018,8,1
134943,2018,9,1
136045,2018,12,2
135515,2018,4,2
135515,2018,8,1
136090,2018,8,0
136090,2018,2,0
136621,2018,1,2
136621,2018,2,2
136621,2018,12,2
137194,2018,11,2
137241,2018,2,0
138346,2018,8,3
138347,2018,2,3
137243,2018,3,1
137243,2018,4,1
137819,2018,6,0
138349,2018,6,3
138922,2018,12,2
138924,2018,2,3
138924,2018,7,2
138924,2018,10,3
144732,2018,2,4
144732,2018,4,3
148770,2018,4,4
151077,2018,9,0
148770,2018,10,4
148770,2018,12,3
151077,2018,12,0
149346,2018,5,1
149346,2018,11,2
149346,2018,12,2
149922,2018,9,0
151077,2018,6,0
133787,2019,2,2
133790,2019,9,0
133790,2019,11,0
134319,2019,10,2
134319,2019,12,3
137194,2019,6,3
137243,2019,2,1
136620,2019,6,3
136620,2019,9,2
134895,2019,5,3
137819,2019,8,0
134895,2019,11,3
134896,2019,4,3
134896,2019,8,2
134943,2019,1,1
136045,2019,2,2
134943,2019,3,1
137241,2019,12,0
136090,2019,9,0
136620,2019,12,2
136621,2019,2,2
138347,2019,12,2
138348,2019,1,3
138348,2019,3,3
138348,2019,4,3
138348,2019,10,3
138349,2019,2,3
138922,2019,9,3
138922,2019,10,3
138348,2019,5,3
138348,2019,6,3
144732,2019,1,4
144732,2019,12,4
148770,2019,4,4
151077,2019,7,0
151077,2019,12,0
149346,2019,2,3
149346,2019,5,1
149346,2019,6,1
149346,2019,7,1
149922,2019,11,1
151077,2019,6,0
133787,2019,7,1
133787,2019,10,2
133790,2019,1,0
133790,2019,5,0
133790,2019,10,0
134319,2019,5,3
135515,2019,4,2
136090,2019,10,0
136090,2019,11,0
136090,2019,12,0
137194,2019,8,2
138347,2019,2,3
134361,2019,8,1
134895,2019,9,2
134895,2019,12,3
134896,2019,7,2
137241,2019,1,0
134943,2019,2,1
137241,2019,3,0
137241,2019,5,0
134943,2019,10,1
134943,2019,11,1
136045,2019,8,2
136620,2019,4,3
136620,2019,10,2
137194,2019,2,2
137194,2019,12,2
138347,2019,1,3
137243,2019,8,0
137819,2019,11,0
138348,2019,9,3
138349,2019,1,2
138922,2019,4,3
138348,2019,2,3
138922,2019,6,3
138922,2019,8,3
138924,2019,10,3
151077,2019,10,0
149922,2019,3,1
151077,2019,8,0
133786,2019,2,1
133787,2019,9,2
133787,2019,12,2
133790,2019,12,0
134319,2019,11,3
135515,2019,2,2
135515,2019,12,2
136090,2019,3,0
138347,2019,11,3
136620,2019,1,2
134361,2019,10,2
134895,2019,1,2
134895,2019,7,2
134896,2019,12,3
136045,2019,3,2
137241,2019,11,0
136621,2019,1,2
137194,2019,3,2
137194,2019,7,3
138347,2019,8,3
137819,2019,3,0
137819,2019,12,0
138346,2019,1,3
138347,2019,7,3
138348,2019,7,3
138348,2019,12,3
138922,2019,2,3
138922,2019,3,2
138922,2019,12,2
138924,2019,1,3
138924,2019,2,3
138924,2019,8,2
144732,2019,8,2
148770,2019,2,5
148770,2019,11,3
149346,2019,12,2
149922,2019,1,2
149922,2019,7,0
149922,2019,9,0
149922,2019,10,1
149922,2019,12,1
151077,2019,2,1
133787,2019,1,2
134319,2019,2,3
133786,2019,8,1
133790,2019,2,0
133790,2019,4,0
134319,2019,4,3
135515,2019,3,2
136090,2019,2,0
136090,2019,4,0
137243,2019,4,1
136620,2019,2,2
134361,2019,5,1
134361,2019,7,1
134361,2019,9,2
134895,2019,8,2
134895,2019,10,2
134896,2019,2,3
134896,2019,3,3
134896,2019,10,2
137241,2019,10,0
136090,2019,5,0
136620,2019,3,2
136620,2019,11,2
136621,2019,5,2
137194,2019,1,2
137194,2019,4,3
137194,2019,5,3
137243,2019,9,0
137819,2019,10,0
138347,2019,3,3
138924,2019,7,3
144732,2019,7,2
144732,2019,9,2
149346,2019,11,2
149922,2019,4,1
133787,2019,4,2
133786,2019,6,1
133790,2019,8,0
134319,2019,1,2
134319,2019,7,2
135515,2019,1,2
135515,2019,7,1
135515,2019,8,1
137243,2019,5,0
137243,2019,12,1
138347,2019,9,3
134361,2019,2,2
134361,2019,11,2
134895,2019,2,3
137819,2019,2,0
137819,2019,6,0
134896,2019,1,2
138346,2019,3,2
134943,2019,4,1
136045,2019,4,3
134943,2019,7,1
135515,2019,9,1
138346,2019,6,3
137241,2019,8,0
136090,2019,7,0
136620,2019,7,3
136621,2019,9,2
137194,2019,9,2
137243,2019,1,0
138347,2019,6,3
137819,2019,5,0
138346,2019,7,3
138347,2019,4,3
138349,2019,10,3
138349,2019,12,2
144732,2019,3,4
138922,2019,5,3
138924,2019,4,3
144732,2019,4,3
144732,2019,5,3
148770,2019,3,4
151077,2019,3,1
148770,2019,6,3
149922,2019,8,0
133786,2019,3,1
133787,2019,3,2
133786,2019,4,1
133787,2019,5,2
133787,2019,6,2
133787,2019,8,1
133786,2019,9,1
133786,2019,12,2
133790,2019,3,0
133790,2019,6,0
134319,2019,6,3
135515,2019,6,1
135515,2019,10,2
135515,2019,11,1
136090,2019,8,0
137243,2019,7,0
137243,2019,11,0
138347,2019,10,3
134361,2019,4,2
134361,2019,6,2
134895,2019,3,3
134895,2019,6,3
136045,2019,1,2
138346,2019,5,3
134943,2019,8,1
134943,2019,9,1
136045,2019,9,2
136045,2019,10,2
136621,2019,3,2
136621,2019,4,2
136621,2019,7,2
137819,2019,1,0
137819,2019,4,0
138922,2019,1,2
138349,2019,11,2
138924,2019,6,3
138924,2019,11,2
144732,2019,2,4
144732,2019,10,3
144732,2019,11,3
151077,2019,4,0
148770,2019,7,2
148770,2019,8,3
149346,2019,3,2
149346,2019,4,2
149346,2019,8,1
149922,2019,6,0
151077,2019,1,1
133786,2019,5,1
133786,2019,7,1
133786,2019,11,1
133790,2019,7,0
134319,2019,8,2
134319,2019,9,2
138347,2019,5,3
134361,2019,3,2
134361,2019,12,2
134895,2019,4,3
136045,2019,5,3
134943,2019,6,1
136045,2019,7,3
137241,2019,7,0
137241,2019,9,0
134943,2019,12,1
135515,2019,5,1
136621,2019,6,2
136621,2019,11,2
136621,2019,12,2
137194,2019,10,3
137243,2019,6,0
137819,2019,7,0
137819,2019,9,0
138346,2019,9,3
138348,2019,11,3
138349,2019,4,3
138349,2019,9,3
138922,2019,7,3
138924,2019,5,3
138924,2019,9,3
138348,2019,8,2
144732,2019,6,3
151077,2019,11,0
148770,2019,9,3
149346,2019,1,3
149346,2019,9,2
149346,2019,10,2
149922,2019,5,0
151077,2019,9,0
133786,2019,1,1
133786,2019,10,1
133787,2019,11,2
134319,2019,3,3
136090,2019,6,0
137194,2019,11,2
137243,2019,3,1
137243,2019,10,1
134361,2019,1,2
136620,2019,5,3
136620,2019,8,2
134896,2019,5,3
134896,2019,6,3
134896,2019,9,2
134896,2019,11,2
137241,2019,2,0
138346,2019,2,3
137241,2019,4,0
138346,2019,4,3
134943,2019,5,1
138346,2019,10,3
136045,2019,12,2
138346,2019,12,2
136045,2019,6,3
137241,2019,6,0
138346,2019,8,2
136045,2019,11,2
138346,2019,11,2
136090,2019,1,0
136621,2019,8,2
136621,2019,10,2
138349,2019,3,3
138349,2019,5,3
138349,2019,7,2
138349,2019,6,3
138349,2019,8,2
138922,2019,11,2
138924,2019,3,3
138924,2019,12,3
148770,2019,1,5
148770,2019,5,3
148770,2019,10,3
148770,2019,12,4
149922,2019,2,2
151077,2019,5,0
133787,2020,1,2
133787,2020,2,2
134895,2020,9,2
135515,2020,1,2
136090,2020,1,0
136090,2020,2,0
136090,2020,4,0
136620,2020,7,3
137241,2020,6,0
137819,2020,3,0
134361,2020,2,2
136620,2020,3,2
134361,2020,9,2
134895,2020,1,2
134895,2020,2,3
134896,2020,6,3
134896,2020,8,2
137241,2020,5,0
134943,2020,8,1
136045,2020,8,2
134943,2020,9,1
136090,2020,10,0
136090,2020,12,0
136621,2020,4,2
137194,2020,4,2
137194,2020,5,3
138346,2020,3,3
138347,2020,2,3
138346,2020,1,2
138347,2020,5,3
138347,2020,8,3
138348,2020,7,3
138348,2020,8,3
138922,2020,11,2
138924,2020,5,3
144732,2020,7,2
144732,2020,9,2
149346,2020,4,2
149346,2020,10,2
149922,2020,8,0
151077,2020,11,0
133786,2020,4,1
133787,2020,5,2
133787,2020,7,2
133790,2020,2,0
134319,2020,1,2
134319,2020,6,3
134896,2020,10,2
136045,2020,6,3
136090,2020,5,0
137194,2020,7,3
137243,2020,8,0
137819,2020,4,0
138347,2020,12,3
136620,2020,11,2
134361,2020,12,2
137819,2020,1,0
134896,2020,9,2
134896,2020,11,3
136045,2020,2,2
136045,2020,5,3
137241,2020,8,0
135515,2020,7,1
136090,2020,7,0
136620,2020,9,2
137241,2020,2,0
137241,2020,12,0
138347,2020,1,3
138347,2020,11,3
137819,2020,8,0
138349,2020,3,3
138349,2020,4,3
138349,2020,10,2
138349,2020,11,2
138924,2020,11,3
144732,2020,5,3
138348,2020,1,3
138922,2020,9,2
138922,2020,10,2
138924,2020,7,3
138924,2020,9,2
144732,2020,3,4
148770,2020,6,3
148770,2020,7,3
148770,2020,8,3
149346,2020,1,3
149346,2020,11,2
149922,2020,1,1
151077,2020,7,0
133786,2020,1,1
133790,2020,3,0
133790,2020,8,0
134319,2020,9,2
134319,2020,12,3
134943,2020,6,1
135515,2020,5,1
137819,2020,9,0
138346,2020,6,3
138347,2020,9,2
136620,2020,4,2
134361,2020,11,2
134895,2020,3,3
137819,2020,7,0
137819,2020,10,0
137819,2020,11,0
134896,2020,3,3
134943,2020,3,1
136045,2020,9,2
136045,2020,10,2
137194,2020,1,2
138346,2020,12,3
137243,2020,3,0
137819,2020,5,0
138346,2020,4,2
138349,2020,2,3
138349,2020,6,3
138924,2020,8,3
138349,2020,9,2
138922,2020,7,3
138924,2020,6,3
144732,2020,2,4
144732,2020,10,3
151077,2020,9,0
151077,2020,12,0
148770,2020,3,4
148770,2020,5,3
151077,2020,8,0
148770,2020,9,3
148770,2020,10,3
149346,2020,6,1
149922,2020,9,0
133786,2020,2,2
133786,2020,3,1
133787,2020,3,2
133790,2020,1,0
133790,2020,4,0
133790,2020,11,0
134319,2020,4,3
134319,2020,10,2
137194,2020,9,2
137194,2020,12,2
137243,2020,12,0
138347,2020,6,3
138347,2020,3,3
134361,2020,1,2
136620,2020,1,2
134895,2020,4,3
134895,2020,5,3
136045,2020,3,2
136045,2020,4,2
136620,2020,12,2
137241,2020,7,0
138346,2020,7,3
138347,2020,7,3
138346,2020,11,3
138348,2020,4,3
138922,2020,6,3
138922,2020,12,2
138348,2020,2,3
138348,2020,10,3
144732,2020,4,3
144732,2020,12,3
151077,2020,3,1
151077,2020,4,0
149922,2020,5,0
133786,2020,5,1
133786,2020,7,1
133787,2020,8,1
133786,2020,9,2
133790,2020,9,0
134319,2020,7,2
134319,2020,11,3
135515,2020,4,2
136090,2020,9,0
137243,2020,9,1
136620,2020,2,2
134361,2020,3,2
134361,2020,10,2
134943,2020,1,1
136045,2020,1,2
138346,2020,5,3
136045,2020,7,3
134943,2020,10,1
136090,2020,3,0
135515,2020,10,2
136621,2020,3,2
137241,2020,3,0
137241,2020,10,0
137819,2020,6,0
138348,2020,6,3
138348,2020,9,2
138922,2020,1,2
138924,2020,12,2
138924,2020,4,3
144732,2020,11,4
148770,2020,1,4
151077,2020,5,0
149922,2020,2,2
149922,2020,12,1
133786,2020,8,1
133786,2020,11,2
133787,2020,11,2
133790,2020,5,0
133790,2020,7,0
133790,2020,10,0
136090,2020,8,0
136621,2020,12,2
137243,2020,6,0
134361,2020,5,2
134361,2020,6,2
134361,2020,8,1
134896,2020,4,3
137241,2020,1,0
134943,2020,2,1
137241,2020,9,0
136045,2020,11,2
136620,2020,8,2
136621,2020,1,2
136621,2020,5,2
137194,2020,8,2
137194,2020,11,2
138346,2020,10,2
137243,2020,2,1
137243,2020,4,1
138347,2020,4,3
137243,2020,7,0
137243,2020,10,0
138347,2020,10,2
137243,2020,11,0
137819,2020,12,0
138348,2020,12,3
138349,2020,5,3
138349,2020,12,2
138922,2020,4,2
138924,2020,3,3
144732,2020,8,2
149346,2020,5,2
149346,2020,9,2
149346,2020,12,3
149922,2020,3,1
149922,2020,10,1
133787,2020,6,2
133787,2020,4,2
133787,2020,9,2
133787,2020,10,2
133786,2020,12,1
133787,2020,12,2
134319,2020,8,2
135515,2020,6,1
135515,2020,11,2
136621,2020,7,2
137194,2020,6,3
137243,2020,5,0
136620,2020,10,2
134895,2020,6,3
134895,2020,7,2
134895,2020,12,3
134896,2020,1,2
134896,2020,2,3
134896,2020,7,2
134943,2020,4,1
134943,2020,5,1
137241,2020,11,0
135515,2020,3,2
135515,2020,12,1
136090,2020,11,0
136620,2020,5,3
136621,2020,6,3
136621,2020,8,2
136621,2020,9,2
136621,2020,10,2
136621,2020,11,2
137194,2020,3,2
137194,2020,10,2
138346,2020,2,3
137819,2020,2,0
138348,2020,3,3
138348,2020,5,3
138349,2020,1,2
138349,2020,7,2
138349,2020,8,2
138922,2020,8,3
138924,2020,1,3
138924,2020,2,3
144732,2020,1,4
151077,2020,6,0
148770,2020,11,4
149346,2020,8,1
149922,2020,6,0
149922,2020,11,1
151077,2020,2,1
133786,2020,6,1
134319,2020,2,3
133786,2020,10,1
133790,2020,6,0
133790,2020,12,0
134319,2020,3,3
134319,2020,5,3
134361,2020,7,2
135515,2020,2,2
135515,2020,8,1
135515,2020,9,2
136090,2020,6,0
134361,2020,4,2
134895,2020,8,2
134895,2020,10,2
134895,2020,11,3
134896,2020,5,2
134896,2020,12,3
137241,2020,4,0
134943,2020,7,1
138346,2020,9,2
134943,2020,11,1
134943,2020,12,1
136045,2020,12,2
136620,2020,6,3
136621,2020,2,2
137194,2020,2,2
137243,2020,1,0
138346,2020,8,3
138922,2020,2,2
138922,2020,5,3
138924,2020,10,2
144732,2020,6,2
138348,2020,11,3
138922,2020,3,3
148770,2020,2,4
148770,2020,4,4
148770,2020,12,4
149346,2020,2,3
149346,2020,3,2
149346,2020,7,1
149922,2020,4,1
149922,2020,7,0
151077,2020,1,1
151077,2020,10,0
133787,2021,2,2
133787,2021,3,2
133787,2021,4,2
133786,2021,7,1
133786,2021,8,1
133787,2021,8,2
133790,2021,5,0
133790,2021,7,0
134319,2021,11,2
134895,2021,3,3
134895,2021,5,3
134895,2021,7,2
134895,2021,8,2
134943,2021,4,1
137243,2021,7,0
134361,2021,1,2
134361,2021,4,2
134361,2021,6,2
134896,2021,11,2
135515,2021,1,2
135515,2021,2,2
136090,2021,5,0
136045,2021,6,3
136045,2021,8,2
136090,2021,8,0
135515,2021,11,1
136045,2021,11,2
136090,2021,9,0
136620,2021,1,2
136620,2021,5,3
136620,2021,7,2
136620,2021,10,2
137243,2021,4,1
137194,2021,1,2
137194,2021,2,3
137194,2021,6,3
137243,2021,11,0
137819,2021,1,0
137819,2021,3,0
137819,2021,12,0
138348,2021,1,3
138349,2021,9,2
138922,2021,1,2
138922,2021,4,3
138924,2021,11,2
138349,2021,5,3
144732,2021,1,3
144732,2021,12,3
148770,2021,10,3
151077,2021,3,1
151077,2021,11,0
149922,2021,9,1
151077,2021,7,0
133786,2021,2,1
133786,2021,10,1
133790,2021,3,0
134896,2021,5,3
134896,2021,9,2
134943,2021,2,1
137194,2021,10,2
137241,2021,4,0
137241,2021,9,0
136090,2021,2,0
135515,2021,7,1
135515,2021,9,1
136045,2021,3,3
136620,2021,2,3
136620,2021,3,3
136620,2021,9,2
136620,2021,11,2
137243,2021,3,1
137243,2021,10,0
137819,2021,11,0
138349,2021,1,2
138349,2021,2,3
138924,2021,3,3
138346,2021,4,3
138346,2021,5,3
138922,2021,5,3
138924,2021,5,3
138347,2021,10,3
148770,2021,9,3
148770,2021,11,3
149346,2021,4,2
149346,2021,10,2
149922,2021,6,0
151077,2021,4,0
133786,2021,1,1
133786,2021,6,1
133787,2021,9,1
133790,2021,8,0
134943,2021,10,1
137241,2021,10,0
137241,2021,12,0
134361,2021,2,2
134361,2021,10,1
134895,2021,2,3
134896,2021,10,2
135515,2021,3,2
136090,2021,6,0
136045,2021,10,2
136090,2021,7,0
136621,2021,1,2
136621,2021,6,3
136621,2021,11,2
137194,2021,7,3
137241,2021,8,0
138347,2021,4,3
138348,2021,3,3
138924,2021,1,3
144732,2021,4,3
137819,2021,9,0
138349,2021,8,2
144732,2021,3,4
144732,2021,11,3
148770,2021,5,3
151077,2021,6,0
149922,2021,5,0
149922,2021,11,1
133787,2021,7,1
133790,2021,6,0
134319,2021,6,3
134319,2021,10,2
134895,2021,9,2
137241,2021,5,0
134361,2021,11,2
134896,2021,2,3
134895,2021,11,2
136045,2021,2,2
135515,2021,8,1
136090,2021,10,0
136090,2021,11,0
135515,2021,12,1
136090,2021,12,0
136620,2021,12,2
137194,2021,3,3
137194,2021,11,2
137819,2021,10,0
138347,2021,3,3
138347,2021,6,3
138348,2021,11,2
138924,2021,9,2
137819,2021,8,0
138922,2021,10,2
138347,2021,2,3
138348,2021,5,3
138349,2021,4,3
138922,2021,2,3
138924,2021,2,3
138924,2021,6,3
144732,2021,8,2
144732,2021,10,3
148770,2021,3,4
148770,2021,4,3
149346,2021,7,1
149922,2021,1,1
149922,2021,7,0
151077,2021,2,1
151077,2021,5,0
133787,2021,6,2
133786,2021,9,1
133787,2021,11,2
133790,2021,10,0
133790,2021,11,0
134319,2021,7,2
134319,2021,8,2
134896,2021,4,3
134896,2021,6,3
134896,2021,12,2
134943,2021,1,1
134943,2021,6,1
134943,2021,9,1
137194,2021,5,3
137194,2021,9,2
134361,2021,3,2
134361,2021,9,1
134361,2021,12,2
136045,2021,5,3
135515,2021,6,1
136620,2021,6,3
136621,2021,3,2
136621,2021,8,2
136621,2021,9,2
137241,2021,7,0
137243,2021,2,1
138346,2021,1,3
138347,2021,1,3
138348,2021,2,3
138348,2021,8,2
138349,2021,6,3
138349,2021,12,3
138924,2021,12,3
138922,2021,11,2
138347,2021,5,3
138924,2021,10,3
138347,2021,11,2
138349,2021,10,3
144732,2021,7,2
148770,2021,2,4
148770,2021,12,4
149346,2021,3,3
149346,2021,5,1
149346,2021,6,1
151077,2021,8,0
149346,2021,11,2
149922,2021,2,2
149922,2021,10,0
151077,2021,10,0
133790,2021,2,0
134319,2021,2,3
134319,2021,3,3
133786,2021,11,1
133787,2021,12,2
133790,2021,4,0
134319,2021,9,2
134895,2021,4,3
134895,2021,6,3
134943,2021,7,1
137194,2021,4,3
137194,2021,12,2
134896,2021,1,3
134895,2021,10,2
136090,2021,1,0
135515,2021,4,2
135515,2021,5,2
136045,2021,12,2
136045,2021,7,2
136620,2021,8,2
136621,2021,7,2
136621,2021,12,2
137241,2021,1,0
137241,2021,3,0
137241,2021,6,0
137241,2021,11,0
137241,2021,2,0
137243,2021,9,0
137243,2021,12,0
137819,2021,2,0
137819,2021,4,0
138346,2021,2,3
138347,2021,7,2
138348,2021,7,2
138348,2021,9,2
138349,2021,11,2
138922,2021,7,3
138924,2021,4,3
137819,2021,6,0
138346,2021,3,3
138922,2021,3,3
138346,2021,11,2
138924,2021,8,3
138348,2021,10,3
144732,2021,9,3
148770,2021,6,3
148770,2021,8,2
149922,2021,8,0
151077,2021,1,1
151077,2021,9,0
133787,2021,1,2
133786,2021,4,1
133787,2021,10,2
133786,2021,12,1
134319,2021,4,3
134319,2021,12,3
134896,2021,3,3
134896,2021,7,2
134943,2021,5,1
134943,2021,8,1
134361,2021,5,2
134361,2021,7,1
134361,2021,8,1
136045,2021,1,2
136045,2021,4,3
136090,2021,4,0
136090,2021,3,0
137243,2021,1,0
136621,2021,5,2
137243,2021,5,0
137243,2021,6,0
137194,2021,8,3
138346,2021,6,3
138346,2021,7,3
138347,2021,9,2
138349,2021,7,2
138922,2021,6,3
138924,2021,7,2
137819,2021,7,0
138346,2021,9,2
138922,2021,9,2
138922,2021,12,2
138348,2021,4,3
138922,2021,8,3
144732,2021,2,4
144732,2021,5,3
148770,2021,1,3
148770,2021,7,3
149346,2021,1,2
149346,2021,2,2
149346,2021,8,1
149346,2021,12,3
149922,2021,3,2
149922,2021,4,1
133786,2021,3,1
133786,2021,5,1
133787,2021,5,2
133790,2021,1,0
133790,2021,9,0
133790,2021,12,0
134319,2021,1,3
134319,2021,5,3
134895,2021,12,2
134896,2021,8,2
134943,2021,3,1
134943,2021,12,1
134895,2021,1,3
134943,2021,11,1
135515,2021,10,1
136045,2021,9,2
136620,2021,4,3
136621,2021,2,2
136621,2021,4,3
136621,2021,10,2
137243,2021,8,0
137819,2021,5,0
138346,2021,8,3
138347,2021,12,3
138348,2021,6,3
138349,2021,3,3
138346,2021,10,2
138346,2021,12,2
138347,2021,8,3
138348,2021,12,3
144732,2021,6,3
151077,2021,12,0
149346,2021,9,2
149922,2021,12,1
133787,2022,5,2
133786,2022,10,1
133786,2022,12,1
133787,2022,7,1
133790,2022,1,0
133790,2022,2,0
133790,2022,6,0
133790,2022,7,0
133790,2022,8,0
133790,2022,9,0
134319,2022,6,3
134895,2022,8,2
134896,2022,4,3
134896,2022,6,2
134896,2022,10,2
137194,2022,7,2
137241,2022,7,0
137243,2022,10,0
134361,2022,2,2
134361,2022,7,1
135515,2022,4,2
136045,2022,4,3
136090,2022,5,0
136045,2022,8,2
136045,2022,10,2
136620,2022,3,3
136620,2022,4,3
136620,2022,9,2
136620,2022,10,2
136621,2022,2,2
136621,2022,5,3
136621,2022,7,2
136621,2022,10,2
137194,2022,4,3
137194,2022,5,3
137194,2022,8,2
137243,2022,11,0
138347,2022,1,3
138348,2022,1,3
138348,2022,5,3
138922,2022,1,2
138924,2022,12,2
137819,2022,9,0
138346,2022,11,3
138922,2022,11,3
138348,2022,9,2
138349,2022,9,2
138349,2022,11,3
138922,2022,9,2
138924,2022,2,3
144732,2022,1,4
144732,2022,2,4
148770,2022,3,4
151077,2022,1,1
151077,2022,5,0
149346,2022,6,1
149922,2022,1,2
149922,2022,11,1
133786,2022,5,1
133787,2022,10,2
133790,2022,10,0
134895,2022,7,2
134896,2022,5,3
134896,2022,7,2
137194,2022,6,3
134361,2022,5,2
134361,2022,6,1
135515,2022,9,1
136045,2022,9,2
136045,2022,2,2
136090,2022,2,0
136620,2022,1,2
136620,2022,5,3
136620,2022,6,3
136621,2022,1,2
137243,2022,1,1
136621,2022,8,2
137241,2022,1,0
138348,2022,2,3
138348,2022,4,3
138348,2022,7,2
138922,2022,5,3
138924,2022,4,3
137819,2022,2,0
137819,2022,12,0
138924,2022,7,2
138348,2022,10,2
138349,2022,7,2
144732,2022,12,4
148770,2022,4,4
148770,2022,11,3
151077,2022,2,1
149346,2022,4,2
149346,2022,5,1
151077,2022,9,0
149346,2022,12,3
149922,2022,7,0
151077,2022,4,0
133786,2022,3,2
133787,2022,12,2
133790,2022,3,0
133790,2022,11,0
134895,2022,9,2
134895,2022,10,2
134896,2022,8,2
134896,2022,9,2
134943,2022,11,1
134943,2022,12,1
134943,2022,8,1
135515,2022,2,2
135515,2022,8,1
136045,2022,3,3
136620,2022,11,2
137243,2022,2,0
137243,2022,6,0
136621,2022,9,2
137241,2022,2,0
137241,2022,8,0
137241,2022,12,0
137819,2022,8,0
137819,2022,11,0
138346,2022,4,3
138347,2022,10,2
138922,2022,4,3
137819,2022,5,0
137819,2022,10,0
138346,2022,8,2
138347,2022,8,2
138924,2022,11,3
138349,2022,10,2
138924,2022,1,3
138924,2022,10,2
144732,2022,6,2
148770,2022,2,5
149346,2022,7,1
149922,2022,5,0
149922,2022,12,1
133787,2022,2,2
133786,2022,6,1
133786,2022,7,1
133786,2022,8,1
133787,2022,11,2
134319,2022,1,3
134319,2022,8,2
134319,2022,9,2
134319,2022,11,3
134319,2022,12,2
134896,2022,2,3
134896,2022,3,3
134943,2022,1,1
134943,2022,9,1
134943,2022,10,1
137241,2022,6,0
134361,2022,3,2
134895,2022,11,2
134943,2022,7,1
136045,2022,6,3
136090,2022,10,0
136045,2022,11,2
136620,2022,7,2
136620,2022,12,2
137243,2022,4,1
137243,2022,9,0
136621,2022,12,1
137243,2022,12,0
137819,2022,7,0
138346,2022,3,3
138347,2022,9,2
138349,2022,2,3
138922,2022,3,3
138924,2022,3,3
138924,2022,5,4
138346,2022,7,3
138922,2022,8,2
138348,2022,11,3
144732,2022,3,4
149346,2022,2,3
149346,2022,10,2
149922,2022,3,2
149922,2022,8,0
151077,2022,3,1
151077,2022,8,0
133786,2022,2,1
133787,2022,3,2
133786,2022,4,1
133787,2022,4,2
133786,2022,9,1
134895,2022,1,2
134895,2022,12,2
134896,2022,12,2
134361,2022,8,1
134361,2022,9,2
134361,2022,11,2
134361,2022,12,2
136045,2022,1,2
135515,2022,5,1
136090,2022,7,0
136045,2022,12,2
136090,2022,12,0
136090,2022,8,0
136620,2022,8,2
137243,2022,3,1
136621,2022,4,3
136621,2022,6,2
137241,2022,5,0
137241,2022,9,0
137241,2022,10,0
137194,2022,12,2
138346,2022,2,3
138346,2022,10,2
138346,2022,12,2
138347,2022,5,3
138349,2022,1,2
138349,2022,3,3
138349,2022,8,2
138922,2022,2,3
138349,2022,6,3
144732,2022,7,2
144732,2022,8,2
144732,2022,9,2
148770,2022,1,4
148770,2022,6,3
148770,2022,12,4
149346,2022,11,2
149922,2022,6,0
149922,2022,10,0
151077,2022,6,0
134319,2022,4,3
133790,2022,4,0
133790,2022,5,0
134319,2022,10,2
134895,2022,3,3
134895,2022,5,3
134895,2022,6,3
137194,2022,11,2
137241,2022,11,0
134361,2022,1,2
135515,2022,3,2
136090,2022,4,0
136090,2022,9,0
135515,2022,10,1
135515,2022,11,2
135515,2022,12,1
137194,2022,1,2
137194,2022,2,3
137194,2022,3,3
137241,2022,3,0
137241,2022,4,0
137194,2022,9,2
137194,2022,10,2
138347,2022,2,3
138347,2022,3,3
138348,2022,3,3
138349,2022,12,2
144732,2022,11,3
137819,2022,3,0
138346,2022,6,3
138922,2022,7,3
138924,2022,6,3
138349,2022,4,3
138349,2022,5,3
149346,2022,3,2
151077,2022,10,0
149922,2022,2,2
149922,2022,4,1
151077,2022,7,0
133786,2022,1,2
133787,2022,1,2
133787,2022,6,2
133787,2022,8,1
133787,2022,9,2
133786,2022,11,2
134319,2022,2,3
134319,2022,5,3
134319,2022,7,2
134943,2022,6,1
134361,2022,4,2
135515,2022,1,2
136045,2022,5,3
135515,2022,6,1
136090,2022,6,0
135515,2022,7,1
136045,2022,7,2
136090,2022,3,0
137243,2022,5,0
137243,2022,8,0
138346,2022,1,3
138347,2022,12,2
138348,2022,12,2
138922,2022,12,2
137819,2022,1,0
138922,2022,6,3
138347,2022,6,3
138347,2022,11,3
138348,2022,6,3
138924,2022,9,2
148770,2022,5,3
148770,2022,8,2
148770,2022,10,3
149346,2022,9,1
133790,2022,12,0
134319,2022,3,3
134895,2022,2,3
134895,2022,4,3
134896,2022,1,3
134943,2022,2,1
134943,2022,3,1
134943,2022,4,1
134943,2022,5,1
134361,2022,10,1
134896,2022,11,2
136090,2022,1,0
136090,2022,11,0
136620,2022,2,3
136621,2022,3,2
136621,2022,11,2
137243,2022,7,0
137819,2022,6,0
138346,2022,5,3
138346,2022,9,2
138347,2022,4,3
137819,2022,4,0
138347,2022,7,3
138924,2022,8,2
138348,2022,8,2
138922,2022,10,2
144732,2022,4,4
144732,2022,5,3
144732,2022,10,3
151077,2022,11,0
148770,2022,7,3
148770,2022,9,3
149346,2022,1,3
149346,2022,8,1
151077,2022,12,0
149922,2022,9,0
133787,2023,2,2
133787,2023,10,2
134319,2023,9,2
134895,2023,4,2
134896,2023,8,2
134895,2023,10,2
134896,2023,10,2
136090,2023,1,0
135515,2023,5,2
136090,2023,8,0
136090,2023,9,0
136090,2023,11,0
136620,2023,9,2
136620,2023,12,2
137241,2023,4,0
137241,2023,5,0
137819,2023,8,0
138346,2023,3,3
138347,2023,6,3
138348,2023,4,3
138348,2023,12,2
138349,2023,2,3
138349,2023,8,2
138349,2023,9,2
138349,2023,11,2
138922,2023,4,2
137819,2023,5,0
138347,2023,2,3
138924,2023,9,3
138349,2023,7,3
151077,2023,1,1
149346,2023,3,2
149922,2023,6,0
149922,2023,10,0
149922,2023,11,1
134319,2023,2,4
133787,2023,6,2
133787,2023,11,2
133786,2023,12,1
133790,2023,1,0
133790,2023,4,0
133790,2023,6,0
133790,2023,9,0
134319,2023,6,3
134319,2023,7,2
134895,2023,6,3
134896,2023,5,3
134943,2023,9,1
134943,2023,10,1
136090,2023,7,0
134361,2023,7,1
134361,2023,8,1
134895,2023,1,3
135515,2023,1,2
136045,2023,2,3
135515,2023,6,1
136090,2023,6,0
135515,2023,8,1
136620,2023,4,3
137194,2023,5,3
137194,2023,6,3
137243,2023,3,1
138346,2023,1,3
138346,2023,5,3
138347,2023,3,3
138348,2023,8,3
138922,2023,12,2
144732,2023,2,4
138347,2023,1,3
138924,2023,3,3
138924,2023,4,3
144732,2023,3,4
148770,2023,4,3
151077,2023,4,0
149346,2023,12,2
149922,2023,5,0
133786,2023,2,2
133787,2023,4,2
133786,2023,5,1
133786,2023,7,1
133786,2023,11,1
133787,2023,12,2
133790,2023,8,0
134895,2023,5,3
134895,2023,7,2
134943,2023,6,1
134361,2023,2,2
134361,2023,5,2
134361,2023,6,2
134361,2023,10,2
134361,2023,11,2
137194,2023,9,2
137241,2023,10,0
136620,2023,1,2
136620,2023,2,3
136620,2023,3,2
136620,2023,6,3
136621,2023,1,2
137243,2023,1,0
136621,2023,8,2
136621,2023,12,2
137241,2023,1,0
137243,2023,4,1
138346,2023,6,3
138347,2023,4,3
138347,2023,8,3
138348,2023,2,4
138922,2023,6,3
138922,2023,8,2
138348,2023,10,3
137819,2023,1,0
138922,2023,9,2
138922,2023,10,2
138347,2023,12,2
138349,2023,6,3
151077,2023,8,0
148770,2023,10,3
151077,2023,3,1
151077,2023,5,0
149346,2023,6,1
151077,2023,12,0
149922,2023,1,1
151077,2023,11,0
133787,2023,1,2
133787,2023,5,2
133787,2023,7,1
133787,2023,8,2
133790,2023,2,0
133790,2023,11,0
134319,2023,8,2
134319,2023,10,2
134896,2023,6,3
134943,2023,3,1
134361,2023,1,2
134361,2023,4,2
134895,2023,2,3
136045,2023,1,2
135515,2023,2,2
136090,2023,3,0
136045,2023,4,2
135515,2023,11,1
135515,2023,12,2
136090,2023,12,0
137194,2023,10,2
137243,2023,2,0
136620,2023,7,3
136620,2023,10,2
136621,2023,2,3
136621,2023,3,2
137194,2023,2,3
137194,2023,8,2
137194,2023,11,2
137243,2023,6,0
137819,2023,11,0
138346,2023,2,3
138346,2023,11,2
138346,2023,12,2
138349,2023,3,3
138922,2023,7,3
138924,2023,5,3
138924,2023,7,3
137243,2023,10,0
138346,2023,10,2
138347,2023,9,2
138922,2023,2,3
144732,2023,5,3
144732,2023,8,2
144732,2023,9,2
148770,2023,3,4
149346,2023,7,1
149922,2023,3,2
149922,2023,9,0
133787,2023,9,2
133790,2023,12,0
134319,2023,4,3
134943,2023,1,1
134943,2023,5,1
134896,2023,2,3
134896,2023,9,2
135515,2023,3,2
135515,2023,4,2
136090,2023,5,0
136045,2023,9,2
135515,2023,10,1
137241,2023,9,0
136620,2023,8,3
136620,2023,11,2
136621,2023,7,3
137241,2023,2,0
137194,2023,7,3
137243,2023,7,0
137819,2023,2,0
137819,2023,9,0
138348,2023,1,3
138348,2023,5,3
138349,2023,12,2
138922,2023,3,3
137819,2023,3,0
137819,2023,7,0
138924,2023,10,2
144732,2023,1,3
148770,2023,6,3
149346,2023,1,2
151077,2023,2,1
149922,2023,8,0
133787,2023,3,2
133786,2023,4,1
133786,2023,6,1
133790,2023,5,0
134319,2023,3,3
134319,2023,5,3
134319,2023,11,2
134319,2023,12,2
134896,2023,3,3
134896,2023,11,2
134943,2023,7,1
134943,2023,8,1
134361,2023,3,2
134361,2023,9,1
134895,2023,8,2
134943,2023,2,1
136090,2023,2,0
136045,2023,3,2
136090,2023,4,0
136045,2023,5,3
136045,2023,7,3
136045,2023,12,2
136045,2023,10,2
136621,2023,4,2
136621,2023,6,2
137194,2023,3,2
137194,2023,12,2
138346,2023,7,3
138347,2023,5,3
138349,2023,10,2
138922,2023,11,2
137819,2023,4,0
137819,2023,6,0
138924,2023,1,3
138924,2023,2,4
138924,2023,12,2
144732,2023,4,3
144732,2023,12,3
148770,2023,2,5
148770,2023,9,2
148770,2023,12,3
149346,2023,5,1
151077,2023,7,0
149346,2023,11,2
149922,2023,2,2
149922,2023,7,0
149922,2023,12,1
151077,2023,9,0
151077,2023,10,0
133786,2023,1,1
133786,2023,9,1
133790,2023,3,0
133790,2023,7,0
133790,2023,10,0
134895,2023,3,3
134895,2023,11,2
134896,2023,4,2
134896,2023,12,2
134943,2023,4,1
134943,2023,11,1
134943,2023,12,1
134361,2023,12,2
134896,2023,1,3
136045,2023,6,3
136045,2023,8,2
135515,2023,9,1
136621,2023,9,2
136621,2023,10,2
136621,2023,11,2
137194,2023,1,2
137241,2023,7,0
137241,2023,11,0
137243,2023,9,0
137243,2023,12,0
137819,2023,10,0
138346,2023,4,3
138348,2023,6,3
138348,2023,11,3
138924,2023,6,3
138924,2023,11,2
144732,2023,11,3
148770,2023,1,3
148770,2023,5,2
148770,2023,11,3
149346,2023,2,3
149346,2023,4,2
151077,2023,6,0
149346,2023,8,1
149346,2023,9,1
133786,2023,3,2
133786,2023,8,1
133786,2023,10,1
134319,2023,1,3
134895,2023,12,2
134896,2023,7,2
134895,2023,9,2
135515,2023,7,1
136045,2023,11,2
136090,2023,10,0
136620,2023,5,3
136621,2023,5,2
137241,2023,3,0
137194,2023,4,2
137241,2023,6,0
137241,2023,8,0
137241,2023,12,0
137243,2023,5,0
137243,2023,8,0
137243,2023,11,0
138346,2023,8,2
138347,2023,7,3
138347,2023,11,3
138348,2023,3,3
138348,2023,7,3
138348,2023,9,3
138349,2023,4,3
138922,2023,1,3
138922,2023,5,3
138924,2023,8,2
137819,2023,12,0
138346,2023,9,2
138347,2023,10,2
138349,2023,1,3
138349,2023,5,3
144732,2023,6,2
144732,2023,7,2
144732,2023,10,3
148770,2023,7,2
148770,2023,8,3
149346,2023,10,2
149922,2023,4,1
133786,2024,1,2
133786,2024,2,1
134319,2024,2,3
133786,2024,4,1
133786,2024,6,1
133787,2024,6,2
133786,2024,7,1
133787,2024,8,2
133786,2024,11,1
133790,2024,6,0
134319,2024,10,2
134896,2024,2,2
134943,2024,8,1
134361,2024,2,2
134361,2024,12,2
134896,2024,8,1
136090,2024,2,0
136045,2024,6,3
135515,2024,8,1
135515,2024,11,1
136045,2024,11,2
136090,2024,12,0
136620,2024,3,2
136620,2024,9,2
136621,2024,1,2
136621,2024,9,2
137241,2024,5,0
137241,2024,8,0
137819,2024,6,0
138346,2024,3,2
138346,2024,9,2
138347,2024,5,3
138347,2024,11,2
138348,2024,2,3
138349,2024,5,3
138922,2024,9,2
138347,2024,8,3
138348,2024,12,2
138349,2024,3,3
144732,2024,4,4
144732,2024,6,2
148770,2024,10,3
148770,2024,11,4
149346,2024,2,3
149346,2024,11,2
133787,2024,2,2
133787,2024,10,2
133786,2024,12,1
133790,2024,1,0
133790,2024,10,0
134319,2024,7,2
134895,2024,1,2
134896,2024,5,2
134943,2024,2,1
134361,2024,6,2
134361,2024,9,2
134895,2024,8,2
134896,2024,10,2
136045,2024,7,3
136045,2024,12,2
136090,2024,5,0
136090,2024,7,0
136620,2024,5,3
136620,2024,7,3
136620,2024,11,2
137243,2024,5,0
136621,2024,6,2
137194,2024,8,3
137194,2024,11,2
137241,2024,9,0
137819,2024,4,0
138346,2024,5,3
138346,2024,11,2
138347,2024,3,3
138347,2024,12,2
138348,2024,6,3
138349,2024,8,2
138922,2024,7,3
138924,2024,2,3
138924,2024,7,2
138924,2024,8,2
138349,2024,2,3
144732,2024,11,3
148770,2024,8,2
148770,2024,9,2
151077,2024,1,1
151077,2024,6,0
149346,2024,8,1
149922,2024,1,2
151077,2024,8,0
133786,2024,5,1
133787,2024,5,2
133786,2024,10,1
133787,2024,11,2
133787,2024,12,2
134319,2024,11,2
134895,2024,2,2
134895,2024,4,3
136090,2024,3,0
136045,2024,9,2
135515,2024,10,1
137194,2024,4,3
137241,2024,4,0
137243,2024,8,0
136620,2024,1,2
136620,2024,8,2
136620,2024,10,2
136621,2024,11,2
137194,2024,3,2
137194,2024,7,3
138348,2024,7,3
138349,2024,11,2
138922,2024,3,3
138922,2024,6,3
138922,2024,8,3
138924,2024,6,3
138924,2024,11,2
138346,2024,4,3
138922,2024,4,3
138346,2024,12,2
138347,2024,4,3
138347,2024,10,2
138349,2024,4,3
144732,2024,2,3
148770,2024,12,4
149346,2024,1,3
149346,2024,10,2
151077,2024,11,0
149922,2024,5,0
149922,2024,7,0
133786,2024,8,1
133786,2024,9,1
133790,2024,3,0
134896,2024,1,2
134896,2024,3,3
134943,2024,5,1
134361,2024,1,2
134361,2024,5,2
134895,2024,10,2
135515,2024,3,2
135515,2024,6,1
137194,2024,10,2
136621,2024,3,2
136621,2024,12,2
137194,2024,1,2
137819,2024,9,0
138347,2024,1,2
138348,2024,4,3
138348,2024,9,3
138922,2024,5,3
137819,2024,1,0
137819,2024,11,0
138346,2024,2,2
138924,2024,9,2
138349,2024,12,2
144732,2024,3,4
148770,2024,1,4
149346,2024,4,2
149346,2024,6,1
149922,2024,4,1
149922,2024,12,1
151077,2024,4,0
151077,2024,10,0
133786,2024,3,1
133790,2024,2,0
133790,2024,5,0
133790,2024,9,0
134319,2024,4,3
134895,2024,3,3
134943,2024,7,1
134361,2024,4,2
134361,2024,11,2
134895,2024,7,2
135515,2024,7,1
136045,2024,10,2
136090,2024,6,0
136090,2024,8,0
136090,2024,11,0
137241,2024,2,0
137241,2024,12,0
136620,2024,2,2
136620,2024,4,2
136621,2024,2,2
136621,2024,7,2
137243,2024,7,0
136621,2024,10,2
137241,2024,3,0
137194,2024,6,3
137241,2024,10,0
137243,2024,4,1
137819,2024,8,0
138347,2024,2,3
138348,2024,1,2
138348,2024,5,3
138348,2024,11,3
138349,2024,9,2
138922,2024,10,2
138924,2024,5,3
137819,2024,3,0
144732,2024,8,2
151077,2024,12,0
149346,2024,5,1
149346,2024,7,1
149346,2024,12,2
149922,2024,6,0
149922,2024,8,0
149922,2024,9,0
133787,2024,1,2
133787,2024,3,2
133787,2024,7,1
133790,2024,4,0
133790,2024,8,0
133790,2024,11,0
133790,2024,12,0
134319,2024,3,3
134319,2024,5,3
134895,2024,11,2
134896,2024,6,2
134896,2024,12,2
134943,2024,1,1
134943,2024,9,1
134943,2024,10,1
134943,2024,11,1
135515,2024,2,2
136045,2024,2,2
136045,2024,8,2
135515,2024,9,2
135515,2024,12,2
137243,2024,3,1
137243,2024,6,0
136621,2024,8,2
137241,2024,1,0
137241,2024,6,0
137243,2024,11,0
137819,2024,2,0
137819,2024,5,0
137819,2024,10,0
138346,2024,7,3
138347,2024,6,3
138347,2024,7,3
138348,2024,8,2
138349,2024,1,2
138349,2024,7,2
138349,2024,10,2
138922,2024,11,2
138922,2024,2,2
138922,2024,12,2
138924,2024,3,3
144732,2024,12,4
148770,2024,3,4
148770,2024,7,2
149922,2024,2,2
151077,2024,2,1
151077,2024,7,0
134319,2024,6,3
134319,2024,9,3
134895,2024,5,3
134895,2024,12,2
134943,2024,6,1
136090,2024,4,0
134361,2024,7,1
134361,2024,8,2
134361,2024,10,2
134896,2024,4,3
134896,2024,7,2
134896,2024,9,2
135515,2024,1,2
136045,2024,1,2
136090,2024,1,0
136045,2024,3,2
136045,2024,4,2
135515,2024,5,1
136090,2024,9,0
137194,2024,12,2
136620,2024,6,3
137243,2024,1,1
136621,2024,4,2
136621,2024,5,2
137194,2024,5,3
137241,2024,7,0
137241,2024,11,0
137243,2024,9,1
137819,2024,7,0
137819,2024,12,0
138346,2024,1,2
138346,2024,10,2
138349,2024,6,3
138922,2024,1,2
138924,2024,12,2
144732,2024,1,4
138347,2024,9,3
138924,2024,1,2
144732,2024,9,2
148770,2024,4,4
148770,2024,5,3
148770,2024,6,3
151077,2024,3,1
149346,2024,9,1
149922,2024,10,1
151077,2024,9,0
133787,2024,4,2
133787,2024,9,2
133790,2024,7,0
134319,2024,1,2
134319,2024,8,2
134319,2024,12,2
134895,2024,6,3
134896,2024,11,2
134943,2024,3,1
134943,2024,4,1
134943,2024,12,1
134361,2024,3,2
134895,2024,9,3
135515,2024,4,2
136045,2024,5,3
136090,2024,10,0
137194,2024,2,2
137194,2024,9,2
136620,2024,12,2
137243,2024,2,1
137243,2024,10,0
137243,2024,12,0
138346,2024,6,3
138346,2024,8,3
138348,2024,3,3
138348,2024,10,2
138924,2024,4,3
138924,2024,10,2
144732,2024,5,2
144732,2024,7,2
144732,2024,10,2
148770,2024,2,4
149346,2024,3,3
151077,2024,5,0
149922,2024,3,2
149922,2024,11,1