MERRA_ID,YEAR,MONTH,CLOUD_COVER_AVG,SHORTWAVE_SURFACE_AVG
133790,2014,1,0.54,2992.9
133787,2014,4,0.52,5689.7
133787,2014,5,0.48,6324.9
133786,2014,7,0.56,6168.2
133787,2014,12,0.49,3041.7
133790,2014,2,0.49,4132.5
134319,2014,1,0.36,3921.9
134319,2014,5,0.25,8422.9
134895,2014,1,0.36,3885.3
133790,2014,5,0.48,6342.5
134895,2014,5,0.25,8419.6
134895,2014,8,0.38,6255
134361,2014,4,0.54,5619.9
134943,2014,3,0.49,4972.7
134943,2014,9,0.69,4182.4
135515,2014,4,0.54,5660.2
137194,2014,1,0.41,3518.8
138346,2014,1,0.4,3428.7
138347,2014,1,0.4,3439
136620,2014,8,0.21,7109.2
137241,2014,2,0.62,3732.6
138924,2014,6,0.18,8990.4
136045,2014,8,0.22,7019.5
138348,2014,12,0.57,2710.4
138346,2014,11,0.25,3947
138346,2014,12,0.53,2710
138349,2014,8,0.3,6659.2
138924,2014,10,0.28,4886.1
136045,2014,10,0.24,5006.1
136045,2014,11,0.19,4108.9
136090,2014,10,0.27,4782.8
137819,2014,5,0.5,6564.9
138922,2014,7,0.45,6976.3
151077,2014,7,0.43,6251
137819,2014,10,0.33,4429
148770,2014,2,0.65,2562.9
138922,2014,10,0.25,4919.9
149346,2014,1,0.76,1469.8
149922,2014,7,0.44,6440.1
151077,2014,11,0.7,1357.1
148770,2014,4,0.58,4890
148770,2014,10,0.48,3075.6
149346,2014,8,0.45,5810.7
149346,2014,12,0.69,1139.4
133787,2014,1,0.5,3109.8
133786,2014,5,0.48,6373.9
133790,2014,3,0.5,5158.2
134319,2014,6,0.16,8750.3
134361,2014,1,0.45,3264
134895,2014,12,0.48,3143.9
134896,2014,7,0.63,5780.8
136620,2014,2,0.44,4461.1
136621,2014,8,0.22,7078.8
137243,2014,2,0.61,3808
136045,2014,1,0.39,3665.7
136620,2014,6,0.19,8660
137243,2014,6,0.62,6048.5
134943,2014,10,0.27,5064.9
138346,2014,2,0.41,4512.4
135515,2014,10,0.26,4931.5
138347,2014,5,0.3,8214.2
138346,2014,6,0.17,8787.6
144732,2014,3,0.56,4302.9
144732,2014,7,0.36,6860.6
144732,2014,8,0.49,6118
138347,2014,8,0.28,6704.3
138349,2014,9,0.16,6104.8
138922,2014,1,0.39,3370
151077,2014,3,0.67,3661
138924,2014,11,0.26,3907
138922,2014,3,0.38,5869
138349,2014,11,0.24,3973
151077,2014,6,0.56,6662.7
137194,2014,11,0.22,4032
137194,2014,12,0.51,2763.2
148770,2014,6,0.55,6572.9
148770,2014,8,0.43,5882
149346,2014,7,0.42,6517.3
149346,2014,9,0.4,4588.2
133786,2014,3,0.5,5051.1
133787,2014,10,0.27,5116.6
133790,2014,4,0.5,5905.6
134319,2014,2,0.46,4746.1
134895,2014,9,0.24,5942
134895,2014,11,0.19,4270.3
133790,2014,11,0.4,3637.4
134896,2014,1,0.36,3927.2
134361,2014,7,0.53,6391
134943,2014,2,0.57,3921.5
136621,2014,3,0.36,5917.5
137243,2014,1,0.4,3110.1
137243,2014,3,0.5,4739.1
134943,2014,6,0.6,6486
136620,2014,5,0.26,8098.2
135515,2014,6,0.6,5905.6
136090,2014,2,0.61,3728.5
136090,2014,4,0.56,5595.5
138349,2014,1,0.37,3567.9
136620,2014,9,0.1,6321
136620,2014,12,0.49,2891
137241,2014,4,0.56,5718.4
137241,2014,5,0.48,6351.5
138924,2014,7,0.55,6278
137243,2014,9,0.44,5440.5
137243,2014,10,0.31,4521.1
137243,2014,11,0.36,3423.7
137194,2014,2,0.44,4540.1
144732,2014,9,0.32,5516.6
137241,2014,6,0.62,5677.5
137241,2014,8,0.54,6510.7
138347,2014,9,0.11,6251.7
138347,2014,10,0.28,4845.4
138347,2014,11,0.25,3962.4
138922,2014,2,0.42,4436.3
137819,2014,7,0.51,6870.8
149922,2014,2,0.7,2176.2
149922,2014,3,0.59,3707.7
149346,2014,5,0.6,5857.3
149922,2014,10,0.51,2690.6
133786,2014,1,0.5,3146.9
133786,2014,6,0.6,5404.3
133787,2014,7,0.55,6138.9
134319,2014,4,0.3,7547.9
134319,2014,10,0.25,5363.8
134895,2014,6,0.16,8749.1
133790,2014,9,0.65,4485.6
134361,2014,3,0.51,5049.7
134361,2014,5,0.48,6408.9
134361,2014,9,0.51,5194.8
134896,2014,10,0.25,5309.5
136620,2014,1,0.4,3641.5
136621,2014,5,0.26,8208.4
134361,2014,12,0.47,2992.9
136621,2014,10,0.23,4956.6
134896,2014,12,0.49,3219.6
135515,2014,5,0.47,6300.1
138347,2014,3,0.38,6031.6
136620,2014,10,0.24,4933.9
138924,2014,4,0.38,7077.1
136045,2014,6,0.18,8656.7
138347,2014,6,0.19,8871.5
138348,2014,8,0.3,6655.7
138348,2014,10,0.28,4861.7
144732,2014,6,0.57,6416.4
151077,2014,1,0.76,1407
144732,2014,11,0.6,2350.6
137241,2014,7,0.51,6787.2
138346,2014,7,0.43,7137.3
138346,2014,8,0.26,6812.4
138346,2014,9,0.07,6379.8
151077,2014,5,0.6,5689.3
136090,2014,12,0.51,2739.3
137194,2014,7,0.42,7432.6
137194,2014,9,0.05,6425.4
137194,2014,10,0.26,4826.1
149922,2014,1,0.76,1335.7
151077,2014,8,0.46,5501.5
151077,2014,9,0.46,4275.6
137819,2014,11,0.36,3459.5
149922,2014,4,0.62,4619.3
151077,2014,10,0.56,2607.4
137819,2014,12,0.53,2460.4
133786,2014,9,0.54,4951.8
133787,2014,9,0.57,4868.5
134319,2014,9,0.3,5853.6
134895,2014,2,0.47,4696.3
133790,2014,12,0.5,2994.8
134896,2014,3,0.33,6273.3
134896,2014,5,0.27,8395.1
138924,2014,3,0.39,5984.5
134943,2014,8,0.64,5768.9
134943,2014,11,0.4,3485.9
135515,2014,7,0.51,6383.9
138348,2014,1,0.4,3489.2
138348,2014,2,0.45,4489.3
138348,2014,4,0.36,7170.2
136620,2014,11,0.2,4072.2
137241,2014,3,0.53,4685.8
138346,2014,4,0.33,7219.1
138349,2014,2,0.43,4545
134943,2014,12,0.49,2905.7
135515,2014,9,0.51,5142.5
136090,2014,9,0.48,5266.6
138348,2014,6,0.19,8932.7
138347,2014,7,0.49,6791.4
138348,2014,7,0.54,6523
138348,2014,9,0.16,6117.2
138346,2014,10,0.26,4855.9
138922,2014,5,0.3,8277.7
138924,2014,9,0.15,6154.8
135515,2014,12,0.49,2826.6
137241,2014,9,0.42,5427.3
137819,2014,4,0.59,5653.5
137819,2014,6,0.63,6168.8
138349,2014,12,0.54,2790.2
138924,2014,12,0.56,2690.7
148770,2014,3,0.55,3965.8
149922,2014,5,0.62,5777.7
151077,2014,12,0.66,1213.5
148770,2014,7,0.4,6666.9
148770,2014,11,0.64,1609.4
148770,2014,12,0.69,1208.3
149922,2014,8,0.46,5743.2
133786,2014,4,0.53,5656.2
133787,2014,6,0.58,5500.2
133786,2014,8,0.67,5217.5
133787,2014,8,0.66,5304.7
133786,2014,12,0.49,3041.6
134319,2014,8,0.44,5890.5
133790,2014,7,0.58,5996.9
134895,2014,4,0.29,7530.7
134361,2014,2,0.55,3843.3
134896,2014,4,0.3,7548.5
134361,2014,10,0.26,5100.6
136621,2014,2,0.46,4416.6
134896,2014,8,0.43,6099
134943,2014,5,0.48,6346.1
135515,2014,3,0.51,4841.2
136090,2014,1,0.41,3151.3
136621,2014,9,0.12,6251.5
138924,2014,2,0.45,4450
136045,2014,3,0.35,6001
136045,2014,5,0.25,8259.2
136090,2014,5,0.48,6343.2
138346,2014,3,0.37,5964.8
137243,2014,8,0.56,6513.5
136045,2014,7,0.51,7088.7
136045,2014,9,0.12,6323
136090,2014,7,0.52,6583.5
138348,2014,5,0.3,8192.9
138348,2014,11,0.25,3960.9
144732,2014,2,0.62,3016.3
138349,2014,6,0.17,8985.5
138922,2014,4,0.35,7157.7
137241,2014,10,0.35,4518.9
138922,2014,8,0.26,6849.2
137819,2014,8,0.54,6591.6
148770,2014,1,0.72,1612.5
138922,2014,11,0.26,3883.2
149346,2014,3,0.57,3914.6
149922,2014,9,0.41,4498.9
149922,2014,11,0.72,1246.4
133786,2014,2,0.51,4150.2
133787,2014,3,0.5,5119.3
134319,2014,3,0.33,6386.9
134319,2014,11,0.2,4371.1
133790,2014,6,0.6,6084.6
133790,2014,8,0.61,5560.2
134319,2014,12,0.48,3251.3
133790,2014,10,0.27,5146.4
134896,2014,6,0.17,8785.1
134361,2014,6,0.61,5329.8
136621,2014,4,0.28,7360.8
134896,2014,9,0.29,5709.7
136621,2014,7,0.5,7293.3
134361,2014,11,0.39,3587.3
134943,2014,4,0.5,5863.9
134943,2014,7,0.59,5928
135515,2014,1,0.43,3253.7
135515,2014,2,0.59,3723.7
136621,2014,11,0.2,4039.6
136621,2014,12,0.49,2862
136620,2014,4,0.27,7391.9
137243,2014,4,0.58,5520.6
137243,2014,5,0.48,6450.9
137243,2014,7,0.5,6873
136045,2014,4,0.28,7430.1
138348,2014,3,0.38,6059.8
137241,2014,1,0.43,3096.1
138347,2014,4,0.35,7199.5
138924,2014,5,0.31,8209.4
135515,2014,8,0.64,5914.7
135515,2014,11,0.39,3482.7
137194,2014,3,0.38,5978.6
137194,2014,6,0.19,8641.5
137819,2014,1,0.4,3103.6
138346,2014,5,0.28,8278.6
138349,2014,5,0.28,8224.5
144732,2014,4,0.62,5683.7
144732,2014,5,0.55,6144.3
138349,2014,7,0.56,6464.7
151077,2014,2,0.73,2261.4
138924,2014,8,0.31,6666.6
137243,2014,12,0.52,2577.3
137241,2014,11,0.36,3541.4
138922,2014,9,0.09,6303.6
137819,2014,9,0.43,5529.8
138922,2014,12,0.54,2677.3
149346,2014,2,0.68,2440.9
149922,2014,6,0.56,6594.1
149346,2014,6,0.55,6499.7
149922,2014,12,0.68,1138.6
149346,2014,11,0.69,1399.8
133787,2014,2,0.5,4138.9
133786,2014,10,0.27,5090.5
133786,2014,11,0.37,3697.4
133787,2014,11,0.36,3694.6
134319,2014,7,0.66,5391.2
134895,2014,3,0.32,6263.9
134895,2014,7,0.62,5925.8
134895,2014,10,0.25,5301.1
134896,2014,2,0.46,4713.9
134361,2014,8,0.67,5293.2
134943,2014,1,0.51,3059.3
136621,2014,1,0.39,3650.7
136620,2014,3,0.37,5967.5
136621,2014,6,0.19,8662.7
134896,2014,11,0.2,4289.2
138924,2014,1,0.4,3428.8
136045,2014,2,0.48,4459.3
136090,2014,3,0.52,4772.5
136620,2014,7,0.47,7309.6
138347,2014,2,0.45,4489.4
138349,2014,3,0.36,6075.5
138349,2014,4,0.34,7228.9
136090,2014,6,0.61,5848.3
136090,2014,8,0.58,6174.9
137194,2014,4,0.29,7229.9
137194,2014,5,0.26,8237.7
137819,2014,2,0.6,3840.3
137819,2014,3,0.5,4730.9
144732,2014,1,0.68,1855.5
144732,2014,10,0.53,3281
144732,2014,12,0.67,1612.6
138347,2014,12,0.56,2678.3
151077,2014,4,0.64,4488.1
136045,2014,12,0.48,2930.2
136090,2014,11,0.38,3475.7
137194,2014,8,0.24,6851.2
137241,2014,12,0.56,2504.1
138349,2014,10,0.27,4845
138922,2014,6,0.15,8835.7
149346,2014,4,0.6,4777.4
148770,2014,5,0.56,6054
148770,2014,9,0.38,4688
149346,2014,10,0.5,2883.5
133786,2015,3,0.51,5169.3
133786,2015,7,0.61,5802.8
133787,2015,10,0.39,4872.7
133787,2015,11,0.46,3753.8
134319,2015,6,0.25,7733.9
134319,2015,10,0.33,4855.3
134319,2015,11,0.25,4368.3
134895,2015,5,0.26,8267.5
134895,2015,7,0.56,6032.3
134896,2015,8,0.57,5740.9
135515,2015,1,0.54,3143.1
135515,2015,7,0.61,6244.2
136045,2015,1,0.38,3329.8
136045,2015,9,0.38,5731.6
136090,2015,3,0.59,4587
136620,2015,2,0.25,4737.5
136620,2015,8,0.35,6883.7
136620,2015,11,0.16,4024.8
136620,2015,12,0.33,3343.8
136621,2015,12,0.35,3268.3
137194,2015,1,0.33,3350.5
137194,2015,3,0.23,5818.6
137194,2015,10,0.34,4637.5
137194,2015,12,0.36,3318.1
137241,2015,10,0.42,4087.3
137243,2015,10,0.42,4143.4
137819,2015,5,0.5,7055.5
137819,2015,6,0.46,6727.5
138346,2015,8,0.34,6939.6
138348,2015,8,0.39,6720.9
138347,2015,12,0.41,3159
138922,2015,10,0.37,4523.3
144732,2015,2,0.66,2789.8
148770,2015,4,0.55,5315.6
148770,2015,7,0.39,7021.4
148770,2015,12,0.69,1195.8
149346,2015,1,0.62,1686.4
149922,2015,8,0.39,5762.7
149922,2015,11,0.55,1801.1
133790,2015,5,0.4,7168
133790,2015,4,0.66,4937
133787,2015,6,0.44,5935.3
133787,2015,8,0.53,5779
133790,2015,8,0.61,5161.6
134896,2015,4,0.24,7532.3
134943,2015,4,0.68,5016.5
135515,2015,5,0.44,7010.7
135515,2015,6,0.41,6306.4
136045,2015,6,0.21,7966.7
136045,2015,12,0.34,3326.6
136090,2015,10,0.4,4403.1
136621,2015,1,0.36,3260.3
136620,2015,5,0.3,7828
136621,2015,11,0.17,4010.8
137243,2015,3,0.59,4662.2
137819,2015,1,0.49,2981.6
137819,2015,2,0.49,3990.8
137819,2015,8,0.48,5949.2
137819,2015,12,0.6,2423
138347,2015,1,0.37,3246.6
138348,2015,3,0.27,5905.2
138347,2015,6,0.23,8396.5
138348,2015,6,0.24,8349.3
138349,2015,6,0.23,8265.7
138348,2015,9,0.37,5949.2
138924,2015,1,0.39,3180.2
138922,2015,4,0.27,7359.5
138924,2015,6,0.25,8436
138924,2015,7,0.36,7381
144732,2015,4,0.55,5288.1
148770,2015,10,0.55,3031.7
133787,2015,3,0.51,5159.4
133786,2015,6,0.42,5910.4
133786,2015,12,0.54,2801.4
134319,2015,1,0.45,3606.7
134319,2015,3,0.28,6030.3
134361,2015,6,0.43,5989.4
134361,2015,11,0.48,3632.9
134895,2015,6,0.24,7846
134895,2015,9,0.44,5476.7
134895,2015,10,0.31,4854.2
134896,2015,6,0.26,7827.6
138349,2015,8,0.41,6561.6
134943,2015,1,0.53,3156.9
134943,2015,10,0.41,4417.8
135515,2015,8,0.51,5923.5
135515,2015,12,0.57,2609.1
136621,2015,2,0.26,4705.3
137194,2015,6,0.2,8147
137194,2015,7,0.27,7588.9
137194,2015,9,0.31,5993.3
137194,2015,11,0.13,4017.6
137241,2015,1,0.55,2910.5
137243,2015,1,0.52,3010.4
137243,2015,2,0.49,3965.5
137243,2015,6,0.43,6681.7
137243,2015,9,0.54,4963.7
137819,2015,3,0.61,4597.1
137819,2015,9,0.55,5050.3
137819,2015,11,0.55,2963.8
138348,2015,1,0.38,3231.7
138348,2015,10,0.39,4498.1
138922,2015,1,0.36,3122.4
138922,2015,2,0.26,4555.5
138924,2015,5,0.45,7425.5
138924,2015,8,0.39,6667.6
138924,2015,9,0.37,6037.1
144732,2015,11,0.51,2479.3
148770,2015,1,0.56,1793.4
148770,2015,11,0.5,2053.8
149346,2015,9,0.41,4580
133787,2015,2,0.48,4168.8
133790,2015,1,0.59,3217.3
133787,2015,4,0.67,4873.4
133786,2015,5,0.43,6882.7
133787,2015,7,0.61,5828
134319,2015,5,0.25,8361.4
134319,2015,9,0.43,5432
134361,2015,2,0.48,4169.1
134361,2015,8,0.52,5828.5
134895,2015,3,0.27,6033.7
134895,2015,4,0.23,7543.4
134895,2015,8,0.53,5934.4
134895,2015,12,0.34,3537
134896,2015,12,0.35,3525.2
134943,2015,7,0.65,6039.4
135515,2015,2,0.48,4104.1
135515,2015,4,0.69,5172.3
135515,2015,11,0.51,3428.1
136045,2015,11,0.16,4103.3
136090,2015,5,0.47,6918.3
136090,2015,6,0.42,6539.8
136090,2015,8,0.5,6105.6
136620,2015,6,0.2,8069.8
136620,2015,7,0.35,7279.1
136621,2015,7,0.41,7142.7
136620,2015,9,0.38,5841.5
136621,2015,9,0.39,5743.4
136621,2015,10,0.32,4678.4
137194,2015,4,0.25,7445.9
137241,2015,4,0.66,5252.4
137243,2015,4,0.66,5338.2
137241,2015,6,0.43,6849.8
137243,2015,8,0.47,6015.7
137241,2015,9,0.5,5231.4
137243,2015,12,0.59,2459.9
137819,2015,7,0.61,6022.6
138349,2015,1,0.36,3253.5
138346,2015,2,0.26,4594.4
138349,2015,2,0.29,4625.7
138347,2015,3,0.27,5897
138347,2015,7,0.31,7541.7
138346,2015,9,0.32,6049.9
138347,2015,9,0.35,6006.7
138346,2015,10,0.36,4576.3
138348,2015,12,0.42,3150.9
138924,2015,12,0.43,3060.2
144732,2015,5,0.55,6428.8
144732,2015,8,0.37,6360.5
148770,2015,8,0.36,6004
148770,2015,9,0.44,4601.6
149922,2015,1,0.63,1548.3
151077,2015,6,0.56,6119.8
151077,2015,8,0.46,5506.1
133787,2015,1,0.57,3317.7
133790,2015,2,0.5,3962.6
133790,2015,3,0.53,5044
133787,2015,5,0.41,6977.7
133787,2015,9,0.61,4618.9
133790,2015,7,0.63,5750.8
134319,2015,8,0.56,5524.7
134361,2015,1,0.56,3284.6
134361,2015,4,0.68,5039.4
134361,2015,10,0.41,4703.6
134895,2015,1,0.43,3524.9
134896,2015,1,0.44,3569.9
134896,2015,9,0.46,5337.4
134896,2015,10,0.33,4860.9
134943,2015,11,0.49,3494.2
134943,2015,12,0.58,2713.1
135515,2015,3,0.58,4727.4
135515,2015,9,0.58,4641.4
136045,2015,2,0.26,4752.6
136045,2015,4,0.24,7541.5
136045,2015,7,0.44,7053.7
136045,2015,10,0.31,4746
136090,2015,2,0.49,3986.3
136090,2015,4,0.69,5196.4
136090,2015,7,0.61,6315.6
136090,2015,9,0.54,4822.5
136090,2015,11,0.52,3185.5
136620,2015,4,0.24,7524.5
137194,2015,5,0.34,7696.1
137241,2015,7,0.59,6184.3
137241,2015,12,0.57,2500.1
137819,2015,4,0.66,5260.8
138349,2015,7,0.36,7363.2
138347,2015,4,0.29,7400.3
138924,2015,2,0.31,4523.5
138922,2015,8,0.36,6906.3
138924,2015,10,0.39,4450.1
138922,2015,12,0.4,3105.8
144732,2015,3,0.62,4151.5
148770,2015,2,0.7,2549.2
148770,2015,5,0.57,6375
149346,2015,5,0.58,6030.2
149346,2015,7,0.36,7082.2
149922,2015,3,0.57,3962
149922,2015,7,0.34,7100.1
151077,2015,5,0.59,5961
133786,2015,2,0.48,4192.7
133786,2015,10,0.4,4811.3
133790,2015,10,0.38,4752.8
133790,2015,9,0.69,4231.6
134319,2015,7,0.57,5723.5
134319,2015,12,0.34,3612.2
134361,2015,5,0.47,6841
134896,2015,5,0.27,8272.9
134896,2015,11,0.23,4331.4
134943,2015,3,0.58,4781
136045,2015,3,0.24,5776.7
136045,2015,8,0.38,6740.6
136620,2015,1,0.34,3381.2
136621,2015,3,0.24,5787.4
136621,2015,6,0.21,8017.3
136620,2015,10,0.32,4687.7
137194,2015,2,0.26,4751.5
137194,2015,8,0.32,7099.8
137241,2015,3,0.59,4608.1
137243,2015,5,0.48,6976.4
137243,2015,7,0.6,6251.2
137243,2015,11,0.53,3027.2
137819,2015,10,0.42,4088.2
138347,2015,2,0.29,4621
138347,2015,10,0.38,4526
138347,2015,11,0.16,3966.9
138348,2015,11,0.18,3936.9
138346,2015,12,0.39,3176.8
138348,2015,4,0.31,7425.8
138924,2015,4,0.32,7378.1
138922,2015,7,0.29,7609.7
138922,2015,9,0.32,6099.4
144732,2015,7,0.5,6387.3
149346,2015,2,0.73,2417.7
149922,2015,4,0.57,5037.2
149922,2015,6,0.56,6351.7
151077,2015,1,0.7,1479
151077,2015,3,0.6,3718.4
133786,2015,1,0.57,3324
133786,2015,4,0.68,4919
133786,2015,11,0.46,3790.6
133790,2015,11,0.47,3571.4
134319,2015,4,0.23,7571.7
134896,2015,2,0.27,4937.4
134361,2015,3,0.53,4985.4
134361,2015,7,0.63,5852.8
134361,2015,12,0.55,2678
134895,2015,2,0.27,4858.4
134896,2015,7,0.59,5634.4
134943,2015,2,0.5,4001.9
134943,2015,9,0.68,4455.9
136090,2015,1,0.55,3106.8
136090,2015,12,0.58,2565.5
136621,2015,5,0.31,7815.1
137241,2015,2,0.53,3890.8
137241,2015,11,0.54,3020.1
138346,2015,1,0.35,3192.9
138348,2015,2,0.3,4616.9
138346,2015,3,0.27,5835.1
138349,2015,3,0.25,5910
138349,2015,5,0.42,7460.6
138346,2015,6,0.22,8318.1
138346,2015,7,0.28,7686.6
138348,2015,7,0.34,7431.2
138347,2015,8,0.36,6922.5
138346,2015,11,0.14,3954.6
138349,2015,4,0.3,7443.2
138349,2015,11,0.17,3945.3
138922,2015,3,0.28,5781.2
138924,2015,3,0.28,5884.6
138922,2015,6,0.22,8404.2
138922,2015,11,0.14,3889.8
138924,2015,11,0.18,3909.5
144732,2015,1,0.62,2170.5
151077,2015,12,0.72,986.3
148770,2015,6,0.55,6622.5
149346,2015,3,0.55,4121.5
149346,2015,6,0.54,6559.5
149346,2015,8,0.37,5851.1
149346,2015,10,0.56,2859.7
149346,2015,12,0.72,1157.6
149922,2015,2,0.71,2394.9
149922,2015,9,0.4,4599.8
151077,2015,2,0.73,2367.8
151077,2015,4,0.56,5134.4
151077,2015,9,0.42,4319.7
151077,2015,11,0.56,1756.4
133786,2015,8,0.53,5722.8
133786,2015,9,0.59,4610
133787,2015,12,0.54,2854.5
133790,2015,6,0.49,6097.7
133790,2015,12,0.57,3028
134319,2015,2,0.28,4881.6
134361,2015,9,0.57,4706.7
134895,2015,11,0.21,4318.4
134896,2015,3,0.29,5971.8
134943,2015,5,0.41,7184.6
134943,2015,6,0.51,6066.2
134943,2015,8,0.57,5442.3
135515,2015,10,0.39,4519.9
136045,2015,5,0.29,7898.2
136620,2015,3,0.24,5825.6
136621,2015,4,0.25,7487.6
136621,2015,8,0.38,6843
137241,2015,5,0.5,6743.9
137241,2015,8,0.49,5935.9
138346,2015,4,0.27,7370.5
138346,2015,5,0.39,7678.7
138347,2015,5,0.41,7629.5
138348,2015,5,0.43,7502.2
138349,2015,9,0.38,5957.5
138349,2015,10,0.37,4558.3
138349,2015,12,0.4,3153.8
138922,2015,5,0.41,7572.3
144732,2015,6,0.65,5511.8
144732,2015,9,0.43,5046.8
144732,2015,10,0.53,3611.9
144732,2015,12,0.64,1647.8
148770,2015,3,0.54,4169.2
149346,2015,4,0.55,5204.1
149346,2015,11,0.53,1886
149922,2015,5,0.61,5923.7
149922,2015,10,0.56,2772.4
149922,2015,12,0.73,1123.1
151077,2015,7,0.36,6922.6
151077,2015,10,0.56,2801.5
133786,2016,4,0.4,6065.9
133787,2016,10,0.31,5141.4
134319,2016,4,0.23,7745.1
134319,2016,6,0.27,7600.7
134319,2016,7,0.4,6756.5
134943,2016,1,0.51,3057.9
134943,2016,2,0.37,4140.3
135515,2016,6,0.49,6691.9
135515,2016,9,0.38,5416.2
136045,2016,4,0.31,7273.7
136045,2016,5,0.14,8331.8
136045,2016,10,0.28,5103.4
136090,2016,3,0.51,5243.3
136090,2016,5,0.4,6937.9
136620,2016,3,0.35,6305.5
136621,2016,5,0.14,8277.5
137243,2016,9,0.32,5716.7
137819,2016,5,0.45,6794.9
137819,2016,9,0.32,5699.2
137819,2016,12,0.53,2522.7
138348,2016,1,0.52,3157.6
138348,2016,2,0.24,4909
138348,2016,3,0.46,6017.3
138348,2016,6,0.27,8368.7
138347,2016,7,0.23,7969.4
138346,2016,12,0.47,2897.6
144732,2016,1,0.62,1941.1
144732,2016,3,0.62,4011.3
144732,2016,9,0.32,5254
149346,2016,5,0.44,6602.4
149346,2016,9,0.38,4658.1
149922,2016,7,0.43,6872.3
149922,2016,9,0.38,4674.8
151077,2016,10,0.53,2716.3
133786,2016,7,0.44,6644
133786,2016,9,0.45,5315.8
133786,2016,12,0.44,3203.8
133787,2016,12,0.45,3211.6
134319,2016,8,0.22,6716.3
134361,2016,6,0.49,6398.9
134361,2016,12,0.44,3049.8
134895,2016,8,0.21,6664.2
134895,2016,9,0.28,5925.3
134896,2016,4,0.24,7681.9
134896,2016,5,0.15,8547.3
134896,2016,9,0.31,5836.8
134896,2016,10,0.3,5271.7
136045,2016,12,0.46,3135.1
136620,2016,7,0.22,7876.8
136620,2016,9,0.2,5929.2
136620,2016,12,0.46,3121.2
137194,2016,6,0.21,8344.5
137194,2016,12,0.45,3005.6
137243,2016,10,0.27,5014.3
138922,2016,4,0.41,6704.8
138924,2016,4,0.45,6722
148770,2016,6,0.38,7709.7
148770,2016,8,0.4,6128.1
148770,2016,9,0.38,4709.6
148770,2016,10,0.44,3173
149346,2016,1,0.7,1279.8
149346,2016,6,0.39,7624.1
151077,2016,2,0.7,2139.9
151077,2016,7,0.47,6622.6
133787,2016,1,0.49,3157.8
133790,2016,3,0.48,5183.5
133790,2016,5,0.42,6593.4
133786,2016,6,0.49,6294.9
133790,2016,6,0.49,6432.2
133790,2016,10,0.33,4687.4
134319,2016,1,0.33,3990.9
134361,2016,4,0.43,6005
134895,2016,2,0.23,5205
134895,2016,3,0.3,6444.6
134895,2016,4,0.25,7645.5
134895,2016,10,0.29,5275.1
134895,2016,11,0.24,4024.8
134943,2016,6,0.45,6677
134943,2016,8,0.48,5805.5
134943,2016,12,0.46,3015.9
135515,2016,10,0.31,5078
135515,2016,12,0.49,2842.4
136090,2016,6,0.51,6807.4
137194,2016,7,0.18,8064.9
137819,2016,6,0.46,7253.2
137819,2016,8,0.46,6358.2
138347,2016,2,0.25,4857.6
138347,2016,4,0.43,6789.1
138346,2016,8,0.13,7131.2
138347,2016,10,0.33,4898.4
138348,2016,10,0.32,4878
138349,2016,11,0.3,3778.1
138922,2016,3,0.46,5837.5
138922,2016,7,0.15,8172.7
144732,2016,2,0.6,2879.3
144732,2016,10,0.4,3846
148770,2016,4,0.54,5329.9
148770,2016,12,0.6,1314.1
149922,2016,3,0.64,3500.8
133786,2016,2,0.26,4659.7
133787,2016,7,0.43,6712.9
133786,2016,11,0.45,3892.4
133790,2016,9,0.49,5233.4
133790,2016,12,0.44,3225.1
134361,2016,2,0.29,4498.4
134361,2016,9,0.42,5464
134896,2016,7,0.36,6933.8
134896,2016,12,0.51,3283.6
134943,2016,3,0.47,5069.5
134943,2016,10,0.31,4748
136045,2016,3,0.33,6342.1
136045,2016,9,0.22,5939.3
136621,2016,6,0.25,7976.9
136621,2016,7,0.24,7986.5
136620,2016,10,0.26,5058.1
136620,2016,11,0.24,3868.6
136621,2016,12,0.46,3099.8
137243,2016,3,0.51,5173.4
137241,2016,5,0.43,6874.7
137243,2016,7,0.44,6636.7
137241,2016,10,0.25,4996.5
137819,2016,7,0.46,6640
138349,2016,1,0.5,3244.4
138346,2016,3,0.44,5937.4
138346,2016,5,0.21,8157.9
138347,2016,6,0.24,8469.6
138347,2016,11,0.3,3691.7
138348,2016,12,0.51,2971.4
138349,2016,8,0.3,6413.1
138349,2016,9,0.22,5922.6
138924,2016,2,0.27,4844.9
138922,2016,2,0.29,4760.8
138922,2016,5,0.23,8127.4
138924,2016,7,0.27,7698.9
138922,2016,9,0.14,6191.8
138924,2016,11,0.33,3665.9
144732,2016,7,0.52,6285.5
148770,2016,2,0.65,2403.5
149346,2016,7,0.43,6892.8
149346,2016,11,0.57,1889.1
149922,2016,2,0.65,2234.6
149922,2016,6,0.38,7487
149922,2016,12,0.69,990.3
151077,2016,3,0.68,3460.9
151077,2016,4,0.56,5359.7
133786,2016,3,0.49,5082.3
133790,2016,1,0.51,3050.4
133790,2016,2,0.31,4615.1
133787,2016,4,0.39,6134.9
134319,2016,5,0.15,8574.8
134319,2016,11,0.26,4154.2
134361,2016,10,0.3,5163
134895,2016,7,0.35,7094.9
134896,2016,6,0.28,7637.9
134943,2016,7,0.42,6622.1
134943,2016,9,0.45,5212.1
135515,2016,3,0.49,5224.1
135515,2016,4,0.44,6147.9
136045,2016,8,0.16,7015
137194,2016,3,0.38,6127.4
137194,2016,4,0.38,6891.4
137194,2016,5,0.15,8187.2
137241,2016,2,0.39,3769.2
137243,2016,5,0.42,6846
137243,2016,8,0.45,6339.6
137819,2016,2,0.41,3731.4
137819,2016,11,0.42,3383.1
138346,2016,4,0.4,6792
138347,2016,5,0.23,8083.7
138347,2016,8,0.19,6894.4
138347,2016,9,0.19,6074
138346,2016,10,0.33,4903.6
138346,2016,11,0.27,3702.7
138349,2016,3,0.42,6084.1
138349,2016,4,0.42,6902.1
138349,2016,6,0.27,8355.4
138349,2016,12,0.48,3070.1
138922,2016,1,0.51,3010.6
138924,2016,3,0.47,5907.6
138924,2016,5,0.26,7963.9
138924,2016,6,0.26,8411.1
138924,2016,10,0.35,4855.7
138924,2016,12,0.49,2946.8
144732,2016,5,0.53,5956.6
144732,2016,8,0.5,5756.5
151077,2016,12,0.68,1026
148770,2016,11,0.55,1958.7
149346,2016,2,0.67,2316.6
149346,2016,3,0.65,3414.9
149346,2016,4,0.55,5429.3
149922,2016,1,0.71,1290.3
151077,2016,1,0.75,1248
133786,2016,1,0.48,3194.8
133787,2016,2,0.27,4659.6
133787,2016,3,0.49,5067.9
133787,2016,8,0.48,6004.7
133786,2016,10,0.31,5165.3
133790,2016,8,0.5,5681.6
134319,2016,12,0.52,3327.5
134361,2016,8,0.45,6090.5
134895,2016,6,0.26,7687.2
134896,2016,3,0.28,6480.5
134896,2016,8,0.26,6494.8
134943,2016,5,0.45,6330.2
135515,2016,2,0.35,4193.5
135515,2016,5,0.4,6958.2
136045,2016,6,0.23,8011.3
136045,2016,7,0.25,7923
136090,2016,1,0.51,2823.8
136090,2016,7,0.43,6611.2
136090,2016,10,0.28,5085.8
136090,2016,11,0.45,3507.5
136620,2016,2,0.16,4957
136620,2016,5,0.14,8241
136620,2016,6,0.23,8039
136621,2016,8,0.19,6971.5
137194,2016,1,0.46,3217.7
137194,2016,8,0.1,7172.7
137194,2016,9,0.19,6166.3
137194,2016,11,0.25,3802.6
137241,2016,1,0.5,2836.7
137241,2016,4,0.44,6252.1
137243,2016,4,0.42,6319.2
137241,2016,6,0.49,7015
137243,2016,12,0.54,2594.4
137819,2016,4,0.43,6353
138348,2016,4,0.44,6807.5
138348,2016,11,0.31,3729.9
138349,2016,5,0.24,8013.9
138349,2016,7,0.31,7557.1
138922,2016,6,0.25,8518.1
138922,2016,8,0.17,7001.1
138922,2016,11,0.27,3659.5
138922,2016,12,0.47,2824.2
144732,2016,4,0.5,5305.9
144732,2016,12,0.62,1772.8
148770,2016,1,0.67,1414.9
148770,2016,3,0.65,3323.7
149346,2016,12,0.66,1111.9
149922,2016,5,0.45,6587.2
151077,2016,9,0.37,4677.5
151077,2016,11,0.68,1563
133790,2016,4,0.39,6180
133787,2016,5,0.42,6834.1
133787,2016,6,0.49,6308.5
133787,2016,11,0.43,3902.4
133790,2016,7,0.42,6560.7
134319,2016,2,0.25,5263.9
134319,2016,9,0.27,6006.1
134896,2016,2,0.22,5247.9
134361,2016,5,0.4,6993.4
134361,2016,7,0.44,6508.1
134896,2016,1,0.34,3932.9
134895,2016,5,0.15,8456.9
134895,2016,12,0.5,3286.3
134896,2016,11,0.25,4072.9
138349,2016,2,0.21,4939.5
136045,2016,1,0.41,3501.7
136090,2016,4,0.44,6183.1
136090,2016,9,0.36,5636.4
136620,2016,1,0.44,3358.6
136621,2016,3,0.35,6290.9
136620,2016,4,0.33,7174.3
136620,2016,8,0.16,7033
136621,2016,9,0.22,5929.3
136621,2016,10,0.26,5018.6
137194,2016,10,0.28,5021.8
137243,2016,1,0.48,2899.3
137241,2016,3,0.51,5000.7
137241,2016,9,0.3,5752.7
137241,2016,11,0.44,3437.6
137819,2016,1,0.47,2917.1
138346,2016,1,0.5,3084
138347,2016,1,0.52,3110.5
138346,2016,2,0.26,4817.9
138348,2016,5,0.23,8050.6
138347,2016,12,0.5,2916.6
138924,2016,1,0.54,3108.2
138924,2016,8,0.26,6577.4
138924,2016,9,0.2,5972.1
138922,2016,10,0.36,4847.7
144732,2016,11,0.46,2495.3
148770,2016,7,0.42,6821.7
149346,2016,8,0.41,6051.5
149346,2016,10,0.46,3066.8
149922,2016,4,0.55,5448.9
151077,2016,8,0.43,5731.4
133786,2016,5,0.4,6928.4
133786,2016,8,0.47,6070.1
133787,2016,9,0.44,5340.1
133790,2016,11,0.43,3701
134319,2016,3,0.28,6505.4
134319,2016,10,0.31,5325.8
134361,2016,1,0.47,3231.9
134361,2016,3,0.48,5086.4
134361,2016,11,0.44,3843
134895,2016,1,0.34,3902.8
134943,2016,4,0.41,6215.5
134943,2016,11,0.42,3649.4
135515,2016,1,0.49,2944.6
135515,2016,7,0.42,6575.5
135515,2016,8,0.46,6060.7
135515,2016,11,0.43,3713.3
136045,2016,2,0.16,5022.3
136045,2016,11,0.23,3914.1
136090,2016,2,0.36,4079.7
136090,2016,8,0.43,6266.8
136090,2016,12,0.51,2720.2
136621,2016,1,0.44,3366.4
136621,2016,2,0.16,4929.4
136621,2016,4,0.33,7156.5
136621,2016,11,0.24,3840.1
137194,2016,2,0.21,4929
137243,2016,2,0.38,3800.6
137243,2016,6,0.47,7196.2
137241,2016,7,0.45,6645.9
137241,2016,8,0.45,6270.7
137243,2016,11,0.44,3388
137241,2016,12,0.53,2597.6
137819,2016,3,0.5,5171.4
137819,2016,10,0.27,4962.3
138347,2016,3,0.46,5994.3
138346,2016,6,0.23,8477.9
138346,2016,7,0.18,8146.3
138348,2016,7,0.28,7710.5
138348,2016,8,0.26,6559.6
138346,2016,9,0.15,6185
138348,2016,9,0.22,5930.8
138349,2016,10,0.3,4906.7
144732,2016,6,0.43,7168.6
148770,2016,5,0.45,6525.1
149922,2016,8,0.4,6028
149922,2016,10,0.48,2965.2
149922,2016,11,0.61,1786.3
151077,2016,5,0.48,6294.6
151077,2016,6,0.42,7171.1
133786,2017,3,0.41,5620
133790,2017,6,0.72,4916.8
133786,2017,8,0.6,5458.5
133786,2017,9,0.43,5157.9
133787,2017,10,0.3,4684.6
133786,2017,12,0.53,2985.3
134319,2017,2,0.47,4680
134361,2017,8,0.58,5608
134895,2017,4,0.27,7633.9
134895,2017,5,0.17,8445.5
134943,2017,4,0.39,6607.2
135515,2017,2,0.38,4203.2
135515,2017,11,0.35,3524
135515,2017,12,0.55,2710.6
136045,2017,4,0.32,7499.5
136045,2017,10,0.17,5342.7
136045,2017,12,0.36,3265.2
136090,2017,5,0.47,6531.8
136090,2017,7,0.35,6793.6
136090,2017,9,0.3,5782.5
136090,2017,10,0.27,4763.3
136621,2017,2,0.5,4041.3
136620,2017,3,0.35,5998
136620,2017,5,0.25,8184.5
136621,2017,6,0.15,8668.6
136621,2017,10,0.15,5278.7
137194,2017,4,0.35,7384.1
137241,2017,5,0.47,6480.2
137243,2017,6,0.59,6030.8
137243,2017,11,0.38,3330
137819,2017,5,0.46,6579.1
137819,2017,7,0.34,6972.9
138348,2017,1,0.51,2940.2
138348,2017,2,0.57,3793.3
138349,2017,2,0.54,3944.7
138347,2017,3,0.4,5904
138346,2017,8,0.19,7079.7
138347,2017,8,0.21,7063.6
138346,2017,12,0.31,3324.1
138349,2017,6,0.15,8812.1
138924,2017,4,0.4,7426.5
138922,2017,12,0.31,3283
144732,2017,9,0.33,5159.2
148770,2017,2,0.68,2287.5
148770,2017,8,0.41,5600.9
149922,2017,5,0.66,5132.6
149922,2017,10,0.58,2869.8
149922,2017,12,0.73,1057
133786,2017,7,0.5,6070.5
133787,2017,7,0.49,6089.9
133787,2017,9,0.45,5057.6
133787,2017,11,0.31,3865.7
133790,2017,11,0.32,3806.8
133790,2017,12,0.52,2989
134896,2017,2,0.46,4655.5
134361,2017,2,0.34,4439.8
134361,2017,5,0.45,6381.7
134896,2017,1,0.37,3650.7
134895,2017,3,0.31,6300.4
134895,2017,6,0.21,8568.4
134896,2017,9,0.16,6354.8
134943,2017,6,0.72,5272.7
135515,2017,3,0.44,5418
136090,2017,1,0.51,3133.4
136621,2017,8,0.16,7182.9
136621,2017,12,0.35,3278.6
137194,2017,6,0.13,8697.5
137194,2017,11,0.53,3364.6
137243,2017,4,0.47,6030.4
137241,2017,6,0.57,6011.9
137243,2017,10,0.26,4670.2
137241,2017,11,0.42,3264.6
138346,2017,2,0.51,3847.2
138346,2017,6,0.11,8810.7
138347,2017,7,0.37,6993
138922,2017,1,0.43,2997.2
138924,2017,5,0.25,8320.5
144732,2017,2,0.64,2922.4
144732,2017,5,0.53,6205.1
148770,2017,1,0.69,1413.3
148770,2017,12,0.72,1117.6
149346,2017,7,0.39,6601
151077,2017,8,0.46,5464.6
151077,2017,11,0.69,1581.9
133786,2017,1,0.44,3469.2
133787,2017,4,0.37,6713.9
133787,2017,3,0.41,5638.3
133790,2017,3,0.42,5496.1
134361,2017,1,0.45,3390.5
134361,2017,12,0.53,2902
134895,2017,1,0.37,3573.9
134896,2017,4,0.27,7676.6
134896,2017,7,0.54,5603.2
138349,2017,5,0.23,8372.3
134943,2017,3,0.41,5431
134943,2017,7,0.48,5981.1
134943,2017,10,0.3,4690.7
134943,2017,11,0.35,3695
135515,2017,4,0.38,6563.6
135515,2017,9,0.33,5642.6
136090,2017,6,0.65,5854.6
136620,2017,1,0.42,3392.8
136621,2017,1,0.43,3301.9
136620,2017,7,0.37,7263.1
136620,2017,8,0.15,7235.6
137194,2017,3,0.38,5974.5
137194,2017,8,0.16,7201.1
137243,2017,5,0.46,6529.3
137819,2017,4,0.5,5910.2
137819,2017,12,0.56,2592.6
138346,2017,4,0.37,7305.6
138346,2017,9,0.15,6262.8
138348,2017,8,0.22,6941.3
138349,2017,11,0.47,3537.3
138922,2017,2,0.51,3856.6
138922,2017,8,0.2,6945.5
138924,2017,9,0.24,6089.7
138922,2017,11,0.49,3481.8
138924,2017,11,0.5,3525.8
144732,2017,4,0.66,5193.3
149346,2017,1,0.72,1363.7
149346,2017,5,0.63,5161
149922,2017,1,0.73,1348.2
149922,2017,7,0.4,6603.2
149922,2017,11,0.64,1644.8
151077,2017,1,0.71,1469.4
151077,2017,10,0.57,2834
133790,2017,8,0.63,5352
133787,2017,5,0.45,6576.5
133790,2017,5,0.45,6751.8
133787,2017,6,0.68,5156.8
133787,2017,8,0.59,5453.8
134319,2017,4,0.25,7736.3
134895,2017,10,0.17,5511.7
134943,2017,1,0.49,3245.6
134943,2017,12,0.51,2792.1
135515,2017,7,0.37,6393.1
135515,2017,8,0.57,5715.3
136045,2017,1,0.4,3403
136045,2017,2,0.49,4217.6
136045,2017,3,0.34,6004.2
136045,2017,6,0.17,8640.7
136090,2017,2,0.43,4032.6
136090,2017,3,0.46,5235.9
136621,2017,4,0.31,7442
136621,2017,5,0.23,8191.7
136620,2017,11,0.53,3450.9
136620,2017,12,0.33,3350.7
137241,2017,2,0.48,3871.7
137241,2017,9,0.26,5744.6
137243,2017,9,0.26,5844.2
137241,2017,12,0.56,2556.7
137819,2017,2,0.48,3871.6
138347,2017,2,0.55,3759.2
138346,2017,3,0.39,5921.2
138349,2017,4,0.35,7583.4
138348,2017,7,0.42,6596.9
138348,2017,9,0.22,6168.4
138346,2017,11,0.5,3445.6
138924,2017,2,0.56,3831.3
138924,2017,1,0.5,2889.7
138924,2017,3,0.4,5875.1
138922,2017,4,0.39,7280.3
138922,2017,6,0.12,8818.6
138924,2017,7,0.4,6798
138924,2017,8,0.25,6838.2
138922,2017,10,0.15,5209.2
138924,2017,10,0.15,5337.3
138924,2017,12,0.31,3355.3
144732,2017,8,0.4,6153.8
148770,2017,3,0.65,3455.2
148770,2017,6,0.51,6517.6
149346,2017,3,0.65,3425.9
151077,2017,3,0.68,3554.7
151077,2017,6,0.6,5992.1
133786,2017,2,0.31,4531
133787,2017,2,0.3,4568.6
133787,2017,12,0.53,2972.8
133790,2017,9,0.49,4809.9
133790,2017,10,0.33,4770.2
134319,2017,3,0.34,6402.4
134319,2017,7,0.58,5296.4
134319,2017,8,0.26,6890.1
134361,2017,9,0.37,5380.1
134361,2017,11,0.33,3645.2
134895,2017,9,0.16,6307
134895,2017,11,0.52,3838.7
134896,2017,8,0.27,6712.1
134896,2017,10,0.18,5513.8
134943,2017,2,0.34,4372.9
134943,2017,8,0.63,5435.5
134943,2017,9,0.49,4986
136045,2017,5,0.24,8256.9
136045,2017,7,0.41,6962.3
136045,2017,8,0.16,7229
136045,2017,9,0.13,6351
136090,2017,12,0.56,2681.9
136620,2017,9,0.13,6326.5
136621,2017,11,0.52,3484.9
137194,2017,2,0.51,3967.5
137243,2017,7,0.33,6959.9
137243,2017,12,0.56,2635.1
137819,2017,1,0.59,2842.1
138347,2017,6,0.13,8897.6
138346,2017,7,0.31,7348
138347,2017,11,0.51,3465.2
138349,2017,10,0.13,5378.3
138922,2017,3,0.4,5863.4
144732,2017,7,0.45,6345.4
149922,2017,4,0.64,5002.6
151077,2017,5,0.68,4738.1
133790,2017,4,0.39,6638.8
133786,2017,5,0.45,6470.1
133790,2017,7,0.52,6007.7
133786,2017,11,0.32,3819.5
134319,2017,5,0.17,8515.1
134319,2017,9,0.15,6328.9
134361,2017,4,0.36,6551.9
134361,2017,7,0.48,6310.7
134895,2017,8,0.26,6949.3
134896,2017,5,0.17,8508.2
134896,2017,12,0.42,3167.7
135515,2017,1,0.49,3251.8
135515,2017,5,0.46,6484.1
136620,2017,4,0.32,7471
137194,2017,5,0.25,8174.7
137194,2017,9,0.13,6286
137194,2017,10,0.14,5296.2
137243,2017,3,0.46,5147.6
137241,2017,7,0.32,6821.4
137241,2017,8,0.57,5733.5
137241,2017,10,0.28,4715.6
137819,2017,6,0.59,6035.4
138346,2017,1,0.43,3043.5
138348,2017,4,0.38,7488
138348,2017,6,0.15,8900.8
138347,2017,9,0.19,6240.4
138347,2017,10,0.14,5325.3
138348,2017,10,0.14,5372
138349,2017,9,0.23,6176.9
138922,2017,5,0.2,8322.3
138922,2017,7,0.3,7320.6
144732,2017,3,0.6,3843.5
144732,2017,10,0.47,3568.1
144732,2017,11,0.54,2509.4
151077,2017,12,0.74,1106.7
148770,2017,4,0.65,5037.3
148770,2017,5,0.6,5455.5
148770,2017,10,0.53,3073.6
148770,2017,11,0.62,1889.7
149346,2017,4,0.65,4997
149346,2017,12,0.77,1020.1
149922,2017,8,0.44,5532
133787,2017,1,0.44,3494.8
133786,2017,6,0.68,5003.1
134319,2017,1,0.39,3624.7
134319,2017,6,0.21,8518.1
134319,2017,10,0.17,5552.4
134319,2017,11,0.55,3926.6
134895,2017,2,0.46,4562.9
134895,2017,7,0.55,5759.4
134896,2017,3,0.3,6371.8
134896,2017,6,0.22,8469.1
135515,2017,6,0.67,5636.5
135515,2017,10,0.29,4782.4
136620,2017,2,0.49,4053.6
136621,2017,3,0.34,5929.3
136621,2017,9,0.14,6308.8
137194,2017,1,0.41,3181.9
137194,2017,12,0.32,3356.9
137243,2017,1,0.56,2971.7
137241,2017,3,0.47,5035.4
137243,2017,8,0.55,5762.6
137819,2017,8,0.53,5786.1
137819,2017,11,0.38,3239.4
138347,2017,1,0.49,2937.5
138348,2017,3,0.39,5898.3
138346,2017,10,0.13,5269.9
138348,2017,12,0.31,3381.1
138349,2017,7,0.43,6489.3
138924,2017,6,0.15,8925.7
138922,2017,9,0.18,6192.6
144732,2017,1,0.74,1649.9
144732,2017,12,0.65,1632.7
148770,2017,7,0.38,6640.1
149346,2017,8,0.42,5617.9
149346,2017,9,0.31,4772.6
149346,2017,10,0.56,2907.5
149346,2017,11,0.63,1738.6
149922,2017,6,0.57,6241.9
149922,2017,9,0.33,4701.2
133790,2017,1,0.44,3517.9
133786,2017,4,0.36,6646
133786,2017,10,0.31,4702.8
133790,2017,2,0.31,4548.4
134319,2017,12,0.42,3139.6
134361,2017,3,0.43,5526.7
134361,2017,6,0.7,5153.5
134361,2017,10,0.32,4719.5
134895,2017,12,0.41,3104.6
134896,2017,11,0.51,3895.3
134943,2017,5,0.45,6750.9
136045,2017,11,0.53,3582.3
136090,2017,4,0.43,6275.6
136090,2017,8,0.57,5777.3
136090,2017,11,0.37,3479.9
136620,2017,6,0.14,8704.8
136621,2017,7,0.39,7003.6
136620,2017,10,0.14,5297.9
137194,2017,7,0.31,7395.7
137241,2017,1,0.57,2900.3
137243,2017,2,0.44,4009.5
137241,2017,4,0.49,6026.1
137819,2017,3,0.47,5037.8
137819,2017,9,0.26,5767.2
137819,2017,10,0.28,4628.2
138349,2017,1,0.48,3081.8
138349,2017,3,0.34,5910.8
138347,2017,4,0.39,7379
138346,2017,5,0.2,8256.4
138347,2017,5,0.23,8247.3
138348,2017,5,0.24,8314.2
138348,2017,11,0.51,3488.1
138347,2017,12,0.31,3358.6
138349,2017,8,0.22,6814.1
138349,2017,12,0.3,3392.6
144732,2017,6,0.44,7014.7
148770,2017,9,0.32,4890.8
149346,2017,2,0.71,2094.8
149346,2017,6,0.54,6311
149922,2017,2,0.71,1978.7
149922,2017,3,0.62,3634.6
151077,2017,2,0.72,2058.3
151077,2017,4,0.65,4689
151077,2017,7,0.43,6238.5
151077,2017,9,0.35,4458
133787,2018,6,0.58,5800.3
133786,2018,8,0.52,5525
133786,2018,11,0.64,2998.7
134319,2018,2,0.35,4810.7
134319,2018,7,0.55,5896.3
134361,2018,2,0.48,3987.8
134895,2018,2,0.32,4794.6
134895,2018,10,0.26,5073.8
134943,2018,7,0.55,5884.9
134943,2018,11,0.61,3100
135515,2018,2,0.52,3808
136090,2018,1,0.42,3315
136090,2018,5,0.58,5721.3
137194,2018,1,0.54,3488.9
138347,2018,3,0.48,5670.7
138347,2018,4,0.43,7181.7
138348,2018,4,0.43,7216.6
138347,2018,8,0.24,6922.9
138347,2018,10,0.3,4662.6
138348,2018,11,0.35,3866.2
138347,2018,12,0.36,2857.8
138349,2018,7,0.49,6607.6
138922,2018,5,0.22,8074.6
138922,2018,7,0.46,7064.5
138922,2018,11,0.32,3746.2
148770,2018,10,0.54,2815.3
149346,2018,1,0.78,1299.2
149346,2018,2,0.72,2082.2
149346,2018,4,0.62,4364.3
149346,2018,6,0.47,6854.3
149346,2018,8,0.52,5296.6
149922,2018,1,0.76,1225.3
149922,2018,10,0.58,2727.7
151077,2018,8,0.48,5362.7
133786,2018,1,0.44,3493.4
133786,2018,5,0.6,5617
133787,2018,7,0.49,5971
133787,2018,8,0.54,5513.2
133787,2018,2,0.45,4052.4
133790,2018,11,0.64,3105.7
134319,2018,8,0.59,5362.3
134361,2018,3,0.43,5386.2
134361,2018,7,0.46,6425.6
134361,2018,12,0.59,2569.6
134895,2018,1,0.4,4018.3
134896,2018,1,0.39,4037.8
134895,2018,5,0.24,8355.3
134895,2018,9,0.16,6378.1
134896,2018,8,0.58,5518.5
134943,2018,8,0.52,5765.2
134943,2018,10,0.4,4743.4
136045,2018,1,0.48,3620
136045,2018,6,0.21,8358.4
136045,2018,7,0.48,7132.2
136045,2018,12,0.33,3024.6
136621,2018,1,0.49,3543.1
136620,2018,8,0.3,6914.9
136620,2018,10,0.23,4879.9
136621,2018,12,0.32,2961.6
137194,2018,4,0.42,7152.7
137194,2018,10,0.22,4824.2
137243,2018,12,0.64,2090.1
137243,2018,8,0.46,5977.6
138346,2018,3,0.46,5636.4
138349,2018,3,0.45,5732.9
138349,2018,4,0.41,7272.9
138347,2018,7,0.48,6799
138347,2018,9,0.12,6501.9
138348,2018,10,0.34,4564.8
138347,2018,11,0.35,3830.6
138924,2018,7,0.49,6652.3
144732,2018,9,0.47,4432.7
144732,2018,10,0.49,3561.7
144732,2018,12,0.6,1611.6
149346,2018,7,0.43,6699.2
149346,2018,10,0.56,2704.5
149922,2018,9,0.48,4521.6
149922,2018,11,0.7,1344.1
151077,2018,9,0.48,4386.9
151077,2018,10,0.63,2683.2
133786,2018,7,0.49,6014.7
133786,2018,12,0.6,2681.7
133787,2018,12,0.6,2717.3
133790,2018,10,0.4,4823.8
134319,2018,3,0.49,6083
134319,2018,9,0.21,6329.3
134895,2018,3,0.48,5987.4
134895,2018,4,0.33,7645.4
134895,2018,12,0.36,3371.7
134896,2018,7,0.51,6222.6
135515,2018,3,0.42,5191.4
135515,2018,8,0.5,5756.7
136045,2018,3,0.48,5632.3
136045,2018,10,0.24,4901.7
136090,2018,3,0.44,5068.7
136090,2018,8,0.49,5921.7
136090,2018,10,0.47,4531.6
136621,2018,2,0.31,4646.1
136620,2018,3,0.46,5677.8
136620,2018,6,0.19,8395.9
136620,2018,9,0.13,6258.9
136621,2018,11,0.35,3856.7
137194,2018,12,0.32,2976.3
137241,2018,1,0.39,3143.9
137241,2018,2,0.61,3594.1
137243,2018,2,0.59,3578.4
137241,2018,3,0.45,4875.7
137241,2018,4,0.45,6099.2
137241,2018,10,0.48,4349.4
137243,2018,10,0.47,4505.3
137819,2018,2,0.63,3365.5
137819,2018,4,0.45,5916.6
138347,2018,1,0.56,3464.7
138347,2018,2,0.31,4666.5
138348,2018,3,0.49,5659.1
138346,2018,6,0.13,8731
138349,2018,9,0.15,6291.1
138924,2018,6,0.15,8869.3
148770,2018,1,0.76,1458.7
148770,2018,6,0.48,6864.5
148770,2018,9,0.49,4502.7
149346,2018,3,0.54,3889.6
149922,2018,2,0.72,1911.9
149922,2018,3,0.55,3855.4
149922,2018,5,0.55,6405.1
149922,2018,8,0.51,5305.6
149922,2018,12,0.68,1199.9
151077,2018,1,0.75,1270.3
133790,2018,5,0.67,5530
133786,2018,6,0.58,5832.2
133787,2018,9,0.43,5216.6
134319,2018,1,0.39,4121.2
134319,2018,11,0.35,4267.6
134319,2018,12,0.38,3446.5
134361,2018,5,0.61,5617.4
134895,2018,8,0.54,5720.3
134896,2018,9,0.2,6318.3
135515,2018,1,0.43,3355.4
135515,2018,7,0.43,6481.2
135515,2018,10,0.45,4587.5
136045,2018,4,0.37,7381
136620,2018,4,0.4,7233.9
136621,2018,5,0.18,8218.1
137194,2018,5,0.17,8198
137243,2018,3,0.44,4860
137243,2018,5,0.57,5873.5
137241,2018,8,0.49,5926.9
137241,2018,12,0.66,2073.8
137819,2018,12,0.63,2040.9
138348,2018,2,0.35,4645.2
138346,2018,4,0.42,7158.2
138348,2018,8,0.29,6709.6
138349,2018,10,0.34,4509.6
138924,2018,10,0.34,4561.2
144732,2018,2,0.76,2394.1
148770,2018,12,0.64,1284
149346,2018,11,0.68,1348.6
151077,2018,4,0.66,4210.4
151077,2018,5,0.49,6492.4
151077,2018,6,0.49,6584.7
133786,2018,3,0.42,5510.5
133790,2018,3,0.4,5522
133786,2018,4,0.39,6490
133786,2018,10,0.41,4779.9
133790,2018,2,0.43,4112.4
133790,2018,8,0.53,5696.5
133790,2018,12,0.6,2698
134896,2018,2,0.34,4785
134361,2018,4,0.37,6508
134895,2018,7,0.52,6325.2
134896,2018,10,0.29,5021.9
138349,2018,6,0.17,8639.7
134943,2018,1,0.43,3293.4
134943,2018,12,0.57,2592.1
135515,2018,5,0.61,5562
135515,2018,9,0.42,5441.7
135515,2018,11,0.6,3046.3
136045,2018,8,0.37,6799.9
136620,2018,5,0.17,8259.9
136620,2018,7,0.48,7096.7
136621,2018,9,0.13,6234.1
137194,2018,11,0.36,3880.8
137243,2018,4,0.43,6081.5
137241,2018,6,0.44,6569.4
137243,2018,6,0.43,6609.9
137241,2018,9,0.44,5387.2
137241,2018,11,0.56,2810.3
138347,2018,6,0.14,8789.1
138348,2018,6,0.16,8755.2
138346,2018,7,0.47,7091.2
138346,2018,8,0.21,7047.9
138346,2018,10,0.27,4763.8
138924,2018,2,0.35,4574
138922,2018,8,0.2,7028.4
138924,2018,9,0.14,6447.9
138922,2018,10,0.27,4783.1
138922,2018,12,0.35,2856.1
144732,2018,6,0.54,6306.3
144732,2018,8,0.46,5741.8
148770,2018,3,0.53,3863
148770,2018,5,0.56,6635.4
149346,2018,12,0.66,1245.1
149922,2018,7,0.43,6708.7
151077,2018,2,0.69,1901.5
133787,2018,1,0.44,3450
133786,2018,9,0.41,5321.7
133790,2018,6,0.61,5868.3
134319,2018,4,0.33,7662.5
134319,2018,10,0.26,5163.7
134361,2018,1,0.44,3490.5
134361,2018,8,0.5,5626.5
134895,2018,6,0.23,8337
134896,2018,3,0.48,6042.7
134896,2018,6,0.25,8211.6
134943,2018,9,0.51,4762.8
135515,2018,6,0.48,6482.5
136045,2018,2,0.3,4721
136090,2018,2,0.56,3728.5
136090,2018,4,0.42,6330.1
136090,2018,6,0.45,6686.9
136620,2018,2,0.3,4687.5
136621,2018,4,0.4,7262.1
136621,2018,8,0.31,6879.1
137194,2018,8,0.22,7179.6
137194,2018,9,0.08,6480.5
137241,2018,7,0.45,6609.7
137243,2018,9,0.46,5374.2
137243,2018,11,0.55,2885.9
137819,2018,6,0.47,6507
137819,2018,9,0.49,5246.7
137819,2018,11,0.54,2847.6
138348,2018,5,0.22,8193.7
138348,2018,7,0.48,6637.2
138346,2018,11,0.33,3810.8
138349,2018,12,0.35,2912.2
138922,2018,3,0.47,5605.4
138924,2018,3,0.51,5681.1
138924,2018,8,0.28,6646.7
138922,2018,9,0.1,6463.4
144732,2018,3,0.55,4106.4
148770,2018,7,0.44,6726.4
149922,2018,6,0.46,6844.5
151077,2018,7,0.42,6700.3
133790,2018,1,0.42,3369.2
133790,2018,4,0.42,6272.6
133787,2018,11,0.64,3015.9
133790,2018,7,0.58,5725.8
134319,2018,5,0.25,8328.7
134319,2018,6,0.25,8324
134361,2018,6,0.56,6016.4
134361,2018,10,0.43,4699
134361,2018,11,0.6,3130.8
134896,2018,5,0.26,8348.6
134896,2018,11,0.34,4240.3
134943,2018,5,0.67,5635.8
135515,2018,12,0.58,2375.3
136045,2018,11,0.35,3930.6
136090,2018,7,0.44,6568.9
136090,2018,9,0.42,5452.7
136090,2018,11,0.59,2914.3
136090,2018,12,0.62,2258
136620,2018,1,0.49,3571.5
136621,2018,6,0.2,8324.5
136621,2018,7,0.49,7135.9
136621,2018,10,0.26,4836.5
137194,2018,2,0.29,4756.7
137194,2018,3,0.45,5630
137194,2018,6,0.14,8599.8
137194,2018,7,0.48,7061.3
137241,2018,5,0.55,5992.9
137819,2018,1,0.37,3098.3
137819,2018,5,0.58,5906.9
137819,2018,7,0.47,6600.1
137819,2018,8,0.44,6025.3
138349,2018,1,0.5,3585.8
138349,2018,2,0.35,4631.6
138346,2018,5,0.2,8139.7
138346,2018,9,0.09,6494.7
138349,2018,8,0.31,6576.1
138349,2018,11,0.33,3899.9
138922,2018,1,0.56,3340.8
138924,2018,1,0.56,3449.3
138922,2018,2,0.27,4578.2
138922,2018,4,0.43,7144.9
138924,2018,4,0.44,7202.9
138924,2018,12,0.38,2813.4
144732,2018,7,0.44,6703.8
151077,2018,12,0.76,1124
148770,2018,4,0.6,4471.7
149346,2018,9,0.49,4457.2
149922,2018,4,0.62,4372.3
151077,2018,3,0.65,3571
133786,2018,2,0.45,4067.5
133787,2018,3,0.42,5512.4
133787,2018,4,0.4,6453.7
133787,2018,5,0.62,5555.3
133787,2018,10,0.41,4779.5
133790,2018,9,0.52,4884.1
134361,2018,9,0.43,5272.2
134895,2018,11,0.35,4197.1
134896,2018,4,0.34,7656.2
134896,2018,12,0.38,3341.5
134943,2018,2,0.45,3941.1
134943,2018,3,0.41,5370.1
134943,2018,4,0.42,6297.1
134943,2018,6,0.56,6251
135515,2018,4,0.4,6316
136045,2018,5,0.18,8274.2
136045,2018,9,0.14,6266.5
136621,2018,3,0.47,5661.7
136620,2018,11,0.35,3878.1
136620,2018,12,0.31,2971.4
137243,2018,1,0.39,3147.6
137243,2018,7,0.45,6635.9
137819,2018,3,0.44,4792.8
137819,2018,10,0.47,4508
138346,2018,1,0.55,3426.2
138348,2018,1,0.54,3511.4
138346,2018,2,0.28,4669.5
138347,2018,5,0.21,8184.7
138349,2018,5,0.21,8233.4
138348,2018,9,0.15,6386.8
138346,2018,12,0.33,2904.3
138348,2018,12,0.36,2837.5
138924,2018,5,0.23,8148.6
138922,2018,6,0.13,8838.1
138924,2018,11,0.33,3817.8
144732,2018,1,0.69,1813.9
144732,2018,4,0.57,5376.9
144732,2018,5,0.62,6101
144732,2018,11,0.66,1884.3
148770,2018,2,0.7,2218.3
148770,2018,8,0.52,5227.3
148770,2018,11,0.66,1462.1
149346,2018,5,0.56,6505.3
151077,2018,11,0.72,1308.7
133790,2019,3,0.48,5293.6
133787,2019,4,0.47,6199.9
133786,2019,10,0.5,4353.2
133787,2019,10,0.51,4360.9
134319,2019,2,0.49,4424
134319,2019,1,0.45,3679.3
134319,2019,7,0.58,6087.6
134319,2019,10,0.14,5743
134896,2019,1,0.45,3633.6
134895,2019,8,0.53,6227.3
134895,2019,9,0.22,6135.2
134895,2019,12,0.43,3124.5
134896,2019,11,0.49,3662.9
134943,2019,4,0.46,6181.5
135515,2019,7,0.56,6714.4
135515,2019,12,0.56,2634.4
136045,2019,4,0.33,7208.4
136090,2019,4,0.49,6004.3
136621,2019,9,0.22,6134.9
136620,2019,11,0.36,3577.1
136621,2019,11,0.39,3531.7
137194,2019,1,0.4,3304.4
137194,2019,3,0.39,5730.5
137243,2019,3,0.57,4841.9
137243,2019,5,0.43,7164.2
137241,2019,6,0.63,6077.7
137241,2019,7,0.53,6644.6
137241,2019,9,0.21,6193.5
137243,2019,9,0.2,6175.2
137243,2019,12,0.57,2585.5
137819,2019,10,0.46,4157.1
138346,2019,1,0.44,3219.8
138349,2019,1,0.45,3347.4
138349,2019,2,0.48,4072.8
138346,2019,3,0.36,5675.6
138346,2019,5,0.31,7779.2
138346,2019,6,0.24,8520.6
138347,2019,7,0.29,7693
138346,2019,8,0.23,7530.6
138348,2019,9,0.27,6181.5
138346,2019,10,0.09,5451.8
138347,2019,10,0.1,5518.9
138349,2019,5,0.37,7641.4
138349,2019,10,0.1,5528.6
138349,2019,11,0.32,3664.5
138922,2019,6,0.26,8549.5
138924,2019,8,0.31,7270.3
138922,2019,9,0.2,6262.8
144732,2019,6,0.63,6065.1
144732,2019,8,0.4,6062.8
148770,2019,7,0.48,6655
149346,2019,9,0.52,4500.6
149346,2019,12,0.73,1022.8
149922,2019,11,0.68,1590.7
133790,2019,4,0.46,6314.2
133790,2019,11,0.5,3655.9
134319,2019,11,0.51,3657
134895,2019,5,0.26,7864.8
134896,2019,4,0.33,7277.1
134896,2019,5,0.26,7938.7
138349,2019,8,0.34,7169.7
134943,2019,2,0.59,3719.5
134943,2019,10,0.51,4124.9
135515,2019,9,0.27,6060.5
136045,2019,6,0.24,8397.3
136045,2019,10,0.08,5550.2
136090,2019,3,0.55,4986.9
136090,2019,9,0.24,6147.3
136620,2019,1,0.38,3471.6
136621,2019,4,0.32,7152.3
136621,2019,10,0.07,5496.1
137194,2019,6,0.22,8417.1
137194,2019,8,0.24,7501.3
137194,2019,11,0.29,3758.9
137241,2019,8,0.42,6423.8
137243,2019,10,0.46,4200.5
137819,2019,11,0.48,3361.1
138348,2019,1,0.47,3282.3
138348,2019,2,0.5,4062.1
138348,2019,7,0.33,7517.8
138347,2019,8,0.26,7519.6
138922,2019,1,0.47,3130.7
138922,2019,8,0.24,7519.6
138924,2019,11,0.3,3730.3
151077,2019,12,0.75,1002.2
148770,2019,1,0.62,1681.4
148770,2019,3,0.56,3600.9
148770,2019,5,0.65,5205.9
148770,2019,6,0.49,6662.7
148770,2019,12,0.69,1181.7
149346,2019,2,0.73,2171.1
149346,2019,3,0.59,3461.1
151077,2019,11,0.66,1521.1
133790,2019,2,0.59,3772.6
133790,2019,5,0.39,6867.4
133786,2019,4,0.47,6216.4
133786,2019,7,0.63,5941
133790,2019,6,0.63,5774.9
133790,2019,9,0.39,5815.4
133790,2019,12,0.53,2942.2
134319,2019,5,0.25,7996.1
134319,2019,6,0.3,8520.3
134319,2019,12,0.44,3253.7
134361,2019,9,0.32,6024.1
134361,2019,10,0.5,4163.6
134895,2019,6,0.28,8462.5
134896,2019,8,0.57,5910.9
134896,2019,9,0.24,6073.6
135515,2019,4,0.47,6017.9
135515,2019,8,0.45,6070.6
136045,2019,12,0.47,2852.5
136090,2019,6,0.62,6171
136090,2019,7,0.52,6885.5
136621,2019,1,0.38,3490.4
136621,2019,3,0.43,5798.8
137194,2019,4,0.36,6882
137194,2019,7,0.26,7854.4
137194,2019,9,0.18,6258.9
137241,2019,3,0.59,4846.3
137241,2019,12,0.58,2606
137819,2019,1,0.49,2889.8
137819,2019,6,0.64,5997.6
137819,2019,8,0.43,6245.6
137819,2019,9,0.21,6107.5
138347,2019,5,0.35,7750.3
138348,2019,10,0.11,5551.7
138346,2019,12,0.55,2657.4
138349,2019,12,0.59,2690.8
138924,2019,4,0.44,6719.6
138924,2019,5,0.38,7555
138922,2019,7,0.27,7989.8
138924,2019,7,0.33,7475.4
138924,2019,10,0.11,5519.7
138922,2019,12,0.55,2632.6
144732,2019,1,0.67,1977.1
144732,2019,9,0.43,4981.9
148770,2019,4,0.66,4564.1
149346,2019,7,0.47,6773.9
149922,2019,4,0.64,4627.5
149922,2019,6,0.52,6513.3
151077,2019,1,0.75,1508.2
133787,2019,1,0.45,3438
133787,2019,5,0.39,6961.4
133786,2019,8,0.6,5335.8
133787,2019,9,0.36,6052.5
133787,2019,12,0.53,2919.7
134319,2019,4,0.31,7420.2
134319,2019,8,0.56,5896.2
134896,2019,2,0.47,4424.1
134361,2019,2,0.66,3440.8
134361,2019,3,0.51,5303.4
134896,2019,7,0.58,6446.1
135515,2019,3,0.53,5162
136045,2019,8,0.41,7132.9
136045,2019,9,0.21,6120.3
136045,2019,11,0.39,3654.8
136090,2019,11,0.49,3437.9
136621,2019,2,0.45,4112.6
136620,2019,3,0.42,5822.1
136621,2019,6,0.23,8364.7
136620,2019,7,0.36,7615.9
136620,2019,8,0.35,7331.8
137194,2019,12,0.56,2734.3
137243,2019,1,0.49,2949.9
137241,2019,5,0.47,7027.9
137243,2019,6,0.63,6068.2
137241,2019,10,0.47,4133.2
137819,2019,2,0.69,3016
137819,2019,4,0.55,5869.2
137819,2019,7,0.53,6620.9
137819,2019,12,0.58,2555.9
138347,2019,2,0.47,4100.1
138348,2019,3,0.44,5750.3
138349,2019,6,0.24,8645.1
138346,2019,7,0.26,7955.5
138348,2019,8,0.31,7324
138922,2019,2,0.45,4053.8
138924,2019,6,0.26,8658
138924,2019,12,0.6,2633.6
144732,2019,2,0.72,2665
144732,2019,7,0.43,6642
148770,2019,11,0.65,1730.6
149346,2019,6,0.5,6679.8
149922,2019,1,0.68,1443
149922,2019,7,0.45,6967.5
133786,2019,3,0.49,5358.7
134361,2019,8,0.53,5606.5
134895,2019,3,0.47,5675.8
134895,2019,10,0.12,5687.7
134943,2019,3,0.51,5235.1
134943,2019,7,0.65,6080.9
134943,2019,11,0.49,3572.3
135515,2019,6,0.62,6048.2
136045,2019,5,0.29,7838.9
136620,2019,5,0.28,7901.8
136621,2019,5,0.3,7777
136621,2019,7,0.38,7655.9
136620,2019,9,0.21,6198.4
136620,2019,12,0.5,2849.6
137819,2019,3,0.57,4883.4
137819,2019,5,0.45,7085.4
138348,2019,6,0.25,8635.3
138347,2019,11,0.29,3715.1
138348,2019,11,0.31,3704.8
138349,2019,3,0.43,5830.7
144732,2019,3,0.58,3796.3
144732,2019,11,0.56,2359.5
148770,2019,8,0.35,6146.3
151077,2019,10,0.54,2676.3
133786,2019,1,0.45,3448.3
133786,2019,2,0.62,3812.2
133787,2019,3,0.49,5336.8
133786,2019,5,0.4,6985.2
133787,2019,6,0.62,5751.2
133786,2019,11,0.5,3664.5
133786,2019,12,0.53,2898.2
134361,2019,4,0.48,6167.3
134361,2019,7,0.57,6466.9
134361,2019,11,0.51,3581.6
134361,2019,12,0.54,2901.6
134895,2019,1,0.43,3654.2
134895,2019,2,0.47,4386.5
134895,2019,11,0.47,3676.6
134896,2019,10,0.13,5718.5
134896,2019,12,0.44,3195.8
134943,2019,1,0.48,3227.6
134943,2019,5,0.39,6822.2
135515,2019,10,0.52,4147.6
136045,2019,2,0.45,4213.5
136045,2019,3,0.44,5760.4
136090,2019,1,0.48,3089.3
136090,2019,2,0.7,3313.3
136090,2019,10,0.49,4113
136090,2019,12,0.58,2617.2
136620,2019,2,0.44,4198.2
136620,2019,4,0.32,7212.3
136620,2019,6,0.23,8445.1
136621,2019,8,0.38,7276.1
136621,2019,12,0.5,2817.2
137241,2019,1,0.52,2907.4
137243,2019,2,0.7,3025.1
137241,2019,4,0.54,5879.8
137243,2019,8,0.42,6271.3
137243,2019,11,0.47,3388.6
138347,2019,4,0.41,6764.3
138349,2019,4,0.39,6896.8
138347,2019,9,0.22,6256.9
138924,2019,1,0.48,3203.6
138924,2019,2,0.51,3982
138922,2019,4,0.4,6896.4
138922,2019,11,0.26,3690.9
144732,2019,10,0.42,3698.2
148770,2019,2,0.7,2318.3
149922,2019,3,0.6,3442.8
149922,2019,5,0.66,5169.3
151077,2019,5,0.63,5202.2
151077,2019,6,0.55,6311.1
133787,2019,8,0.61,5393
133787,2019,11,0.5,3669.4
134361,2019,5,0.41,7063.3
134943,2019,9,0.36,5793.8
134943,2019,12,0.54,2750.4
135515,2019,2,0.67,3456.5
135515,2019,11,0.48,3487.3
136045,2019,1,0.37,3596.5
136090,2019,8,0.43,6333.2
136620,2019,10,0.08,5508.9
137194,2019,2,0.41,4303.8
137243,2019,7,0.52,6859.2
138347,2019,1,0.46,3224.8
138347,2019,3,0.41,5723.4
138346,2019,4,0.39,6916.7
138348,2019,4,0.42,6755.4
138346,2019,9,0.19,6239.4
138346,2019,11,0.26,3715.7
138347,2019,12,0.59,2661
138348,2019,5,0.38,7646.9
138349,2019,9,0.27,6128.5
138922,2019,3,0.38,5639.8
138924,2019,9,0.26,6211.5
144732,2019,12,0.63,1723.2
148770,2019,9,0.52,4593.9
149346,2019,1,0.66,1532.4
149346,2019,5,0.66,5099.5
149346,2019,8,0.33,6140.3
149346,2019,11,0.67,1636.9
149922,2019,8,0.33,6157
149922,2019,9,0.53,4384.2
149922,2019,10,0.54,2751.8
149922,2019,12,0.75,975.2
151077,2019,3,0.63,3587.3
151077,2019,7,0.41,6870.4
133787,2019,2,0.6,3820.8
133790,2019,1,0.49,3376.4
133786,2019,6,0.61,5846.5
133787,2019,7,0.64,5756.4
133786,2019,9,0.34,6049.7
133790,2019,8,0.57,5541.2
133790,2019,10,0.53,4331.6
133790,2019,7,0.68,5632.4
134319,2019,3,0.49,5700
134319,2019,9,0.25,6085.9
134361,2019,1,0.45,3357
134361,2019,6,0.61,5989.8
134895,2019,4,0.32,7233.7
134895,2019,7,0.54,6580.7
134896,2019,3,0.48,5707
134896,2019,6,0.28,8464.3
134943,2019,6,0.61,6023.3
134943,2019,8,0.53,5747.5
135515,2019,1,0.47,3249.1
135515,2019,5,0.4,7212.9
136045,2019,7,0.4,7495.9
136090,2019,5,0.43,7226.7
137194,2019,5,0.27,7941.2
137194,2019,10,0.1,5472.3
137241,2019,2,0.71,3173.8
137243,2019,4,0.54,5935.7
137241,2019,11,0.49,3405.5
138346,2019,2,0.43,4140.8
138347,2019,6,0.25,8605.8
138349,2019,7,0.35,7453.5
138348,2019,12,0.61,2637.4
138924,2019,3,0.43,5680
138922,2019,5,0.33,7656.8
138922,2019,10,0.09,5402.4
144732,2019,4,0.68,4667.3
144732,2019,5,0.64,5657.3
148770,2019,10,0.49,3052.3
149346,2019,4,0.65,4576.8
149346,2019,10,0.51,2930
149922,2019,2,0.71,2110.9
151077,2019,2,0.73,2236.1
151077,2019,4,0.64,4513.5
151077,2019,8,0.4,5746.6
151077,2019,9,0.54,4202.9
133787,2020,1,0.53,3276.3
133787,2020,3,0.58,5233.1
133790,2020,5,0.48,6421.6
133787,2020,9,0.59,4729.1
133786,2020,10,0.46,4368.5
133787,2020,11,0.3,3862.6
133786,2020,12,0.35,3353.9
133790,2020,8,0.56,5254.6
134319,2020,8,0.35,6614.9
134361,2020,1,0.56,3194.4
134361,2020,2,0.58,3576.9
134361,2020,7,0.52,6378.8
134895,2020,6,0.14,8604.5
134895,2020,9,0.05,6439.6
134896,2020,7,0.45,6628.5
134896,2020,12,0.22,3709
135515,2020,7,0.45,6581
135515,2020,8,0.49,5616.4
135515,2020,10,0.38,4610.9
135515,2020,12,0.4,3042.6
136045,2020,2,0.26,4669.5
136045,2020,8,0.26,6955.1
136620,2020,3,0.42,5459.9
136621,2020,7,0.21,7926.5
136621,2020,12,0.26,3213.9
137194,2020,2,0.21,4686
137194,2020,4,0.18,7213.2
137194,2020,6,0.18,8534.5
137241,2020,4,0.47,6220.5
137241,2020,5,0.49,6589.3
137243,2020,7,0.42,6763.9
137243,2020,8,0.49,5921.3
137819,2020,4,0.45,6319.2
137819,2020,5,0.5,6435.7
137819,2020,12,0.44,2833.2
138349,2020,9,0.06,6592.3
138922,2020,8,0.15,7270.8
138922,2020,10,0.14,5091
144732,2020,3,0.63,3660.2
148770,2020,9,0.4,4837
149346,2020,1,0.69,1395.9
149922,2020,6,0.41,7287.2
149922,2020,12,0.65,1163.9
133787,2020,7,0.51,6358.4
134319,2020,9,0.08,6460.1
134895,2020,8,0.34,6734.3
134895,2020,10,0.25,5467.5
134895,2020,12,0.23,3639.6
134896,2020,6,0.14,8539.9
134943,2020,8,0.55,5217
134943,2020,9,0.64,4717.7
134943,2020,10,0.47,4344.5
134943,2020,11,0.38,3500.1
135515,2020,3,0.66,4458.5
135515,2020,9,0.56,5011.7
136045,2020,6,0.16,8712.8
136090,2020,1,0.57,2920.8
136621,2020,2,0.26,4649.8
136621,2020,3,0.42,5531.8
136620,2020,4,0.14,7379.6
136621,2020,4,0.14,7392.6
136620,2020,7,0.18,7863.7
136621,2020,9,0.03,6255.7
137194,2020,3,0.44,5394.6
137194,2020,11,0.21,3893.5
137241,2020,1,0.59,2710.5
137243,2020,1,0.58,2717.8
137243,2020,6,0.5,6772
137243,2020,9,0.46,5374.4
137241,2020,12,0.45,2780.1
137819,2020,8,0.52,5980.3
137819,2020,9,0.45,5387.1
138349,2020,2,0.26,4732.5
138346,2020,7,0.12,8439.1
138346,2020,9,0.04,6423.5
138348,2020,11,0.26,3806.9
138348,2020,9,0.06,6555.2
138349,2020,11,0.25,3793.4
138924,2020,6,0.23,8790.8
138924,2020,8,0.19,7374.8
138922,2020,9,0.04,6445.7
138924,2020,9,0.07,6589.7
138922,2020,12,0.31,3035.9
144732,2020,5,0.61,5759.8
148770,2020,3,0.57,3671.3
149346,2020,5,0.54,5965.6
149346,2020,7,0.39,6888.4
149922,2020,7,0.41,6911.1
151077,2020,1,0.75,1367.3
151077,2020,9,0.49,4268
133786,2020,7,0.52,6378
133787,2020,8,0.51,5361.6
133787,2020,10,0.48,4332.2
133790,2020,9,0.69,4281.9
134896,2020,2,0.35,4813.6
134361,2020,5,0.51,6689.8
134361,2020,6,0.52,6308.8
134361,2020,11,0.33,3761.8
134895,2020,1,0.25,3966.1
134895,2020,2,0.33,4764.9
134895,2020,4,0.22,7610.8
134895,2020,5,0.2,8240.5
134895,2020,7,0.4,6930.9
134895,2020,11,0.27,4155.4
134896,2020,5,0.21,8258.4
134896,2020,8,0.39,6577.9
136045,2020,4,0.15,7448.8
136090,2020,5,0.5,6698.6
136090,2020,9,0.52,5311.6
136620,2020,5,0.21,8302.4
136620,2020,10,0.21,5123.7
137819,2020,3,0.71,3948
138347,2020,2,0.24,4704.6
138346,2020,4,0.25,7132.9
138347,2020,6,0.21,8704.1
138348,2020,6,0.23,8760.4
138924,2020,3,0.5,5333.3
138922,2020,6,0.23,8607.4
138922,2020,11,0.24,3680.5
138924,2020,11,0.26,3738.3
144732,2020,2,0.64,2632.8
148770,2020,2,0.66,2532.8
148770,2020,11,0.56,1929.2
149346,2020,8,0.41,5962.9
133787,2020,12,0.37,3314
134319,2020,1,0.25,4044.5
134361,2020,9,0.57,4879.8
134361,2020,10,0.4,4603.5
134896,2020,1,0.25,4000.3
134896,2020,10,0.25,5520.1
134943,2020,2,0.57,3684.3
134943,2020,7,0.44,6457.7
135515,2020,1,0.55,2972.7
135515,2020,2,0.61,3342.3
135515,2020,5,0.47,6772.5
135515,2020,11,0.34,3714.9
136045,2020,1,0.27,3709
136090,2020,4,0.48,6388.2
136090,2020,11,0.35,3597
136620,2020,12,0.27,3198.8
137243,2020,3,0.7,4069.9
137241,2020,6,0.51,6459
137241,2020,7,0.41,6772.9
137243,2020,10,0.34,4556.9
137243,2020,11,0.35,3581.6
137243,2020,2,0.64,3114.6
137819,2020,11,0.35,3596.6
138347,2020,1,0.35,3571
138349,2020,1,0.34,3527.2
138347,2020,3,0.49,5310.9
138346,2020,8,0.16,7271.2
138347,2020,9,0.05,6516.8
138349,2020,8,0.24,7265.4
138924,2020,2,0.26,4723.8
138922,2020,4,0.31,7012.3
138924,2020,7,0.19,8146.8
138924,2020,12,0.31,3073.4
144732,2020,8,0.4,6053.6
148770,2020,5,0.53,5854.6
148770,2020,10,0.56,2871.6
149346,2020,10,0.59,2704.9
149922,2020,9,0.44,4447.4
151077,2020,4,0.59,4754.6
151077,2020,7,0.47,6726.2
151077,2020,8,0.47,5250.9
133786,2020,5,0.51,6548.4
133787,2020,5,0.51,6460
133786,2020,8,0.51,5321.6
133790,2020,2,0.54,4038
133790,2020,11,0.34,3556.6
134319,2020,4,0.25,7636.6
134319,2020,6,0.14,8643.9
134319,2020,12,0.22,3759.6
134896,2020,4,0.24,7667.3
134943,2020,1,0.52,3089.7
134943,2020,6,0.53,6480.7
135515,2020,6,0.49,6799
136045,2020,3,0.42,5679.4
136045,2020,9,0.03,6280.4
136045,2020,10,0.21,5187.3
136045,2020,11,0.26,3922.1
136090,2020,2,0.63,3218.9
136620,2020,8,0.23,7041
136621,2020,8,0.25,6948.6
136621,2020,11,0.24,3895
137194,2020,7,0.12,8275.7
137194,2020,10,0.18,5111.2
137243,2020,4,0.44,6372.7
137241,2020,8,0.48,5774.7
137241,2020,11,0.34,3606.5
137819,2020,10,0.33,4496.7
138348,2020,2,0.26,4728.6
138349,2020,3,0.47,5424.6
138348,2020,4,0.24,7298.6
138347,2020,7,0.15,8322.8
138346,2020,10,0.15,5109.4
138348,2020,10,0.16,5275.4
138347,2020,12,0.31,3100.4
138924,2020,5,0.3,8526.6
148770,2020,1,0.68,1489.9
148770,2020,7,0.37,6902.8
149346,2020,6,0.39,7367.9
149346,2020,12,0.65,1203.8
149922,2020,4,0.54,4873.4
151077,2020,6,0.44,7033.9
133790,2020,3,0.55,5271.7
133787,2020,4,0.53,6325.1
133790,2020,7,0.47,6288.3
134319,2020,2,0.38,4767
134319,2020,5,0.18,8259.9
134361,2020,8,0.53,5376.4
134896,2020,9,0.04,6559.5
135515,2020,4,0.48,6421.1
136045,2020,12,0.26,3294.6
136090,2020,8,0.5,5790.4
136090,2020,10,0.35,4625.1
136090,2020,12,0.41,3022.4
136620,2020,6,0.17,8705
136620,2020,9,0.03,6257.3
137194,2020,8,0.18,7208.7
137243,2020,5,0.49,6569.8
137819,2020,2,0.63,3105
137819,2020,6,0.51,6624.5
138348,2020,3,0.51,5304
138348,2020,5,0.28,8476
138347,2020,8,0.18,7347.9
138348,2020,8,0.22,7358.3
138349,2020,7,0.26,7937.5
138349,2020,10,0.15,5326.1
138922,2020,1,0.36,3462.3
138922,2020,2,0.23,4625.4
138922,2020,3,0.48,5151
138924,2020,10,0.15,5291
144732,2020,1,0.68,1842
151077,2020,12,0.69,1092.9
148770,2020,6,0.36,7509.7
148770,2020,8,0.39,6158.3
149346,2020,11,0.58,1830.3
149922,2020,2,0.66,2393.2
151077,2020,10,0.64,2573.9
151077,2020,11,0.63,1628.3
133786,2020,2,0.56,3896.5
133786,2020,4,0.52,6333.5
133790,2020,4,0.55,6005.2
133786,2020,6,0.56,6227.7
133787,2020,6,0.56,6315.3
134319,2020,7,0.42,6691.8
134319,2020,11,0.27,4243.6
134361,2020,12,0.34,3253.7
134895,2020,3,0.51,5640.8
138349,2020,6,0.22,8814.6
134943,2020,4,0.53,6102.2
134943,2020,5,0.48,6525.2
136090,2020,6,0.49,6742.3
136621,2020,6,0.18,8693.2
136620,2020,11,0.23,3941.9
137194,2020,1,0.29,3620.8
137194,2020,12,0.31,3141.6
137241,2020,3,0.72,4053
137241,2020,10,0.31,4521.6
138346,2020,1,0.33,3560.1
138348,2020,1,0.35,3544.7
138346,2020,2,0.22,4675.4
138347,2020,4,0.26,7215.1
138346,2020,5,0.29,8403.3
138347,2020,5,0.29,8414.6
138349,2020,5,0.26,8497.1
138348,2020,7,0.21,8099.2
138347,2020,11,0.24,3797.5
138346,2020,12,0.31,3080.3
138924,2020,4,0.28,7262.5
144732,2020,10,0.49,3355.7
144732,2020,11,0.43,2569.2
144732,2020,12,0.64,1731
148770,2020,4,0.54,5064.1
148770,2020,12,0.65,1265.4
149346,2020,9,0.43,4574.1
149922,2020,1,0.69,1343.3
151077,2020,2,0.71,2356.1
151077,2020,5,0.54,6334.4
133786,2020,1,0.54,3268.3
133786,2020,3,0.58,5226.8
133787,2020,2,0.56,3970.3
133790,2020,1,0.5,3278.4
133790,2020,6,0.55,6158.1
133786,2020,9,0.58,4800.8
133786,2020,11,0.31,3883.9
133790,2020,10,0.52,4301.6
133790,2020,12,0.41,3254.4
134319,2020,3,0.57,5572.4
134319,2020,10,0.26,5536.1
134361,2020,3,0.63,5027.1
134361,2020,4,0.49,6471.9
134896,2020,3,0.53,5668.2
134896,2020,11,0.28,4173.9
134943,2020,3,0.6,4713.1
134943,2020,12,0.4,3132.5
136045,2020,5,0.22,8299.1
136045,2020,7,0.21,7864.2
136090,2020,3,0.69,4329.6
136090,2020,7,0.43,6802.8
136620,2020,1,0.27,3637.5
136621,2020,1,0.29,3641.3
136620,2020,2,0.24,4720.6
136621,2020,5,0.23,8288.3
136621,2020,10,0.21,5111
137194,2020,5,0.25,8202.6
137194,2020,9,0.03,6277.2
137241,2020,2,0.65,3098.8
137241,2020,9,0.44,5376.3
137243,2020,12,0.44,2927.3
137819,2020,1,0.57,2593
137819,2020,7,0.44,6732.5
138346,2020,3,0.47,5256.3
138349,2020,4,0.22,7351.9
138346,2020,6,0.21,8603.3
138347,2020,10,0.16,5192.2
138346,2020,11,0.23,3760.9
138348,2020,12,0.31,3102.3
138349,2020,12,0.29,3100.5
138924,2020,1,0.38,3494.3
138922,2020,5,0.31,8432.9
138922,2020,7,0.11,8484.9
144732,2020,4,0.55,5038.5
144732,2020,6,0.5,6858.5
144732,2020,7,0.43,6631.3
144732,2020,9,0.37,5063.2
149346,2020,2,0.68,2489.9
149346,2020,3,0.6,3573.4
149346,2020,4,0.53,4958.5
149922,2020,3,0.61,3546
149922,2020,5,0.55,6025.3
149922,2020,8,0.44,5730.6
149922,2020,10,0.61,2592
149922,2020,11,0.6,1738.6
151077,2020,3,0.64,3480.7
133787,2021,2,0.43,3991.3
133786,2021,6,0.67,5608.2
133790,2021,8,0.72,4538.2
134319,2021,11,0.33,4040.9
134361,2021,7,0.58,5598.2
134361,2021,8,0.56,5492.1
134361,2021,11,0.34,3912.1
134895,2021,4,0.3,7515.1
135515,2021,2,0.46,3798.7
136045,2021,1,0.32,3604.8
136620,2021,2,0.27,4847.2
136621,2021,2,0.27,4824.7
136621,2021,9,0.18,5933.4
137194,2021,9,0.14,5917.3
137243,2021,3,0.58,4363.6
137243,2021,9,0.42,5348.1
137819,2021,8,0.47,5986.2
138347,2021,7,0.43,6579.3
138348,2021,9,0.2,5866.5
138346,2021,11,0.28,3846.1
138347,2021,5,0.13,8489.3
138349,2021,7,0.44,6411
138349,2021,8,0.25,6876
144732,2021,7,0.41,6398.2
144732,2021,10,0.52,3294.6
148770,2021,9,0.41,4925.8
149346,2021,5,0.52,6441.1
149922,2021,2,0.68,2179.4
149922,2021,6,0.58,6450.2
151077,2021,2,0.69,2401.3
151077,2021,3,0.55,3903.4
133786,2021,1,0.45,3228.1
133786,2021,2,0.42,3994.9
133786,2021,3,0.54,5239.7
133786,2021,5,0.49,6953.8
133786,2021,8,0.6,5242.6
133790,2021,10,0.44,4544.6
134319,2021,1,0.3,3974.3
134319,2021,4,0.3,7618.1
134361,2021,12,0.46,2946.1
134895,2021,10,0.23,5470.9
134895,2021,11,0.33,3989.4
134896,2021,4,0.29,7535.3
134896,2021,7,0.61,5557.8
134896,2021,8,0.46,6006.3
134896,2021,12,0.42,3312
134943,2021,4,0.41,6233.4
134943,2021,10,0.43,4402.4
135515,2021,3,0.54,4831
135515,2021,10,0.41,4566.7
135515,2021,12,0.47,2710.9
136045,2021,7,0.47,6442.3
136090,2021,2,0.48,3731.6
136090,2021,5,0.52,7019.2
136090,2021,7,0.51,6328.7
136620,2021,4,0.27,7391.4
136621,2021,5,0.12,8439.5
136620,2021,6,0.28,8173.2
136620,2021,8,0.19,6914.4
136621,2021,8,0.21,6832.8
136620,2021,12,0.39,3012.1
137194,2021,11,0.26,3908.5
137243,2021,6,0.58,6479.4
138348,2021,2,0.27,4826.3
138349,2021,3,0.29,5821.2
138347,2021,6,0.32,7977.1
138348,2021,7,0.45,6392.7
138346,2021,10,0.28,4913.7
138346,2021,12,0.4,2908.1
138922,2021,3,0.28,5766.2
138922,2021,4,0.25,7427.9
138924,2021,7,0.43,6233
144732,2021,12,0.65,1628
148770,2021,11,0.57,1792.1
149346,2021,2,0.67,2378.7
149346,2021,6,0.57,6342.5
149346,2021,7,0.48,5679.7
149346,2021,10,0.57,2842
149346,2021,11,0.61,1669.7
149922,2021,10,0.57,2851
151077,2021,6,0.56,6497.9
151077,2021,11,0.6,1695.3
133786,2021,12,0.43,3077.6
133787,2021,12,0.42,3118.2
133790,2021,7,0.61,5375.5
134319,2021,7,0.62,5425.4
134361,2021,5,0.49,6948.5
134361,2021,10,0.43,4582.9
134943,2021,8,0.66,4726.1
136045,2021,4,0.26,7381.8
136045,2021,8,0.24,6878.7
136090,2021,1,0.48,2965.4
136620,2021,5,0.11,8435.1
137241,2021,4,0.42,6399.2
137241,2021,9,0.42,5318.6
138346,2021,1,0.45,3083.2
138349,2021,4,0.26,7536.7
138346,2021,7,0.4,6883.6
138346,2021,8,0.13,7215.1
138347,2021,9,0.17,5911.1
138924,2021,4,0.28,7501.3
138924,2021,6,0.33,7924
138924,2021,9,0.19,5973.1
148770,2021,6,0.55,6454.3
148770,2021,7,0.46,5704.8
148770,2021,12,0.67,1263.8
149922,2021,5,0.52,6500.8
149922,2021,8,0.43,5814.2
133787,2021,3,0.54,5319.1
133787,2021,11,0.36,3850.8
133790,2021,12,0.38,3136.1
134319,2021,6,0.31,8162.1
134319,2021,8,0.44,6002.7
134361,2021,2,0.43,3994.1
134361,2021,4,0.44,6091.7
134896,2021,1,0.31,3929.7
134895,2021,8,0.41,6182.8
134896,2021,9,0.3,6020
135515,2021,1,0.46,2961.2
135515,2021,5,0.51,7111.1
135515,2021,7,0.51,6255.3
136045,2021,3,0.21,6158.6
136045,2021,5,0.14,8460.4
136090,2021,4,0.44,6275.6
136090,2021,6,0.58,6304.9
136620,2021,1,0.35,3454.9
136621,2021,1,0.36,3448.3
136621,2021,10,0.26,5128.7
136621,2021,12,0.39,3006.1
137194,2021,3,0.2,6063.9
137194,2021,5,0.11,8330.9
137194,2021,6,0.31,7970.2
137194,2021,8,0.15,7222.7
137243,2021,7,0.49,6619.5
137241,2021,10,0.43,4271.9
137241,2021,11,0.34,3689.7
137819,2021,5,0.55,6923.6
137819,2021,12,0.51,2496
138349,2021,2,0.25,4883.5
138348,2021,3,0.29,5816.8
138347,2021,4,0.26,7437.7
138348,2021,8,0.23,6915.6
138347,2021,10,0.29,4947.2
138347,2021,12,0.45,2873.7
138348,2021,12,0.47,2893.5
138349,2021,5,0.15,8575.5
138349,2021,9,0.23,5856.2
138349,2021,12,0.45,2992.5
138922,2021,2,0.25,4713
138924,2021,5,0.17,8481.3
138922,2021,8,0.13,7222.8
138922,2021,11,0.28,3789.1
144732,2021,6,0.52,6359.2
148770,2021,10,0.57,2881.5
149346,2021,3,0.49,4143.8
149346,2021,12,0.68,1133.1
149922,2021,1,0.62,1616.3
149922,2021,7,0.48,5761.8
149922,2021,11,0.64,1581.7
133790,2021,1,0.46,3360.9
133786,2021,4,0.45,5910.8
133787,2021,6,0.69,5508.3
133786,2021,9,0.52,5100.6
133787,2021,10,0.46,4541.8
133790,2021,11,0.39,3674
134319,2021,2,0.33,5033.2
134361,2021,6,0.64,5761.2
134895,2021,5,0.17,8556.8
134895,2021,6,0.29,8220.1
134943,2021,6,0.71,5371.2
134943,2021,7,0.59,5490.5
135515,2021,8,0.51,5651.7
135515,2021,9,0.44,5344.1
136621,2021,3,0.21,6009.6
136620,2021,7,0.45,6616.9
136621,2021,7,0.46,6554.6
137194,2021,4,0.26,7334.9
137241,2021,1,0.53,2876.1
137241,2021,5,0.53,6910.6
137241,2021,6,0.57,6409.3
137243,2021,10,0.42,4232.4
137241,2021,12,0.51,2577.2
138346,2021,2,0.25,4760.1
138347,2021,2,0.27,4798
138346,2021,3,0.25,5879
138346,2021,4,0.24,7395
138348,2021,10,0.29,5007.5
138347,2021,11,0.3,3852.3
138349,2021,10,0.28,5095.7
138922,2021,1,0.46,3046.8
138924,2021,10,0.31,4947.3
138922,2021,12,0.4,2866.3
144732,2021,2,0.66,2923.2
144732,2021,5,0.6,6292.1
144732,2021,8,0.5,5575.2
144732,2021,11,0.48,2448.8
148770,2021,5,0.53,6317.1
151077,2021,9,0.43,4443.8
151077,2021,10,0.58,2587.3
133787,2021,1,0.45,3205
133790,2021,2,0.44,4014.2
133790,2021,3,0.55,5368.1
133790,2021,5,0.53,6842.9
133787,2021,4,0.44,5938.1
133790,2021,4,0.41,6240.2
133786,2021,7,0.61,5371.3
133787,2021,8,0.62,5020.4
133787,2021,9,0.54,5080.2
133790,2021,6,0.72,5107.3
133790,2021,9,0.55,4791.6
134319,2021,9,0.29,5984.7
134319,2021,12,0.43,3290.7
134361,2021,9,0.46,5087
134895,2021,2,0.3,5007.6
134895,2021,12,0.4,3290.3
134943,2021,1,0.46,3230.7
134943,2021,3,0.54,5093.2
134943,2021,12,0.43,2941.6
136045,2021,6,0.26,8180.6
136045,2021,9,0.17,6011
136045,2021,12,0.37,3116.8
136090,2021,3,0.55,4605.6
136090,2021,8,0.49,5812.2
136090,2021,9,0.44,5309.1
136090,2021,10,0.42,4515
136621,2021,11,0.3,3799.9
136621,2021,6,0.26,8170.6
137243,2021,4,0.4,6460.4
137243,2021,8,0.46,6064.1
137243,2021,12,0.5,2499.1
137819,2021,1,0.47,2911.6
137819,2021,2,0.5,3516.9
137819,2021,4,0.4,6504.9
137819,2021,10,0.44,4199.2
138347,2021,3,0.27,5859.7
138924,2021,1,0.49,3126.6
138924,2021,12,0.46,2905.6
148770,2021,3,0.46,4256.3
148770,2021,4,0.6,4772.2
149346,2021,8,0.45,5685.6
149922,2021,12,0.69,1075.8
151077,2021,4,0.62,4910
134319,2021,3,0.29,6280.4
134319,2021,10,0.21,5579.7
134896,2021,2,0.29,5019.7
134361,2021,1,0.45,3106
134361,2021,3,0.54,4970.2
134895,2021,1,0.31,3918.3
134895,2021,3,0.26,6260.9
134895,2021,7,0.58,5559.7
134896,2021,5,0.19,8566.6
134896,2021,10,0.23,5524.9
138349,2021,6,0.29,7939.6
134943,2021,9,0.47,5155.8
135515,2021,4,0.43,6186.8
135515,2021,11,0.34,3809
136090,2021,12,0.51,2593
136620,2021,10,0.26,5076.5
136620,2021,11,0.29,3832.1
137194,2021,12,0.37,3038.6
137243,2021,1,0.48,2903.5
137241,2021,2,0.51,3604.6
137243,2021,2,0.49,3614.1
137241,2021,3,0.58,4341
137241,2021,7,0.51,6387.7
137241,2021,8,0.48,5852.1
137243,2021,11,0.36,3652.2
137819,2021,6,0.58,6640.7
137819,2021,7,0.5,6573.3
138348,2021,4,0.27,7495.6
138346,2021,5,0.12,8396.7
138346,2021,6,0.31,7976.6
138348,2021,6,0.33,7998.7
138346,2021,9,0.14,5973.7
138348,2021,11,0.3,3848
138924,2021,3,0.3,5711.1
138922,2021,9,0.13,6118.4
138922,2021,10,0.29,4873.3
138924,2021,11,0.31,3825.8
144732,2021,4,0.53,5102.4
151077,2021,12,0.67,1173.5
148770,2021,8,0.46,5723.8
149346,2021,9,0.4,4811
149922,2021,4,0.65,4399.9
151077,2021,1,0.73,1546
151077,2021,5,0.56,6232.5
151077,2021,7,0.53,5800
151077,2021,8,0.45,5603.5
133787,2021,5,0.5,6922.1
133787,2021,7,0.6,5314.4
133786,2021,10,0.46,4586.4
133786,2021,11,0.35,3904.5
134319,2021,5,0.19,8572.4
134895,2021,9,0.25,6082
134896,2021,3,0.28,6219.3
134896,2021,6,0.29,8227.7
134896,2021,11,0.34,3993.6
134943,2021,2,0.46,3698.5
134943,2021,5,0.51,6882.9
134943,2021,11,0.37,3657.9
135515,2021,6,0.59,6249.8
136045,2021,2,0.28,4815.2
136045,2021,10,0.24,5212
136045,2021,11,0.3,3852.9
136090,2021,11,0.32,3814
136620,2021,3,0.2,6082.2
136621,2021,4,0.27,7407.2
136620,2021,9,0.18,5871.9
137194,2021,1,0.39,3297.1
137194,2021,2,0.28,4736.7
137194,2021,7,0.45,6712.8
137194,2021,10,0.26,4993
137243,2021,5,0.52,7038.4
137819,2021,3,0.58,4318.7
137819,2021,9,0.4,5439.2
137819,2021,11,0.38,3581.6
138347,2021,1,0.47,3088.2
138348,2021,1,0.48,3203.4
138349,2021,1,0.46,3305.1
138347,2021,8,0.18,7078.4
138348,2021,5,0.15,8544
138349,2021,11,0.28,3860.5
138924,2021,2,0.27,4767.6
138922,2021,5,0.13,8400
138922,2021,6,0.3,7949.4
138922,2021,7,0.37,6860.7
138924,2021,8,0.2,7008.6
144732,2021,1,0.6,1945.8
144732,2021,3,0.48,4685.4
144732,2021,9,0.36,5080.2
148770,2021,1,0.63,1731.8
148770,2021,2,0.64,2522.4
149346,2021,1,0.64,1624.2
149346,2021,4,0.63,4496.5
149922,2021,3,0.49,4144.9
149922,2021,9,0.41,4654.7
133790,2022,6,0.55,6921.2
133787,2022,4,0.36,6491.7
133786,2022,10,0.27,5185.9
133786,2022,11,0.53,3423.9
133790,2022,9,0.53,4529.2
134896,2022,2,0.18,5117.9
134361,2022,5,0.43,6542.1
134361,2022,8,0.59,5303.7
134896,2022,1,0.36,3950.8
134895,2022,8,0.42,6184.4
134896,2022,12,0.4,3322.1
134943,2022,1,0.39,3399.6
134943,2022,4,0.37,6547.8
134943,2022,7,0.62,5496.9
135515,2022,1,0.41,3405.4
135515,2022,11,0.51,3390.1
136045,2022,9,0.32,5974.5
136090,2022,9,0.28,5657.7
136621,2022,1,0.31,3642.3
136621,2022,3,0.23,6118.5
136621,2022,6,0.16,8264.7
136620,2022,9,0.3,5968.7
136621,2022,9,0.29,6064.4
136621,2022,10,0.2,4960.9
137194,2022,12,0.42,2977.7
137243,2022,2,0.42,3959.8
137241,2022,12,0.59,2359.9
137819,2022,2,0.41,3896.2
137819,2022,8,0.56,5813.9
137819,2022,9,0.26,5762.2
138347,2022,1,0.3,3529.3
138347,2022,8,0.33,6323.4
138347,2022,9,0.23,6079.2
138922,2022,2,0.15,4837.9
138924,2022,7,0.49,6758.9
144732,2022,7,0.44,6768.8
151077,2022,12,0.69,1091.7
148770,2022,7,0.35,6808.6
149346,2022,2,0.7,2227.2
149346,2022,4,0.6,4777.5
149346,2022,5,0.63,6129.4
149922,2022,4,0.62,4713.4
151077,2022,3,0.68,3067.1
133790,2022,12,0.39,3057.9
134319,2022,5,0.18,8607.1
134319,2022,6,0.27,7807.4
134319,2022,8,0.47,5891.2
134361,2022,1,0.4,3471.5
134361,2022,2,0.38,4345.8
134895,2022,11,0.26,4313.6
134896,2022,11,0.26,4314.3
138349,2022,4,0.2,7647
134943,2022,3,0.34,5154.4
134943,2022,6,0.54,6908.6
134943,2022,12,0.43,2943.5
135515,2022,2,0.42,4198.1
135515,2022,7,0.52,5937.9
136045,2022,12,0.41,3042.4
136620,2022,3,0.23,6161.4
136620,2022,7,0.38,7477.4
137194,2022,4,0.2,7555.2
137243,2022,3,0.35,5451.4
137241,2022,6,0.54,7070.4
137243,2022,12,0.56,2388.8
137819,2022,3,0.38,5417
137819,2022,4,0.4,6382.2
137819,2022,11,0.49,3253.2
138348,2022,3,0.32,5937.8
138346,2022,4,0.21,7543.6
138347,2022,5,0.25,8593.2
138348,2022,7,0.48,6933.4
138348,2022,11,0.25,3897.8
138346,2022,12,0.44,2783.4
138349,2022,6,0.19,8607.3
138349,2022,9,0.26,6111.8
138924,2022,1,0.3,3551.5
138922,2022,9,0.19,6104.1
138922,2022,11,0.23,3810.2
138924,2022,12,0.48,2736.9
144732,2022,2,0.6,3001.9
144732,2022,6,0.4,7285.1
148770,2022,4,0.59,4846.6
148770,2022,11,0.57,1840.4
149346,2022,3,0.68,3236.2
149346,2022,6,0.47,7026.7
149346,2022,9,0.43,4485.5
149922,2022,8,0.47,5729.5
151077,2022,2,0.73,2118.5
151077,2022,8,0.54,5425.6
133786,2022,2,0.37,4347.2
133786,2022,3,0.32,5319
133787,2022,2,0.39,4289.1
134319,2022,3,0.23,6547.3
134319,2022,9,0.43,5557.8
134361,2022,9,0.39,5332.1
134895,2022,2,0.17,5084.3
134895,2022,3,0.22,6455
134895,2022,10,0.33,4887.8
134896,2022,3,0.23,6512.7
134896,2022,8,0.43,6086.2
134943,2022,2,0.42,4121.5
135515,2022,3,0.3,5437.7
135515,2022,4,0.37,6515.7
135515,2022,6,0.54,7054.7
136090,2022,11,0.51,3341.4
137241,2022,2,0.42,4033.5
137241,2022,4,0.4,6329.7
137241,2022,8,0.56,5677.7
137241,2022,11,0.49,3275.2
138346,2022,5,0.25,8491.4
138348,2022,5,0.23,8689.8
138346,2022,8,0.27,6706.7
138346,2022,11,0.22,3872.9
138347,2022,12,0.46,2784.5
138349,2022,11,0.24,3901.8
138924,2022,4,0.23,7584.3
138922,2022,8,0.28,6610.9
138924,2022,9,0.25,6009.5
148770,2022,12,0.65,1326.1
149346,2022,8,0.45,5779.7
151077,2022,4,0.6,4588.6
151077,2022,6,0.5,6250.7
151077,2022,11,0.65,1631.1
133790,2022,4,0.34,6523.3
133786,2022,6,0.48,6994.2
133787,2022,6,0.5,7015.7
133787,2022,10,0.26,5217.7
133790,2022,7,0.6,5521.6
133790,2022,11,0.55,3334.6
134319,2022,2,0.19,5167.4
134319,2022,1,0.36,3979.6
134319,2022,7,0.57,6007.7
134319,2022,10,0.35,4894.5
134319,2022,11,0.27,4357.1
134361,2022,11,0.51,3454.6
134895,2022,4,0.2,7762.2
134895,2022,6,0.25,7787.2
134895,2022,12,0.38,3332.9
134943,2022,10,0.26,4928.2
135515,2022,9,0.37,5526.1
136045,2022,5,0.17,8469.8
136090,2022,1,0.44,3266.7
136090,2022,10,0.26,4942.7
136621,2022,2,0.18,4700.4
136621,2022,8,0.27,7059.8
136620,2022,10,0.19,4986.1
136621,2022,4,0.21,7510.3
137194,2022,2,0.14,4835.3
137194,2022,3,0.25,6131.9
137194,2022,5,0.22,8354.3
137243,2022,8,0.6,5776.2
137241,2022,10,0.28,4943.8
137819,2022,7,0.42,6908.8
137819,2022,10,0.31,4772.7
138348,2022,1,0.3,3580.2
138346,2022,2,0.15,4862.8
138346,2022,9,0.19,6118.4
138349,2022,7,0.48,6798.5
138922,2022,1,0.29,3462.6
138922,2022,5,0.26,8527.1
138922,2022,7,0.37,7556.5
148770,2022,3,0.66,3268.6
148770,2022,8,0.46,5887.8
149922,2022,1,0.61,1589.7
149922,2022,3,0.68,3090.7
149922,2022,6,0.5,7018.9
151077,2022,1,0.67,1551.6
151077,2022,7,0.39,6719.5
151077,2022,10,0.53,2938.2
133787,2022,1,0.41,3555.1
133790,2022,1,0.41,3464.2
133787,2022,5,0.48,6097
133787,2022,8,0.61,5149.6
133787,2022,12,0.39,3152.4
133790,2022,8,0.64,4746.7
134319,2022,12,0.38,3417.1
134361,2022,3,0.29,5482.2
134361,2022,7,0.5,5891.8
134361,2022,10,0.28,5135.7
134895,2022,5,0.17,8560.9
134895,2022,7,0.53,6421.7
134896,2022,9,0.42,5676.9
135515,2022,10,0.26,5040.4
136045,2022,1,0.32,3715.3
136045,2022,10,0.2,5040.2
136090,2022,7,0.46,6409.6
136621,2022,7,0.42,7308.8
136621,2022,12,0.42,2928.2
137194,2022,1,0.33,3565.6
137194,2022,8,0.27,6807.9
137241,2022,9,0.24,5711.3
137243,2022,10,0.29,4808.8
137819,2022,5,0.41,6842.8
138349,2022,1,0.28,3657.1
138347,2022,3,0.31,5964.1
138348,2022,4,0.22,7641.7
138347,2022,6,0.16,8668.7
138348,2022,6,0.18,8618.2
138347,2022,10,0.18,4988.5
138349,2022,8,0.39,6110.6
138924,2022,10,0.18,4983.8
138924,2022,3,0.33,5840.6
138922,2022,4,0.22,7493.8
138924,2022,5,0.25,8701.6
138924,2022,6,0.17,8677.6
138922,2022,10,0.13,5111.1
144732,2022,1,0.6,2035.9
144732,2022,5,0.6,6082.5
148770,2022,2,0.68,2324.9
148770,2022,9,0.42,4657.5
149346,2022,11,0.61,1698.7
149922,2022,11,0.63,1685.9
151077,2022,5,0.62,5971.6
133786,2022,4,0.37,6489.3
133786,2022,5,0.46,6233.9
133786,2022,7,0.55,5578.1
133787,2022,7,0.57,5508.2
133786,2022,9,0.45,5100.5
133787,2022,9,0.46,4959
133787,2022,11,0.54,3402.3
134361,2022,4,0.36,6439.4
134361,2022,6,0.49,6959.1
134361,2022,12,0.42,3048.5
134895,2022,9,0.41,5673.9
134896,2022,5,0.16,8616.1
134896,2022,10,0.35,4802.3
134943,2022,5,0.48,5902.4
134943,2022,8,0.65,4667.5
134943,2022,9,0.5,4831.6
135515,2022,12,0.5,2775.1
136045,2022,4,0.21,7573.7
136045,2022,8,0.28,6943.4
136090,2022,4,0.37,6473.5
136620,2022,2,0.17,4760
136620,2022,8,0.26,6940
136620,2022,12,0.42,2958.5
137194,2022,11,0.22,4008.8
137243,2022,1,0.44,3096.2
137241,2022,3,0.34,5437.6
137241,2022,5,0.42,6832.7
137243,2022,6,0.53,7345.7
137243,2022,7,0.43,6994
137819,2022,6,0.54,7252.6
138349,2022,2,0.19,4856.7
138346,2022,3,0.28,6025.1
138349,2022,3,0.31,5938.3
138346,2022,10,0.14,5083
138348,2022,12,0.48,2781.3
138349,2022,5,0.2,8743.8
138349,2022,10,0.21,4899.5
138922,2022,6,0.14,8710.6
144732,2022,10,0.45,3875.9
148770,2022,1,0.59,1710.3
148770,2022,6,0.46,7003.9
149346,2022,12,0.68,1172.3
149922,2022,12,0.7,1075.2
133790,2022,2,0.39,4273
133786,2022,8,0.59,5314.6
133786,2022,12,0.39,3161.9
133790,2022,3,0.32,5374.9
133790,2022,10,0.25,5143.1
134895,2022,1,0.35,3884.4
134896,2022,4,0.2,7823.9
134943,2022,11,0.52,3256.4
135515,2022,5,0.43,6656.9
136045,2022,11,0.28,4050.6
136090,2022,2,0.42,4114.9
136090,2022,3,0.3,5497.1
136090,2022,6,0.54,7084.5
136090,2022,8,0.62,5534.1
136090,2022,12,0.55,2606.6
136620,2022,1,0.33,3674.1
136620,2022,4,0.2,7537.9
136621,2022,5,0.16,8426.4
136620,2022,6,0.14,8375.7
136620,2022,11,0.26,4030.7
137194,2022,9,0.22,6049
137241,2022,1,0.46,3047
137243,2022,5,0.4,6940.6
137241,2022,7,0.4,7025.9
137243,2022,9,0.26,5767.2
137819,2022,12,0.57,2329.4
138347,2022,2,0.17,4871.8
138347,2022,4,0.22,7604.3
138346,2022,6,0.13,8688
138347,2022,7,0.43,7266.8
138347,2022,11,0.24,3893.5
138924,2022,2,0.18,4860
138924,2022,11,0.26,3848.8
138922,2022,12,0.44,2712.2
138924,2022,8,0.39,5935.2
144732,2022,4,0.56,5135.5
144732,2022,9,0.38,5014
148770,2022,5,0.62,6087.5
148770,2022,10,0.51,3204.2
149346,2022,10,0.52,3101.2
149922,2022,2,0.68,2178.2
149922,2022,5,0.63,6143.6
149922,2022,9,0.43,4452.9
133786,2022,1,0.41,3533.5
133787,2022,3,0.32,5294.2
133790,2022,5,0.48,5875.6
134319,2022,4,0.2,7838.9
134896,2022,6,0.31,7471.3
134896,2022,7,0.52,6383.6
135515,2022,8,0.62,5377.8
136045,2022,2,0.18,4778.1
136045,2022,3,0.21,6204.8
136045,2022,6,0.17,8187.9
136045,2022,7,0.43,7353.5
136090,2022,5,0.42,6882.2
136620,2022,5,0.17,8452
136621,2022,11,0.29,3977
137194,2022,6,0.12,8549.8
137194,2022,7,0.36,7510.4
137194,2022,10,0.17,5066.7
137243,2022,4,0.4,6419.7
137243,2022,11,0.5,3236.9
137819,2022,1,0.45,3104.7
138346,2022,1,0.3,3490.6
138348,2022,2,0.19,4858.9
138346,2022,7,0.37,7567.3
138348,2022,8,0.38,6065.6
138348,2022,9,0.27,6059.6
138348,2022,10,0.2,4906
138349,2022,12,0.47,2836.5
138922,2022,3,0.29,5961.9
144732,2022,3,0.57,4114
144732,2022,8,0.33,6081.9
144732,2022,11,0.49,2639.5
144732,2022,12,0.66,1641.3
149346,2022,1,0.64,1581.5
149346,2022,7,0.36,6706
149922,2022,7,0.37,6714.4
149922,2022,10,0.54,3029.3
151077,2022,9,0.42,4510.4
133790,2023,4,0.53,5851.7
133787,2023,9,0.4,5437.6
133787,2023,10,0.3,5069.4
133787,2023,11,0.49,3522
133790,2023,2,0.47,4420.9
133790,2023,9,0.45,5348.8
134319,2023,2,0.38,4658.5
134319,2023,10,0.14,5519.1
134319,2023,12,0.32,3586.1
134895,2023,2,0.35,4601.5
134895,2023,9,0.26,6398.7
134896,2023,3,0.44,5779.9
135515,2023,3,0.44,4955.4
135515,2023,9,0.44,5370
136045,2023,7,0.26,7867.4
136090,2023,1,0.51,3040.9
136090,2023,11,0.49,3264.9
136090,2023,12,0.55,2665.7
136620,2023,11,0.23,3898
137241,2023,1,0.56,2823.1
137243,2023,4,0.5,5939.9
137241,2023,5,0.46,6626.9
137243,2023,5,0.5,6657.5
137243,2023,10,0.24,4843.3
137819,2023,2,0.66,3413.2
137819,2023,3,0.46,4901.5
137819,2023,7,0.43,6805.3
138346,2023,1,0.39,3160.2
138346,2023,2,0.34,4320.6
138348,2023,4,0.29,7551
138349,2023,4,0.26,7556
138347,2023,12,0.48,3029.8
138348,2023,1,0.47,3167.5
138924,2023,5,0.23,8177.7
144732,2023,1,0.63,1783.5
144732,2023,9,0.35,5174.6
149346,2023,10,0.57,2771.6
151077,2023,4,0.63,4752.7
133786,2023,3,0.43,5187.2
133790,2023,3,0.41,5361.3
133787,2023,4,0.52,5904.8
133787,2023,6,0.4,6587.4
133786,2023,9,0.39,5432.4
133790,2023,7,0.52,5820.7
133790,2023,11,0.51,3473.5
133790,2023,8,0.45,6183
134319,2023,8,0.4,6460
134319,2023,9,0.26,6476.4
134896,2023,5,0.2,8202.1
134943,2023,4,0.49,6141.9
135515,2023,1,0.48,3270.2
135515,2023,5,0.48,6467
135515,2023,7,0.49,6354
136045,2023,3,0.44,5510.1
136090,2023,4,0.51,6101.5
136620,2023,3,0.45,5322.4
136620,2023,4,0.25,7357.7
136621,2023,6,0.13,8663.8
137194,2023,8,0.19,7120.3
137243,2023,3,0.45,4918.4
137241,2023,4,0.5,6036.1
137241,2023,6,0.4,6784.3
137243,2023,9,0.4,5623.9
137819,2023,5,0.53,6671.5
137819,2023,11,0.43,3311.2
138348,2023,3,0.53,5175.7
138347,2023,4,0.29,7537.4
138347,2023,5,0.19,8225.6
138924,2023,1,0.47,3144.7
138924,2023,7,0.25,8189.7
138924,2023,10,0.09,5318
138924,2023,11,0.28,3861.1
144732,2023,2,0.52,3193.6
144732,2023,7,0.32,6693.4
144732,2023,11,0.46,2736.8
149346,2023,5,0.44,6721.4
149346,2023,7,0.43,6472.7
149346,2023,8,0.44,5991.6
149346,2023,12,0.71,1201.6
149922,2023,4,0.62,4786.3
149922,2023,12,0.7,1224.2
151077,2023,8,0.48,5570.5
133786,2023,1,0.41,3515
133786,2023,4,0.52,5898.3
133787,2023,5,0.48,6337
133787,2023,7,0.55,5673.6
133786,2023,12,0.6,2788.2
134319,2023,11,0.27,4056.2
134361,2023,5,0.49,6345.6
134895,2023,10,0.12,5480.2
134896,2023,4,0.19,7942.3
134896,2023,11,0.26,3999.3
134896,2023,12,0.31,3529.9
138349,2023,8,0.27,6871
134943,2023,5,0.52,6119.6
135515,2023,4,0.49,6175.3
136045,2023,8,0.22,7141.1
136090,2023,7,0.43,6703.8
136090,2023,10,0.26,4899.1
136621,2023,1,0.38,3316.3
136621,2023,2,0.28,4475.5
136621,2023,5,0.15,8300.4
136621,2023,7,0.24,7921.4
136620,2023,8,0.21,7169.2
136620,2023,12,0.38,3193.8
136621,2023,12,0.36,3161.3
137241,2023,3,0.46,4831.6
137241,2023,8,0.37,6572.8
137241,2023,9,0.42,5515.6
137243,2023,2,0.65,3523.3
137819,2023,9,0.39,5743.7
138347,2023,1,0.43,3163.3
138347,2023,3,0.51,5149.7
138349,2023,3,0.51,5273.5
138346,2023,5,0.17,8209.8
138347,2023,6,0.14,8750.7
138348,2023,6,0.14,8845
138348,2023,7,0.26,8143.9
138346,2023,8,0.19,7172.1
138346,2023,10,0.07,5300.2
138349,2023,9,0.21,6055.8
138349,2023,12,0.44,3079.6
138922,2023,3,0.47,5107.3
138922,2023,4,0.3,7501.2
138922,2023,5,0.2,8197.7
138922,2023,6,0.16,8471.9
138922,2023,7,0.22,8222.9
151077,2023,12,0.7,1159.1
148770,2023,10,0.54,2946.9
149346,2023,1,0.74,1344.1
149922,2023,2,0.61,2140
149922,2023,7,0.44,6529.3
149922,2023,8,0.44,5911.6
133786,2023,8,0.51,6146.8
133787,2023,8,0.48,6197.8
133787,2023,12,0.59,2795.1
134319,2023,5,0.21,8249.5
134896,2023,2,0.35,4682.5
134896,2023,6,0.28,8389.6
134943,2023,1,0.48,3443.2
135515,2023,6,0.39,6722.8
135515,2023,8,0.39,6594.6
135515,2023,10,0.26,4889.3
136045,2023,2,0.27,4611.9
136045,2023,11,0.26,3885.7
136045,2023,12,0.36,3251.3
136090,2023,5,0.47,6559.8
136621,2023,3,0.45,5308.2
136620,2023,7,0.26,7815.3
137194,2023,12,0.43,3100.4
137819,2023,1,0.56,2733.8
137819,2023,12,0.5,2586.8
138349,2023,6,0.14,8874
138349,2023,7,0.25,8107.9
138349,2023,1,0.45,3215.2
138922,2023,1,0.4,3066.2
138924,2023,2,0.39,4254.3
138922,2023,12,0.48,3035.4
144732,2023,3,0.53,4043.2
144732,2023,8,0.38,6341.4
144732,2023,12,0.63,1686.5
148770,2023,2,0.54,2569.7
148770,2023,11,0.5,1959.8
149922,2023,10,0.59,2585.9
151077,2023,5,0.39,6826.7
133786,2023,6,0.38,6604.5
133786,2023,7,0.55,5715.7
134319,2023,7,0.3,7753.3
134361,2023,1,0.43,3412.7
134361,2023,12,0.6,2731.3
134896,2023,1,0.39,3725
134895,2023,8,0.36,6588.7
134895,2023,12,0.31,3505.1
134896,2023,8,0.4,6509.4
134943,2023,6,0.46,6324.6
134943,2023,8,0.45,6262.4
135515,2023,12,0.57,2664.3
136621,2023,9,0.2,6143.2
137194,2023,9,0.17,6105.9
137194,2023,10,0.04,5362.1
137194,2023,11,0.22,3851
137241,2023,7,0.42,6822.8
137243,2023,7,0.42,6846.8
137243,2023,11,0.44,3333.2
137819,2023,4,0.51,5858.9
137819,2023,6,0.38,6802.2
137819,2023,8,0.36,6650.8
138347,2023,2,0.38,4270.5
138349,2023,2,0.35,4356.1
138347,2023,7,0.26,8188.9
138347,2023,8,0.22,7028.5
138347,2023,9,0.21,6114.6
138348,2023,12,0.47,3046.1
138922,2023,2,0.37,4246.1
138924,2023,9,0.23,6124.9
144732,2023,4,0.52,5444.4
148770,2023,4,0.61,4703.8
148770,2023,8,0.41,6191
149922,2023,5,0.46,6718.8
149922,2023,6,0.5,6178.8
149922,2023,11,0.58,1813.3
151077,2023,2,0.65,2060.3
151077,2023,6,0.53,5748.8
133786,2023,2,0.48,4389.6
133787,2023,1,0.41,3555.6
133787,2023,2,0.48,4385.3
133787,2023,3,0.43,5208.7
133790,2023,1,0.41,3617.6
133786,2023,11,0.49,3509.4
133790,2023,10,0.31,4922.5
134319,2023,1,0.38,3802.3
134319,2023,4,0.18,7949
134319,2023,6,0.29,8337.2
134895,2023,4,0.2,7879.6
134895,2023,5,0.19,8229
134895,2023,6,0.25,8482.9
134896,2023,10,0.13,5456.3
134943,2023,11,0.51,3397.5
134943,2023,12,0.54,2724.2
135515,2023,11,0.51,3295.1
136045,2023,4,0.25,7403.6
136045,2023,5,0.16,8296.4
136090,2023,9,0.44,5474
136620,2023,6,0.12,8734.6
137194,2023,1,0.39,3310.2
137194,2023,2,0.3,4474.3
137194,2023,3,0.47,5322
137194,2023,6,0.1,8681
137241,2023,2,0.67,3453.8
137243,2023,8,0.35,6654.5
137241,2023,10,0.27,4654
137241,2023,11,0.43,3286.8
137819,2023,10,0.23,4809.7
138349,2023,5,0.2,8165.3
138348,2023,10,0.08,5370.9
138346,2023,12,0.46,3039.9
138349,2023,10,0.07,5342.7
138349,2023,11,0.25,3880
138924,2023,8,0.26,6780.6
148770,2023,12,0.71,1205.9
149346,2023,3,0.59,3792.3
149346,2023,4,0.62,4742.6
149346,2023,6,0.48,6272.4
149922,2023,3,0.58,3770.1
149922,2023,9,0.36,4715.7
151077,2023,3,0.65,3372.1
151077,2023,10,0.65,2424.9
133790,2023,6,0.48,6294.7
133790,2023,12,0.55,2787.7
134361,2023,4,0.52,6002.2
134361,2023,6,0.38,6730.8
134361,2023,11,0.51,3377.2
134895,2023,3,0.43,5755.3
134895,2023,7,0.27,7929
134896,2023,7,0.3,7824
134896,2023,9,0.28,6296.9
134943,2023,2,0.53,4146.3
134943,2023,3,0.43,5222.5
134943,2023,9,0.48,5200.7
135515,2023,2,0.57,4048.3
136045,2023,1,0.38,3452
136045,2023,9,0.22,6241.3
136090,2023,2,0.61,3773.8
136090,2023,3,0.44,4895.5
136090,2023,8,0.38,6687.7
136620,2023,2,0.28,4503
136620,2023,9,0.19,6130.5
136620,2023,10,0.04,5390.4
136621,2023,10,0.04,5367.1
136621,2023,11,0.25,3858.1
137194,2023,5,0.14,8292.7
137194,2023,7,0.25,7923.3
137243,2023,1,0.54,2810.2
137241,2023,12,0.52,2678.9
137243,2023,12,0.5,2624.3
138346,2023,3,0.48,5201.5
138346,2023,4,0.29,7499.1
138348,2023,5,0.2,8197.2
138348,2023,8,0.26,6865.8
138346,2023,9,0.19,6156.3
138348,2023,9,0.22,6079.6
138346,2023,11,0.23,3838.7
138347,2023,11,0.26,3865.1
138924,2023,4,0.29,7587.9
138924,2023,6,0.17,8700.4
138922,2023,10,0.08,5255
144732,2023,5,0.49,6368.5
144732,2023,10,0.4,3528.2
148770,2023,1,0.71,1456
148770,2023,3,0.58,3707.3
148770,2023,5,0.43,6797.5
148770,2023,7,0.41,6530.3
149346,2023,9,0.36,4834.2
151077,2023,7,0.47,6189.7
151077,2023,9,0.36,4771.1
151077,2023,11,0.57,1719
133786,2023,5,0.48,6285
133790,2023,5,0.51,6074.5
133786,2023,10,0.3,5069.5
134319,2023,3,0.45,5878.9
134361,2023,2,0.5,4295.1
134361,2023,3,0.42,5101.8
134361,2023,7,0.48,6172.4
134361,2023,8,0.42,6441.9
134361,2023,9,0.4,5477.5
134361,2023,10,0.28,4974.6
134895,2023,1,0.38,3694.3
134895,2023,11,0.26,3986.4
134943,2023,7,0.54,5862.8
134943,2023,10,0.28,4826.3
136045,2023,6,0.16,8607.4
136045,2023,10,0.06,5406.1
136090,2023,6,0.37,6780.9
136620,2023,1,0.38,3335.2
136621,2023,4,0.28,7336.4
136620,2023,5,0.14,8299
136621,2023,8,0.21,7197.3
137194,2023,4,0.26,7458.5
137243,2023,6,0.38,6756.6
138348,2023,2,0.38,4304.2
138346,2023,6,0.13,8602.1
138346,2023,7,0.24,8168.2
138347,2023,10,0.07,5368.4
138348,2023,11,0.27,3865
138924,2023,3,0.52,5126.1
138922,2023,8,0.19,7155.8
138922,2023,9,0.18,6206.4
138922,2023,11,0.25,3811.8
138924,2023,12,0.48,3022.7
144732,2023,6,0.43,6667.6
148770,2023,6,0.46,6332.3
148770,2023,9,0.38,4935.1
149346,2023,2,0.6,2326.8
149346,2023,11,0.55,1872.5
149922,2023,1,0.73,1338.3
151077,2023,1,0.67,1408.2
133786,2024,3,0.57,4829.2
133790,2024,1,0.6,3194.4
133790,2024,2,0.51,4121.3
133787,2024,5,0.41,6368.5
133787,2024,6,0.42,7038.2
134319,2024,11,0.33,4143.7
134361,2024,9,0.48,4841.6
134896,2024,4,0.24,7622.7
134896,2024,5,0.07,8771.6
134896,2024,7,0.37,7228.2
138349,2024,5,0.18,8303.6
134943,2024,3,0.55,4868.9
134943,2024,8,0.44,5574.1
135515,2024,5,0.43,6392.2
135515,2024,9,0.43,5256.3
136045,2024,11,0.28,3951.6
136090,2024,3,0.54,4947.1
136090,2024,10,0.13,5049.7
136620,2024,1,0.38,3257.8
136621,2024,9,0.02,6660.3
136621,2024,10,0.18,5301.6
137194,2024,1,0.41,3264.6
137194,2024,9,0.04,6575.9
137819,2024,6,0.44,7488.9
137819,2024,9,0.49,4905.5
138346,2024,2,0.41,4017.1
138349,2024,4,0.19,7483
138348,2024,8,0.31,6543.1
138348,2024,10,0.22,5136.4
138349,2024,8,0.35,6439.2
138924,2024,2,0.45,4030.8
138922,2024,6,0.16,8717.3
138922,2024,10,0.17,5078.2
144732,2024,11,0.56,2258.9
148770,2024,5,0.56,6080.8
148770,2024,9,0.35,4895
149346,2024,5,0.57,6071
149346,2024,8,0.42,5719.7
149922,2024,4,0.61,4503.6
151077,2024,10,0.47,2928.9
133786,2024,2,0.52,4026.2
133786,2024,4,0.48,6230.7
133790,2024,4,0.49,6263.2
133790,2024,5,0.42,6323.5
133787,2024,11,0.36,3712.9
134361,2024,3,0.55,4862.7
134361,2024,5,0.42,6571.1
134361,2024,7,0.54,5919.3
134361,2024,12,0.33,3309.9
134895,2024,6,0.37,7825.7
134943,2024,2,0.54,3864.5
134943,2024,10,0.16,4827.4
134943,2024,12,0.33,3115.4
136045,2024,5,0.09,8382.4
136045,2024,9,0.02,6708.2
136045,2024,12,0.32,3433
136090,2024,6,0.43,7357.8
136090,2024,7,0.52,6337
136620,2024,8,0.2,6999.6
136620,2024,9,0.02,6663.8
137194,2024,2,0.39,4239.6
137241,2024,1,0.52,2926.1
137243,2024,5,0.48,6291.5
137241,2024,11,0.38,3419.6
137819,2024,8,0.25,7070.3
137819,2024,10,0.12,4949.1
138349,2024,3,0.38,5571
138348,2024,4,0.19,7506
138347,2024,6,0.23,8506.2
138347,2024,9,0.06,6606.7
138346,2024,12,0.43,3163.9
138348,2024,5,0.17,8294
138922,2024,8,0.24,7125.6
138924,2024,9,0.1,6596.1
144732,2024,1,0.68,1634.1
144732,2024,8,0.3,6522.7
148770,2024,10,0.4,3355.2
149346,2024,1,0.74,1338.9
149922,2024,6,0.57,5977.8
149922,2024,7,0.41,6501.6
149922,2024,10,0.44,3177.3
151077,2024,3,0.63,3677.9
133786,2024,1,0.58,3411.4
133786,2024,6,0.42,7048.7
133790,2024,6,0.41,7048
133790,2024,10,0.22,4766.9
134319,2024,5,0.07,8762.6
134319,2024,9,0.06,6816.9
134896,2024,2,0.43,4538.8
134895,2024,5,0.08,8684.5
134895,2024,11,0.31,4067.2
134896,2024,3,0.36,5810.1
135515,2024,4,0.47,6425
135515,2024,8,0.36,6716.7
135515,2024,10,0.13,5062.5
135515,2024,11,0.36,3505
136045,2024,2,0.4,4224.6
136090,2024,4,0.48,6364.1
136090,2024,12,0.37,2968.1
136620,2024,2,0.4,4284.7
136621,2024,2,0.42,4203.6
136621,2024,3,0.28,5873.4
136620,2024,4,0.11,7640.8
136620,2024,6,0.26,8198.9
136620,2024,7,0.15,7857.6
136621,2024,8,0.2,7137.2
136620,2024,10,0.17,5306.4
137194,2024,4,0.12,7538.4
137194,2024,10,0.18,5214.8
137243,2024,6,0.42,7415.8
137241,2024,10,0.11,5043.4
137819,2024,3,0.53,4907.2
138347,2024,2,0.44,4031.3
138348,2024,2,0.45,4128.7
138347,2024,5,0.15,8318.3
138348,2024,6,0.27,8329.6
138346,2024,8,0.23,7157.8
138347,2024,8,0.25,6918.1
138349,2024,11,0.28,3796.2
138922,2024,2,0.43,3936.9
138924,2024,4,0.21,7459.9
138924,2024,7,0.14,8245.6
144732,2024,6,0.45,6871.7
148770,2024,11,0.54,1910.5
149346,2024,2,0.52,2565.9
149346,2024,3,0.63,3635.5
149346,2024,11,0.56,1815.7
149922,2024,3,0.64,3558.8
151077,2024,4,0.61,4364.7
151077,2024,6,0.56,6027
151077,2024,8,0.46,5535.9
133786,2024,7,0.59,5666.5
133786,2024,8,0.47,6125.6
133787,2024,12,0.33,3357.4
133790,2024,12,0.34,3237.2
134319,2024,6,0.39,7637
134319,2024,7,0.35,7062.9
134361,2024,8,0.44,6548.2
134895,2024,10,0.12,5561.6
134895,2024,12,0.26,3729.9
135515,2024,6,0.43,7304.2
136090,2024,11,0.38,3501.6
137194,2024,11,0.28,3892.5
137243,2024,1,0.5,2962.9
137241,2024,9,0.46,5149.3
137243,2024,10,0.12,5017.8
138347,2024,1,0.47,3085.7
138348,2024,3,0.4,5556.5
138346,2024,6,0.17,8596.2
138347,2024,7,0.07,8382.8
138349,2024,6,0.27,8203.4
138349,2024,10,0.22,5179.7
138922,2024,1,0.45,3098.8
138922,2024,3,0.39,5458.6
138922,2024,7,0.06,8400.4
138924,2024,10,0.21,5090.5
138922,2024,12,0.43,3093
148770,2024,2,0.49,2714.8
148770,2024,12,0.68,1124.9
149346,2024,10,0.42,3242.6
149922,2024,1,0.75,1276.1
149922,2024,5,0.55,6099.4
149922,2024,9,0.31,4836.4
149922,2024,12,0.72,1040.4
151077,2024,5,0.58,5877.2
151077,2024,7,0.44,6292.9
133787,2024,4,0.48,6213.9
133786,2024,11,0.37,3663.9
133790,2024,9,0.46,4768.6
133790,2024,11,0.34,3778.4
134319,2024,2,0.4,4529.6
134319,2024,1,0.37,3817.4
134319,2024,12,0.27,3852.8
134361,2024,4,0.49,6122.4
134361,2024,6,0.43,7132.5
134895,2024,1,0.36,3702
134895,2024,3,0.36,5752.7
134895,2024,4,0.21,7620.6
134895,2024,8,0.37,6451.1
134896,2024,9,0.06,6801.3
134943,2024,1,0.55,3207.5
134943,2024,4,0.46,6391
135515,2024,1,0.48,3331.4
136045,2024,10,0.14,5369.3
136090,2024,2,0.57,3650.3
136621,2024,5,0.08,8335.5
136621,2024,6,0.33,8058
137194,2024,8,0.2,7127.6
137194,2024,12,0.43,3252
137241,2024,2,0.56,3617.3
137243,2024,2,0.55,3578.6
137241,2024,5,0.51,6322
137241,2024,7,0.53,6570.1
137241,2024,8,0.19,7262.5
137243,2024,11,0.4,3392.3
138349,2024,1,0.46,3170.8
138349,2024,2,0.42,4292.2
138347,2024,4,0.18,7499.1
138346,2024,5,0.12,8333.8
138348,2024,11,0.3,3769
138348,2024,12,0.41,3236.6
138924,2024,5,0.18,8261.4
138924,2024,8,0.32,6446.4
138924,2024,11,0.3,3724.8
144732,2024,10,0.28,4170.2
144732,2024,12,0.65,1661.3
148770,2024,8,0.42,5714
149922,2024,2,0.52,2506.9
149922,2024,8,0.43,5748.2
151077,2024,1,0.72,1382.5
133790,2024,7,0.64,5706.8
133787,2024,10,0.17,4994.1
133790,2024,3,0.59,4877.1
134319,2024,8,0.41,6207.5
134361,2024,2,0.53,3908
134361,2024,11,0.38,3526.5
134895,2024,9,0.05,6791.2
134896,2024,6,0.38,7842
134896,2024,11,0.32,4107.1
134896,2024,12,0.25,3754.8
134943,2024,6,0.38,7130.7
134943,2024,9,0.48,4634.4
135515,2024,2,0.55,3741.8
135515,2024,3,0.54,4937.6
136045,2024,6,0.34,7997.3
136090,2024,1,0.49,3234.8
136621,2024,4,0.12,7555.6
136620,2024,12,0.35,3349.3
137194,2024,3,0.31,5909.4
137194,2024,5,0.11,8301.8
137194,2024,6,0.2,8331.7
137194,2024,7,0.1,8029.8
137241,2024,4,0.48,6201
137243,2024,7,0.5,6692
137243,2024,9,0.45,5067.1
137241,2024,12,0.43,2787.3
137243,2024,12,0.42,2745.4
137819,2024,2,0.52,3637.9
137819,2024,4,0.45,6324.8
137819,2024,5,0.51,6183.3
137819,2024,11,0.41,3325.8
138346,2024,1,0.43,3143.7
138347,2024,3,0.38,5598.2
138348,2024,7,0.14,8258.2
138346,2024,9,0.04,6583.9
138346,2024,11,0.3,3786.1
138349,2024,9,0.1,6555.9
138349,2024,12,0.35,3298.3
138922,2024,4,0.18,7413.7
138922,2024,5,0.12,8420
138924,2024,12,0.42,3158.4
144732,2024,7,0.37,6840.8
151077,2024,12,0.74,1066.5
151077,2024,11,0.56,1642
133787,2024,2,0.51,4092.3
133787,2024,3,0.58,4896.1
133790,2024,8,0.46,5473.1
133786,2024,5,0.42,6474.1
133787,2024,7,0.61,5635.4
133787,2024,8,0.45,6011.6
133786,2024,9,0.49,4748.2
133787,2024,9,0.48,4799.9
134361,2024,1,0.52,3460
134895,2024,2,0.41,4464.3
134895,2024,7,0.3,7379.4
134943,2024,5,0.42,6315
134943,2024,11,0.37,3541.7
135515,2024,7,0.56,5971.8
136045,2024,1,0.38,3306.7
136045,2024,3,0.25,5956.3
136045,2024,8,0.21,7052.5
136090,2024,5,0.45,6485.8
136090,2024,8,0.28,7099.8
136090,2024,9,0.42,5320.9
136620,2024,3,0.28,5947.1
136620,2024,5,0.09,8332
136620,2024,11,0.28,3886
136621,2024,12,0.33,3349.7
137241,2024,3,0.56,4774
137243,2024,3,0.53,4899
137241,2024,6,0.42,7436.6
137243,2024,8,0.24,7127.1
137819,2024,1,0.49,2914.7
137819,2024,12,0.43,2723.8
138346,2024,3,0.35,5609.5
138346,2024,4,0.16,7438
138346,2024,7,0.06,8321.6
138346,2024,10,0.18,5085.7
138347,2024,11,0.31,3759.2
138347,2024,12,0.43,3195
138349,2024,7,0.18,8041.8
138924,2024,1,0.5,3044.2
138924,2024,3,0.43,5436
138924,2024,6,0.26,8455.6
138922,2024,9,0.05,6557.3
138922,2024,11,0.31,3762.2
144732,2024,3,0.52,4226.1
144732,2024,5,0.51,6184
144732,2024,9,0.39,5047.5
148770,2024,3,0.61,3676
148770,2024,4,0.61,4721.2
148770,2024,7,0.38,6513.2
149346,2024,4,0.6,4620.6
149346,2024,7,0.39,6527
149346,2024,9,0.33,4864
149346,2024,12,0.71,1057.9
149922,2024,11,0.57,1762.3
151077,2024,2,0.59,2346.7
133787,2024,1,0.58,3354.9
133786,2024,10,0.16,5040.7
133786,2024,12,0.33,3333.9
134319,2024,3,0.38,5840.4
134319,2024,4,0.24,7634.9
134319,2024,10,0.13,5646.5
134361,2024,10,0.13,5076.1
134896,2024,1,0.37,3712.5
134896,2024,10,0.12,5613.6
134896,2024,8,0.4,6224.4
134943,2024,7,0.65,5403.7
135515,2024,12,0.35,3078.9
136045,2024,4,0.11,7632.2
136045,2024,7,0.17,7715.1
136621,2024,1,0.4,3208.6
136621,2024,7,0.16,7791.7
136621,2024,11,0.28,3867.9
137243,2024,4,0.45,6361.7
137819,2024,7,0.52,6671.7
138348,2024,1,0.49,3074.7
138348,2024,9,0.09,6589
138347,2024,10,0.2,5117.7
144732,2024,2,0.49,3306.6
144732,2024,4,0.54,5648.4
148770,2024,1,0.72,1471.1
148770,2024,6,0.54,6097.3
149346,2024,6,0.56,6047.6
151077,2024,9,0.31,4610.4