MERRA_ID,YEAR,MONTH,REL_HUM_AVG_AVG
133787,2014,3,82
133787,2014,4,84
134319,2014,7,50
134895,2014,7,45
138349,2014,2,45
134896,2014,1,35
136045,2014,2,36
136090,2014,1,76
137241,2014,4,80
149346,2014,1,80
149346,2014,2,79
136090,2014,5,79
137194,2014,3,24
138346,2014,5,17
138922,2014,1,33
134361,2014,10,71
134361,2014,12,85
136090,2014,4,81
136090,2014,6,78
138348,2014,4,30
138348,2014,5,24
136621,2014,4,19
149346,2014,5,75
134943,2014,10,71
136620,2014,7,27
136620,2014,10,32
138349,2014,12,64
138924,2014,7,42
148770,2014,7,67
149346,2014,11,80
149922,2014,11,79
151077,2014,8,76
151077,2014,11,77
138348,2014,9,48
136621,2014,8,38
138347,2014,10,38
138347,2014,11,37
138347,2014,12,58
138348,2014,10,41
134943,2014,11,72
137194,2014,12,49
137243,2014,12,86
148770,2014,10,81
148770,2014,9,73
136045,2014,12,51
144732,2014,12,83
134319,2014,3,36
134319,2014,9,61
134895,2014,3,34
133790,2014,5,75
134361,2014,2,85
134361,2014,3,82
137819,2014,5,79
137194,2014,1,28
133790,2014,8,74
134361,2014,6,82
136090,2014,2,84
136621,2014,1,35
137241,2014,6,79
135515,2014,3,81
135515,2014,5,80
136045,2014,6,14
136620,2014,3,28
138346,2014,3,27
144732,2014,3,75
144732,2014,6,78
149922,2014,1,78
133790,2014,11,74
133790,2014,12,87
134361,2014,9,74
134896,2014,4,24
138346,2014,6,13
134943,2014,9,81
135515,2014,6,79
135515,2014,8,65
144732,2014,10,75
149346,2014,9,73
149346,2014,10,81
137241,2014,12,86
138346,2014,9,37
148770,2014,3,78
135515,2014,11,67
149346,2014,12,82
134896,2014,12,59
136621,2014,12,49
133787,2014,6,82
133786,2014,10,72
133786,2014,12,86
134319,2014,12,57
134895,2014,4,21
137819,2014,7,71
134895,2014,8,50
134895,2014,6,16
135515,2014,1,78
151077,2014,2,85
133790,2014,7,71
138346,2014,1,28
138348,2014,1,35
136621,2014,2,34
137243,2014,1,75
134943,2014,5,71
137194,2014,5,18
137243,2014,5,79
138924,2014,1,37
138924,2014,2,43
149922,2014,2,76
149922,2014,5,70
134361,2014,11,70
136045,2014,7,28
135515,2014,7,71
136045,2014,9,41
136620,2014,12,49
138922,2014,7,31
144732,2014,7,74
136620,2014,9,39
136621,2014,9,41
137241,2014,11,70
138347,2014,7,36
138348,2014,11,42
137194,2014,10,28
137243,2014,11,69
138922,2014,9,38
138922,2014,10,31
148770,2014,8,70
134943,2014,12,86
133787,2014,8,70
133790,2014,1,81
134319,2014,1,32
134319,2014,5,19
137819,2014,2,82
134361,2014,7,75
134943,2014,6,71
136620,2014,2,33
137194,2014,2,28
149922,2014,6,68
134896,2014,5,19
137194,2014,4,20
137241,2014,9,70
138347,2014,5,21
138348,2014,6,15
138349,2014,6,16
144732,2014,4,74
137243,2014,8,65
138922,2014,5,18
144732,2014,9,68
151077,2014,9,76
134896,2014,7,47
134896,2014,9,58
134943,2014,7,72
138924,2014,8,49
136621,2014,6,12
138349,2014,8,51
138346,2014,11,30
137243,2014,7,69
137243,2014,10,73
137194,2014,11,29
135515,2014,12,85
138924,2014,10,41
148770,2014,12,84
133786,2014,3,82
133787,2014,10,72
134319,2014,2,36
134319,2014,6,18
134895,2014,1,33
134319,2014,8,56
133790,2014,3,79
134361,2014,4,84
137819,2014,6,78
137819,2014,9,72
137819,2014,12,84
137241,2014,1,74
136090,2014,3,80
138347,2014,2,36
134943,2014,3,76
138349,2014,3,37
151077,2014,4,77
134896,2014,3,35
136620,2014,4,20
149346,2014,6,70
134943,2014,8,75
136045,2014,8,38
136620,2014,11,30
137243,2014,6,77
144732,2014,8,69
148770,2014,6,71
134896,2014,8,53
136090,2014,8,66
137194,2014,7,26
138347,2014,9,45
138924,2014,12,63
134896,2014,10,50
133786,2014,2,85
133787,2014,1,80
133786,2014,4,84
133786,2014,5,81
133786,2014,6,82
133786,2014,7,75
133787,2014,7,73
133786,2014,9,77
134319,2014,4,24
133790,2014,4,81
133790,2014,6,74
137819,2014,1,75
134895,2014,9,54
134895,2014,11,44
151077,2014,3,88
133790,2014,9,82
134361,2014,8,71
137241,2014,2,83
137243,2014,2,83
135515,2014,2,86
136620,2014,6,14
138347,2014,3,30
138349,2014,5,27
138922,2014,2,32
151077,2014,5,73
151077,2014,7,74
134896,2014,2,39
135515,2014,4,83
137241,2014,8,66
149346,2014,7,69
136090,2014,10,72
137194,2014,6,15
137243,2014,9,72
138346,2014,7,30
138924,2014,6,16
149346,2014,8,70
149922,2014,8,68
149922,2014,9,73
134896,2014,6,17
136621,2014,7,26
138346,2014,8,40
138922,2014,11,32
138922,2014,12,57
144732,2014,11,73
134896,2014,11,47
136090,2014,12,84
136621,2014,10,36
138924,2014,11,44
148770,2014,11,81
133787,2014,2,85
133790,2014,2,84
134319,2014,10,55
134319,2014,11,49
134895,2014,2,36
137819,2014,3,79
137819,2014,4,80
137819,2014,8,66
137819,2014,11,69
134895,2014,10,48
134895,2014,12,56
138349,2014,1,39
144732,2014,1,77
151077,2014,1,84
134943,2014,1,77
136045,2014,1,37
138347,2014,1,31
138346,2014,2,30
138348,2014,2,41
136045,2014,3,32
136045,2014,5,18
138346,2014,4,21
138922,2014,3,28
138922,2014,4,23
149922,2014,4,71
136620,2014,5,18
138349,2014,4,33
138347,2014,4,25
138347,2014,6,14
148770,2014,1,82
136090,2014,11,69
138346,2014,10,30
138349,2014,7,41
138349,2014,9,50
138922,2014,6,12
138348,2014,7,39
148770,2014,4,78
148770,2014,5,77
135515,2014,10,68
136621,2014,11,31
138924,2014,9,47
133786,2014,1,80
133787,2014,5,81
133786,2014,8,70
133787,2014,9,78
133786,2014,11,70
133787,2014,11,71
133787,2014,12,87
134895,2014,5,18
134361,2014,1,79
137819,2014,10,75
144732,2014,2,79
133790,2014,10,76
134361,2014,5,81
134943,2014,2,83
136620,2014,1,34
137241,2014,3,79
137241,2014,5,79
149346,2014,3,75
137243,2014,3,79
137243,2014,4,81
138348,2014,3,34
138924,2014,3,36
138924,2014,4,32
144732,2014,5,76
149346,2014,4,76
149922,2014,3,70
149922,2014,7,70
151077,2014,6,74
134943,2014,4,77
136045,2014,4,20
137241,2014,7,70
136090,2014,7,70
136621,2014,3,31
136621,2014,5,17
137241,2014,10,72
135515,2014,9,74
136045,2014,10,40
136090,2014,9,73
137194,2014,9,35
138349,2014,10,44
138349,2014,11,46
149922,2014,10,80
151077,2014,10,81
136620,2014,8,38
138348,2014,8,49
137194,2014,8,36
138922,2014,8,40
138346,2014,12,54
138347,2014,8,47
138348,2014,12,61
138924,2014,5,25
148770,2014,2,82
136045,2014,11,34
149922,2014,12,80
151077,2014,12,80
133787,2015,7,73
133786,2015,10,70
133787,2015,10,72
133786,2015,11,83
133790,2015,4,81
134319,2015,6,30
135515,2015,4,83
135515,2015,11,83
136090,2015,2,76
134361,2015,8,70
134896,2015,5,34
134896,2015,6,30
134896,2015,10,55
136045,2015,4,23
136090,2015,1,80
135515,2015,8,69
136045,2015,1,49
136045,2015,8,32
137241,2015,9,72
136045,2015,10,41
136620,2015,11,36
136621,2015,6,20
136621,2015,11,37
137194,2015,12,34
138347,2015,1,53
138347,2015,12,44
137819,2015,5,75
138349,2015,8,44
138922,2015,10,44
138922,2015,11,41
138924,2015,3,42
144732,2015,2,74
138348,2015,10,53
149346,2015,10,73
133786,2015,2,82
133787,2015,2,83
133787,2015,4,85
133787,2015,8,73
133790,2015,5,68
133790,2015,7,75
134319,2015,10,55
135515,2015,3,83
135515,2015,10,75
137243,2015,9,75
134361,2015,6,72
136620,2015,8,30
136045,2015,7,31
136090,2015,8,71
136090,2015,9,77
137241,2015,1,81
138346,2015,1,48
136090,2015,6,72
136621,2015,3,34
137194,2015,11,32
137243,2015,3,81
138347,2015,3,39
137243,2015,4,81
138347,2015,4,30
137243,2015,8,71
137243,2015,10,79
137243,2015,11,86
137819,2015,7,74
138346,2015,4,23
138922,2015,8,28
138922,2015,9,32
144732,2015,1,77
144732,2015,8,70
144732,2015,5,75
138348,2015,8,41
138924,2015,10,54
148770,2015,4,76
148770,2015,6,72
151077,2015,10,72
149346,2015,4,73
149346,2015,9,68
149346,2015,12,87
151077,2015,4,70
133786,2015,5,75
133786,2015,6,74
133786,2015,7,71
133790,2015,9,86
134319,2015,3,42
134319,2015,8,51
136090,2015,3,82
136090,2015,12,89
137194,2015,4,23
134361,2015,3,83
134361,2015,9,73
136620,2015,10,41
134895,2015,2,48
134895,2015,9,52
134895,2015,10,51
134895,2015,11,44
134943,2015,2,76
134943,2015,6,71
137241,2015,7,72
134943,2015,11,85
135515,2015,5,74
136045,2015,3,35
138346,2015,9,33
137241,2015,11,85
136045,2015,12,40
137241,2015,12,89
136090,2015,4,83
136620,2015,7,31
136620,2015,12,36
137194,2015,2,36
138347,2015,2,41
138347,2015,7,36
137819,2015,3,80
137819,2015,9,73
137819,2015,10,79
137819,2015,12,89
138346,2015,7,30
138347,2015,9,40
138348,2015,5,43
138348,2015,9,47
138349,2015,2,48
138349,2015,5,46
138924,2015,4,34
144732,2015,4,74
144732,2015,7,78
149346,2015,11,81
151077,2015,8,76
148770,2015,12,89
149346,2015,1,77
149346,2015,5,68
149922,2015,7,65
133787,2015,11,81
133786,2015,12,87
133790,2015,1,84
134319,2015,1,55
135515,2015,6,70
135515,2015,7,66
134361,2015,5,73
137819,2015,2,73
134895,2015,6,27
137819,2015,11,85
134896,2015,4,34
136045,2015,5,32
137241,2015,8,70
136045,2015,9,39
138346,2015,11,37
136620,2015,3,33
136620,2015,6,21
136621,2015,4,22
136621,2015,8,29
136621,2015,12,38
137241,2015,5,76
138347,2015,11,43
138348,2015,2,44
138349,2015,4,37
138349,2015,7,43
138349,2015,11,53
138922,2015,4,25
138922,2015,5,34
144732,2015,6,81
144732,2015,9,68
148770,2015,1,79
148770,2015,2,79
149346,2015,6,72
151077,2015,2,80
151077,2015,6,74
133786,2015,1,84
133786,2015,3,84
133787,2015,3,84
134319,2015,2,51
133790,2015,6,69
133790,2015,10,82
134319,2015,5,33
134319,2015,11,46
135515,2015,12,88
136090,2015,11,85
137194,2015,7,28
134361,2015,1,83
136620,2015,1,45
137819,2015,4,81
137819,2015,8,72
134896,2015,1,57
137241,2015,4,82
134943,2015,9,83
134943,2015,12,87
138346,2015,3,35
137241,2015,10,78
138346,2015,10,42
136620,2015,2,38
137194,2015,3,32
137194,2015,6,20
138346,2015,5,32
137243,2015,5,75
137243,2015,12,89
137819,2015,1,79
138348,2015,3,42
138922,2015,2,40
138922,2015,6,18
138924,2015,6,30
144732,2015,3,77
144732,2015,10,69
138924,2015,7,41
138924,2015,12,52
148770,2015,8,67
148770,2015,11,83
149922,2015,2,71
149922,2015,4,68
149922,2015,6,69
149922,2015,10,71
133787,2015,1,84
133786,2015,4,85
133790,2015,3,82
134319,2015,4,33
134319,2015,9,56
136090,2015,10,76
137194,2015,10,37
134361,2015,12,88
134895,2015,3,40
134896,2015,3,44
134896,2015,12,50
134943,2015,1,81
136045,2015,6,22
137241,2015,6,72
137241,2015,2,75
138346,2015,8,27
138346,2015,12,37
136620,2015,4,23
136620,2015,9,36
136621,2015,2,39
136621,2015,7,29
136621,2015,9,36
136621,2015,10,40
137243,2015,1,80
137243,2015,2,75
137243,2015,6,72
138347,2015,8,34
138349,2015,12,54
138922,2015,1,52
138924,2015,2,45
144732,2015,11,72
138924,2015,11,50
151077,2015,12,87
148770,2015,10,73
149346,2015,2,75
149346,2015,8,68
151077,2015,9,73
151077,2015,11,80
133786,2015,8,70
133787,2015,12,85
133790,2015,2,80
134319,2015,7,52
134319,2015,12,46
135515,2015,2,78
136090,2015,7,69
137194,2015,9,32
134361,2015,2,80
134361,2015,4,83
134361,2015,7,70
134361,2015,11,84
134895,2015,4,31
134895,2015,5,31
134895,2015,12,46
134896,2015,7,49
134896,2015,8,50
134896,2015,11,48
134943,2015,4,80
134943,2015,7,72
134943,2015,8,76
134943,2015,10,83
135515,2015,1,82
136090,2015,5,76
136045,2015,2,42
138346,2015,2,37
137241,2015,3,81
136620,2015,5,32
137194,2015,5,31
138347,2015,6,24
137243,2015,7,71
137819,2015,6,71
138348,2015,4,33
138348,2015,6,29
138348,2015,7,40
138922,2015,3,38
138922,2015,7,31
138922,2015,12,42
138924,2015,8,43
148770,2015,7,63
148770,2015,9,69
149922,2015,3,68
149922,2015,5,67
149922,2015,12,84
151077,2015,5,70
133787,2015,5,73
133787,2015,6,72
133786,2015,9,74
133787,2015,9,77
133790,2015,8,79
133790,2015,11,85
133790,2015,12,85
137194,2015,1,45
137194,2015,8,25
138347,2015,10,48
134361,2015,10,72
134895,2015,1,54
134895,2015,7,47
134895,2015,8,46
134896,2015,2,51
134896,2015,9,55
134943,2015,3,82
134943,2015,5,71
135515,2015,9,74
136045,2015,11,36
136621,2015,1,47
136621,2015,5,30
138347,2015,5,38
138346,2015,6,18
138348,2015,11,48
138348,2015,12,50
138349,2015,1,61
138349,2015,3,47
138349,2015,6,32
138349,2015,9,48
138349,2015,10,56
138924,2015,1,59
138924,2015,5,44
138924,2015,9,47
144732,2015,12,85
138348,2015,1,57
149346,2015,3,73
148770,2015,3,77
148770,2015,5,68
149346,2015,7,65
149922,2015,1,75
149922,2015,8,69
149922,2015,9,66
149922,2015,11,79
151077,2015,1,80
151077,2015,3,77
151077,2015,7,71
133786,2016,3,84
133787,2016,5,74
133786,2016,6,73
133786,2016,8,75
133786,2016,10,60
133786,2016,11,56
133787,2016,12,81
133790,2016,1,78
133790,2016,8,73
133790,2016,10,80
133790,2016,11,71
134319,2016,10,38
135515,2016,8,66
136620,2016,3,23
134895,2016,7,38
137241,2016,3,82
138346,2016,3,26
136090,2016,6,64
137241,2016,5,76
136621,2016,2,30
138346,2016,4,33
137241,2016,6,65
137241,2016,11,52
138347,2016,9,37
138349,2016,5,39
138349,2016,6,27
138349,2016,10,44
138924,2016,6,25
138924,2016,12,63
144732,2016,2,79
144732,2016,7,69
144732,2016,12,80
148770,2016,3,82
148770,2016,5,73
149346,2016,8,64
149346,2016,11,82
149922,2016,4,63
149922,2016,6,62
149922,2016,10,72
133787,2016,2,83
133786,2016,7,70
133790,2016,4,70
133790,2016,7,65
134319,2016,5,28
134319,2016,9,50
137243,2016,10,59
138347,2016,8,43
134361,2016,2,84
134895,2016,8,47
134896,2016,5,26
136045,2016,7,25
137241,2016,9,62
136045,2016,11,36
134943,2016,12,81
137241,2016,1,82
138346,2016,1,51
137241,2016,10,57
136620,2016,10,27
136620,2016,12,48
137194,2016,1,47
138346,2016,11,33
137243,2016,6,63
137243,2016,7,64
138347,2016,7,26
137819,2016,2,81
137819,2016,7,64
138349,2016,2,44
138349,2016,8,51
138924,2016,4,42
138924,2016,9,44
144732,2016,3,80
144732,2016,8,69
138348,2016,5,37
148770,2016,8,62
148770,2016,9,66
149346,2016,3,81
149346,2016,6,63
149922,2016,8,64
149922,2016,9,65
151077,2016,1,88
151077,2016,4,72
133787,2016,3,83
133786,2016,5,76
133787,2016,6,73
133787,2016,7,69
133787,2016,8,75
133786,2016,9,74
133786,2016,12,81
133790,2016,6,72
134319,2016,3,31
134319,2016,8,49
135515,2016,5,74
137243,2016,3,82
134361,2016,1,83
134361,2016,8,72
137819,2016,1,82
134895,2016,10,35
134896,2016,2,34
134896,2016,10,39
136045,2016,4,27
134943,2016,8,70
134943,2016,10,77
135515,2016,4,79
135515,2016,11,51
136620,2016,4,26
136620,2016,7,23
136621,2016,8,35
136621,2016,12,48
137194,2016,6,19
138346,2016,7,21
138347,2016,1,54
138347,2016,12,57
137819,2016,4,76
138346,2016,8,33
138348,2016,7,31
138348,2016,9,43
138922,2016,4,37
138922,2016,11,36
144732,2016,9,68
144732,2016,10,73
144732,2016,4,75
151077,2016,6,69
149346,2016,1,83
149922,2016,3,76
151077,2016,7,73
151077,2016,11,85
133786,2016,4,80
133787,2016,4,79
133787,2016,10,65
133787,2016,11,58
133790,2016,12,80
134319,2016,6,25
134319,2016,7,42
137194,2016,3,24
138347,2016,4,37
136620,2016,2,28
134361,2016,11,51
134896,2016,8,51
134896,2016,11,46
134896,2016,12,55
134943,2016,2,81
134943,2016,7,65
136045,2016,8,34
135515,2016,6,64
136045,2016,1,49
136620,2016,1,47
136620,2016,9,32
136621,2016,1,48
137243,2016,1,83
138347,2016,2,34
137243,2016,5,76
137819,2016,10,60
138348,2016,11,46
138922,2016,3,28
138922,2016,8,34
138922,2016,10,31
144732,2016,1,79
138924,2016,8,49
138924,2016,10,44
148770,2016,12,83
149922,2016,2,75
151077,2016,2,86
134319,2016,1,49
134319,2016,4,31
135515,2016,1,84
135515,2016,10,58
135515,2016,12,79
136090,2016,5,75
136090,2016,8,68
137194,2016,8,29
137194,2016,10,26
137243,2016,4,76
138347,2016,10,36
136620,2016,5,27
134361,2016,7,68
134361,2016,9,69
134361,2016,12,82
134895,2016,2,30
134895,2016,4,29
134895,2016,5,26
134895,2016,6,23
134943,2016,9,77
136090,2016,11,52
136045,2016,5,26
138346,2016,10,29
136621,2016,10,27
137194,2016,4,28
137194,2016,12,45
138346,2016,12,50
138347,2016,5,33
137819,2016,11,56
138348,2016,3,36
138348,2016,12,62
138922,2016,1,54
138922,2016,2,37
138922,2016,6,17
138922,2016,7,23
138924,2016,2,40
138924,2016,5,39
144732,2016,5,78
144732,2016,11,76
151077,2016,12,84
148770,2016,1,83
148770,2016,6,61
149346,2016,4,71
149922,2016,1,80
149922,2016,12,79
151077,2016,10,75
133786,2016,1,84
133787,2016,9,77
133790,2016,2,79
133790,2016,3,77
135515,2016,3,83
136090,2016,1,83
136090,2016,10,60
137194,2016,9,28
137243,2016,8,69
134361,2016,4,80
134361,2016,5,75
134361,2016,6,71
134895,2016,11,39
134896,2016,3,32
134896,2016,4,33
134896,2016,6,25
134896,2016,7,42
134896,2016,9,50
134943,2016,1,79
134943,2016,3,81
134943,2016,4,74
134943,2016,11,70
136045,2016,12,48
135515,2016,7,60
136090,2016,3,81
136621,2016,4,26
136621,2016,6,17
136621,2016,11,35
137241,2016,2,82
138346,2016,2,33
137243,2016,9,65
137243,2016,12,78
138348,2016,1,59
138348,2016,10,42
138349,2016,1,64
138349,2016,11,50
138922,2016,5,30
138922,2016,9,30
138922,2016,12,54
138924,2016,7,32
144732,2016,6,71
138348,2016,6,24
148770,2016,7,59
148770,2016,10,76
149346,2016,7,62
149346,2016,10,74
149922,2016,7,63
151077,2016,3,84
133786,2016,2,83
134319,2016,2,30
134319,2016,11,41
136090,2016,9,66
136090,2016,12,80
137194,2016,2,26
137194,2016,5,28
138347,2016,11,40
134361,2016,3,84
134361,2016,10,57
137819,2016,5,77
134895,2016,9,46
134895,2016,12,50
134896,2016,1,53
136045,2016,3,23
137241,2016,8,67
136045,2016,9,33
138346,2016,9,29
136090,2016,2,82
136090,2016,4,78
136090,2016,7,63
136045,2016,10,28
136620,2016,11,34
138346,2016,6,17
137243,2016,2,82
138347,2016,6,20
137243,2016,11,55
137819,2016,3,82
137819,2016,8,71
137819,2016,9,64
138348,2016,8,49
138349,2016,3,39
138349,2016,4,42
138349,2016,7,35
138349,2016,9,46
138924,2016,1,61
148770,2016,2,81
148770,2016,4,74
149346,2016,2,79
149346,2016,9,66
149346,2016,12,82
149922,2016,5,66
149922,2016,11,80
151077,2016,8,72
151077,2016,9,72
133787,2016,1,82
133790,2016,5,66
133790,2016,9,76
134319,2016,12,51
135515,2016,9,67
136620,2016,6,19
134895,2016,1,49
134895,2016,3,27
137819,2016,12,76
136045,2016,2,32
134943,2016,5,72
134943,2016,6,74
136045,2016,6,19
135515,2016,2,83
138346,2016,5,28
136620,2016,8,33
136621,2016,3,23
136621,2016,5,24
136621,2016,7,22
136621,2016,9,30
137194,2016,7,21
137194,2016,11,30
137241,2016,4,76
137241,2016,7,64
137241,2016,12,79
137819,2016,6,63
138347,2016,3,31
138348,2016,2,38
138348,2016,4,40
138349,2016,12,65
138924,2016,3,37
138924,2016,11,49
148770,2016,11,83
149346,2016,5,71
151077,2016,5,73
133787,2017,4,68
133786,2017,5,65
133787,2017,5,63
133787,2017,9,77
133786,2017,11,70
134319,2017,3,35
135515,2017,9,68
137194,2017,7,27
134361,2017,4,74
134896,2017,3,35
134896,2017,7,53
134943,2017,3,68
136045,2017,6,15
134943,2017,11,76
136090,2017,11,79
136045,2017,10,21
136620,2017,6,15
137194,2017,5,24
137194,2017,8,25
137194,2017,11,29
138346,2017,5,24
138347,2017,3,41
137243,2017,5,74
137819,2017,5,77
137819,2017,9,70
138346,2017,6,13
138347,2017,6,16
138347,2017,9,36
138349,2017,6,24
138349,2017,8,45
138349,2017,11,46
138922,2017,2,60
138922,2017,4,30
149346,2017,1,84
148770,2017,11,80
149922,2017,4,70
151077,2017,5,80
133786,2017,2,85
133786,2017,3,77
134319,2017,2,50
133786,2017,8,74
133787,2017,10,73
133787,2017,12,80
133790,2017,9,83
133790,2017,12,83
134319,2017,6,18
134319,2017,10,30
137194,2017,6,15
137194,2017,12,18
134361,2017,9,71
134895,2017,4,22
134895,2017,12,33
134943,2017,1,83
134943,2017,2,79
134943,2017,6,78
134943,2017,8,80
135515,2017,5,68
136090,2017,8,72
136090,2017,12,81
136045,2017,2,50
137241,2017,2,81
138346,2017,2,57
138346,2017,3,37
137241,2017,10,73
138348,2017,1,70
136621,2017,6,13
136621,2017,7,34
137194,2017,2,54
137243,2017,11,81
137819,2017,3,75
137819,2017,6,79
138349,2017,2,69
138349,2017,4,40
138349,2017,9,41
138922,2017,11,32
144732,2017,7,79
144732,2017,9,68
149346,2017,3,74
149346,2017,5,79
148770,2017,8,68
149346,2017,10,75
149922,2017,8,68
151077,2017,9,79
133787,2017,1,86
133786,2017,10,69
133790,2017,4,66
133790,2017,5,63
136090,2017,2,83
136090,2017,7,74
136090,2017,9,70
137194,2017,4,25
134361,2017,3,78
134361,2017,10,68
136620,2017,10,19
137241,2017,4,77
136045,2017,5,22
134943,2017,9,78
136045,2017,11,29
136045,2017,1,56
137241,2017,1,83
137241,2017,7,73
136090,2017,6,79
138348,2017,2,67
136620,2017,4,24
138348,2017,4,35
136620,2017,9,27
136621,2017,4,24
137194,2017,1,59
137243,2017,4,78
138347,2017,4,31
138347,2017,10,23
138348,2017,5,35
138349,2017,10,32
138922,2017,6,13
138922,2017,10,20
138924,2017,4,35
138924,2017,6,21
138924,2017,8,43
138924,2017,10,31
144732,2017,1,83
138924,2017,2,67
144732,2017,5,76
148770,2017,5,81
148770,2017,6,77
151077,2017,7,81
149346,2017,7,70
149346,2017,9,70
149346,2017,11,79
151077,2017,2,88
151077,2017,3,75
151077,2017,8,80
133786,2017,1,86
133787,2017,3,74
133787,2017,8,76
133786,2017,9,73
134319,2017,9,43
134319,2017,12,36
135515,2017,1,86
136090,2017,3,77
137243,2017,9,69
134895,2017,2,49
137819,2017,7,74
134943,2017,5,66
134943,2017,10,76
138346,2017,1,61
136045,2017,3,34
137241,2017,3,76
138346,2017,7,29
136620,2017,3,36
136620,2017,8,28
138346,2017,8,27
138347,2017,2,63
137243,2017,8,71
137819,2017,2,79
137819,2017,12,79
138349,2017,7,46
144732,2017,8,71
138924,2017,1,72
144732,2017,12,79
148770,2017,4,81
148770,2017,7,69
149922,2017,1,81
149922,2017,2,79
149922,2017,6,73
149922,2017,11,77
133786,2017,6,80
133787,2017,11,73
133786,2017,12,79
133790,2017,3,66
136620,2017,11,29
134361,2017,12,80
134895,2017,5,22
134895,2017,10,25
134895,2017,11,28
134896,2017,1,57
134896,2017,2,50
134896,2017,4,25
134896,2017,6,17
134896,2017,8,48
137241,2017,6,79
136045,2017,9,27
135515,2017,4,72
136090,2017,4,76
136090,2017,5,73
135515,2017,12,80
138348,2017,6,20
136621,2017,2,51
136621,2017,8,29
136621,2017,10,19
137241,2017,8,70
138346,2017,11,31
138346,2017,12,20
137243,2017,2,80
138347,2017,7,37
137819,2017,10,73
138346,2017,9,32
138349,2017,1,74
138349,2017,5,38
138922,2017,3,39
138922,2017,7,31
138922,2017,9,35
144732,2017,2,80
144732,2017,4,77
138348,2017,12,27
148770,2017,1,85
148770,2017,2,84
148770,2017,9,68
149346,2017,6,76
149922,2017,5,73
149922,2017,10,74
149922,2017,12,75
133787,2017,6,81
133786,2017,7,76
133790,2017,1,82
133790,2017,2,78
134319,2017,1,56
134319,2017,8,51
134319,2017,11,31
135515,2017,6,79
135515,2017,10,69
136090,2017,10,74
134361,2017,1,86
134361,2017,2,85
134361,2017,6,80
134895,2017,1,55
137819,2017,1,83
134896,2017,10,30
134896,2017,11,32
134896,2017,12,37
136045,2017,8,30
136045,2017,12,26
135515,2017,11,73
136045,2017,7,35
138348,2017,3,47
136621,2017,9,24
136621,2017,11,27
136621,2017,12,23
137194,2017,10,18
138347,2017,5,30
137819,2017,4,79
137819,2017,8,72
138348,2017,7,43
138924,2017,3,46
144732,2017,3,76
148770,2017,12,80
151077,2017,12,75
149346,2017,2,83
149346,2017,4,78
149346,2017,8,68
149922,2017,3,66
151077,2017,1,90
151077,2017,4,79
151077,2017,6,80
133787,2017,7,77
133790,2017,10,80
133790,2017,11,82
134319,2017,4,24
134319,2017,5,24
134319,2017,7,56
136090,2017,1,86
137194,2017,9,29
137243,2017,6,77
134361,2017,5,69
136620,2017,5,22
134361,2017,7,76
134361,2017,8,72
134361,2017,11,72
136620,2017,12,21
134895,2017,3,34
134895,2017,7,50
134895,2017,8,44
134895,2017,9,36
134896,2017,5,23
137241,2017,9,69
134943,2017,12,79
136621,2017,1,55
136621,2017,5,21
137241,2017,5,74
137241,2017,11,81
137243,2017,1,84
137243,2017,3,75
137243,2017,7,74
138347,2017,11,37
138347,2017,12,22
137819,2017,11,81
138349,2017,3,51
138349,2017,12,31
138922,2017,5,24
138922,2017,12,24
138924,2017,7,43
138924,2017,11,46
138924,2017,12,31
138348,2017,11,43
144732,2017,11,80
149346,2017,12,79
149922,2017,9,69
133787,2017,2,85
133786,2017,4,70
133790,2017,6,83
133790,2017,7,79
133790,2017,8,82
135515,2017,2,84
135515,2017,3,76
135515,2017,7,75
137243,2017,10,72
138348,2017,10,28
136620,2017,7,33
134895,2017,6,16
134896,2017,9,41
134943,2017,4,71
136045,2017,4,21
134943,2017,7,79
135515,2017,8,72
138346,2017,10,19
136620,2017,1,56
136620,2017,2,52
138348,2017,8,41
138348,2017,9,40
136621,2017,3,37
137194,2017,3,35
137241,2017,12,80
138347,2017,1,66
138347,2017,8,35
137243,2017,12,80
138346,2017,4,27
138922,2017,1,64
138922,2017,8,30
138924,2017,5,35
144732,2017,6,74
144732,2017,10,71
138924,2017,9,42
151077,2017,11,81
148770,2017,3,77
148770,2017,10,75
149922,2017,7,70
151077,2017,10,79
133787,2018,3,74
133787,2018,5,73
133787,2018,6,81
133786,2018,9,74
133787,2018,10,72
133790,2018,2,85
133790,2018,6,78
134319,2018,9,49
135515,2018,9,68
134361,2018,3,77
134361,2018,10,71
134895,2018,7,43
134896,2018,7,46
134896,2018,10,60
134943,2018,6,76
137241,2018,9,71
134943,2018,12,87
136090,2018,3,76
136090,2018,11,84
138346,2018,7,33
138346,2018,12,43
136620,2018,6,17
136620,2018,8,34
136621,2018,5,18
136621,2018,11,37
136621,2018,12,45
138346,2018,3,35
137241,2018,10,74
137243,2018,3,78
137819,2018,1,73
138346,2018,5,22
138349,2018,4,27
144732,2018,4,77
144732,2018,8,74
138348,2018,2,43
138348,2018,4,25
151077,2018,12,90
148770,2018,9,71
149346,2018,7,62
149346,2018,8,68
149922,2018,3,68
149922,2018,7,62
151077,2018,5,74
151077,2018,11,84
133786,2018,2,86
133786,2018,3,76
133787,2018,7,80
133787,2018,8,83
133790,2018,7,79
133790,2018,11,81
134319,2018,4,21
134319,2018,6,22
135515,2018,7,74
136090,2018,2,85
134361,2018,7,76
134895,2018,9,43
134895,2018,12,51
134943,2018,3,65
135515,2018,10,71
136045,2018,7,33
136620,2018,11,34
137194,2018,3,31
137194,2018,10,41
137194,2018,11,27
137241,2018,11,84
137243,2018,9,71
137819,2018,7,79
138346,2018,1,35
138347,2018,8,39
138348,2018,3,43
138349,2018,5,27
138349,2018,9,37
138922,2018,5,23
138924,2018,1,43
138924,2018,10,57
144732,2018,12,88
138348,2018,1,39
138924,2018,4,27
148770,2018,2,84
151077,2018,4,78
151077,2018,7,74
149346,2018,3,75
149346,2018,5,71
149922,2018,2,80
133787,2018,1,70
133786,2018,6,78
133787,2018,11,84
134319,2018,1,32
134319,2018,7,47
135515,2018,5,75
136090,2018,4,75
136090,2018,9,71
136090,2018,12,88
137194,2018,5,24
137243,2018,5,80
138347,2018,6,16
134361,2018,1,69
134361,2018,6,78
134895,2018,2,41
134895,2018,6,20
134895,2018,10,57
137819,2018,11,84
134943,2018,1,72
134943,2018,4,69
137241,2018,4,76
137241,2018,8,75
134943,2018,9,76
134943,2018,10,73
135515,2018,3,74
136620,2018,3,29
136620,2018,5,21
136620,2018,9,26
136620,2018,12,42
136621,2018,3,28
137194,2018,2,29
138346,2018,2,34
137243,2018,2,85
138347,2018,3,39
138347,2018,4,22
138347,2018,9,27
138348,2018,11,39
138349,2018,1,42
138349,2018,3,44
138349,2018,6,19
138922,2018,7,34
138924,2018,2,45
138924,2018,3,44
138924,2018,7,43
144732,2018,3,78
148770,2018,4,78
148770,2018,8,68
149346,2018,2,83
149346,2018,4,77
149346,2018,9,70
151077,2018,10,74
134319,2018,2,43
133786,2018,4,74
133787,2018,4,73
133786,2018,7,76
134319,2018,10,60
135515,2018,8,77
136090,2018,7,74
137194,2018,1,30
137194,2018,4,19
134361,2018,2,86
136620,2018,4,18
134361,2018,12,87
134895,2018,4,18
134895,2018,5,18
134895,2018,11,41
134896,2018,3,38
134896,2018,9,45
136045,2018,8,36
134943,2018,11,81
136045,2018,11,40
137241,2018,7,74
136621,2018,8,34
138346,2018,10,44
137243,2018,6,78
138347,2018,7,40
137819,2018,9,78
138349,2018,2,46
138349,2018,7,45
138349,2018,12,53
138922,2018,8,33
144732,2018,6,81
144732,2018,7,73
148770,2018,7,61
148770,2018,12,88
149346,2018,10,77
149922,2018,6,64
149922,2018,10,74
151077,2018,6,76
133786,2018,1,68
133787,2018,2,87
133786,2018,10,71
133790,2018,4,71
133790,2018,8,80
133790,2018,10,72
135515,2018,2,85
135515,2018,4,73
137194,2018,6,17
137194,2018,9,22
136620,2018,2,33
136620,2018,7,31
134896,2018,1,34
134896,2018,2,43
134896,2018,11,44
134943,2018,2,82
136045,2018,3,29
134943,2018,5,76
138346,2018,6,14
136090,2018,10,75
135515,2018,11,84
137241,2018,12,89
136621,2018,1,29
137241,2018,3,78
138347,2018,10,51
138348,2018,5,26
138348,2018,6,18
138348,2018,12,48
138922,2018,1,40
138922,2018,9,21
138924,2018,8,45
144732,2018,9,78
148770,2018,3,78
149346,2018,12,86
149922,2018,4,71
151077,2018,1,82
151077,2018,3,81
133790,2018,5,76
134895,2018,3,36
137819,2018,3,79
137819,2018,12,88
134896,2018,4,21
134896,2018,5,18
136045,2018,2,36
136045,2018,4,18
136045,2018,6,17
134943,2018,7,77
136045,2018,9,31
135515,2018,1,71
136620,2018,10,49
136621,2018,2,34
138346,2018,11,28
138347,2018,2,39
137243,2018,4,77
137243,2018,11,84
138347,2018,11,34
137819,2018,2,86
137819,2018,4,76
137819,2018,10,74
138347,2018,5,25
138349,2018,11,43
138922,2018,2,39
138922,2018,11,32
138924,2018,11,41
138348,2018,7,43
148770,2018,11,84
149346,2018,1,82
149922,2018,1,80
149922,2018,5,65
149922,2018,8,67
149922,2018,9,67
149922,2018,11,80
149922,2018,12,83
151077,2018,8,76
151077,2018,9,73
133786,2018,5,71
133786,2018,11,84
133790,2018,3,65
133790,2018,9,77
134319,2018,8,55
134319,2018,12,53
135515,2018,6,77
135515,2018,12,88
137194,2018,8,28
137243,2018,8,75
137243,2018,10,72
136620,2018,1,30
134361,2018,4,75
134361,2018,5,72
134361,2018,9,73
134895,2018,1,30
137819,2018,6,80
134896,2018,6,22
134896,2018,8,52
136045,2018,1,31
137241,2018,6,76
134943,2018,8,78
136621,2018,7,31
137194,2018,7,28
137241,2018,2,85
137819,2018,5,81
138348,2018,10,56
138349,2018,10,61
138922,2018,4,21
138922,2018,6,14
138922,2018,12,47
138924,2018,5,27
144732,2018,2,84
144732,2018,10,78
138924,2018,12,50
148770,2018,5,75
148770,2018,6,68
148770,2018,10,78
149346,2018,11,82
151077,2018,2,86
133786,2018,8,81
133787,2018,9,77
133786,2018,12,88
133787,2018,12,88
133790,2018,1,75
133790,2018,12,88
134319,2018,3,37
134319,2018,5,20
134319,2018,11,43
136090,2018,6,76
134361,2018,8,80
134361,2018,11,84
134895,2018,8,49
134896,2018,12,55
137241,2018,1,74
138346,2018,4,19
136045,2018,5,20
137241,2018,5,78
138346,2018,9,21
136045,2018,10,54
136090,2018,1,73
136045,2018,12,48
136090,2018,5,77
136090,2018,8,76
136621,2018,4,16
136621,2018,6,15
136621,2018,9,26
136621,2018,10,51
137194,2018,12,41
137243,2018,1,73
138347,2018,1,36
137243,2018,7,76
137243,2018,12,89
138347,2018,12,44
137819,2018,8,78
138346,2018,8,31
138348,2018,8,45
138348,2018,9,34
138349,2018,8,47
138922,2018,3,39
138922,2018,10,46
144732,2018,1,81
144732,2018,5,79
144732,2018,11,85
138924,2018,6,18
138924,2018,9,34
148770,2018,1,83
149346,2018,6,67
133787,2019,2,87
134319,2019,2,56
133787,2019,4,76
133786,2019,10,67
133787,2019,11,75
133790,2019,3,75
134319,2019,3,45
134319,2019,5,34
135515,2019,3,78
134361,2019,6,67
134361,2019,11,77
134895,2019,7,33
134896,2019,4,37
134896,2019,6,21
134896,2019,8,45
134896,2019,11,52
134896,2019,12,60
134943,2019,1,82
136045,2019,5,29
134943,2019,11,79
136045,2019,11,38
135515,2019,9,54
136090,2019,9,57
137241,2019,1,83
137241,2019,3,78
138346,2019,9,29
136620,2019,8,24
136621,2019,1,49
137194,2019,3,42
137243,2019,7,67
137243,2019,8,66
137243,2019,9,57
138347,2019,9,35
138348,2019,2,66
138348,2019,9,40
138349,2019,12,65
138922,2019,6,18
138924,2019,11,42
144732,2019,11,77
148770,2019,2,81
148770,2019,6,73
149346,2019,10,77
149346,2019,11,80
149922,2019,4,71
133786,2019,4,78
133787,2019,7,74
133787,2019,8,77
133786,2019,9,60
133786,2019,12,82
133787,2019,12,82
133790,2019,10,79
133790,2019,12,86
134319,2019,6,20
134319,2019,8,47
134319,2019,11,52
135515,2019,8,66
137243,2019,2,85
134361,2019,5,68
134361,2019,7,68
134361,2019,8,73
134895,2019,3,44
137819,2019,6,80
134896,2019,1,56
136045,2019,2,52
137241,2019,5,76
136045,2019,8,27
134943,2019,9,70
134943,2019,10,79
134943,2019,12,86
136090,2019,2,86
135515,2019,6,68
138348,2019,5,45
138348,2019,8,30
138348,2019,12,61
136621,2019,10,24
137194,2019,7,19
137241,2019,10,68
138347,2019,1,53
137819,2019,2,84
137819,2019,3,77
138347,2019,10,20
138922,2019,1,54
138922,2019,5,38
144732,2019,4,81
138924,2019,5,47
148770,2019,8,65
149922,2019,10,76
151077,2019,5,79
133786,2019,3,80
133787,2019,6,71
133790,2019,1,83
134319,2019,7,39
134319,2019,9,55
135515,2019,5,67
136620,2019,9,35
134895,2019,5,31
134895,2019,10,31
134896,2019,2,57
138346,2019,5,35
136045,2019,7,23
136045,2019,10,24
136090,2019,11,79
138348,2019,7,28
138348,2019,10,24
136621,2019,3,43
136621,2019,5,28
137194,2019,1,49
138346,2019,11,35
137243,2019,4,78
138347,2019,12,60
137819,2019,9,58
138349,2019,6,28
138349,2019,11,45
138922,2019,4,39
138924,2019,9,39
144732,2019,1,80
149922,2019,2,75
149922,2019,3,73
149922,2019,7,66
149922,2019,11,78
151077,2019,8,73
151077,2019,11,80
133786,2019,1,84
133786,2019,5,66
133786,2019,8,74
133787,2019,10,69
133786,2019,11,74
133790,2019,6,70
133790,2019,9,68
134319,2019,1,53
134319,2019,12,58
136090,2019,1,83
136090,2019,3,78
137194,2019,9,30
137243,2019,10,68
138348,2019,1,58
134895,2019,1,52
134895,2019,8,41
137819,2019,11,78
134943,2019,3,74
134943,2019,7,71
137241,2019,8,65
136090,2019,10,70
138346,2019,3,47
136045,2019,6,17
136620,2019,7,21
136620,2019,10,23
136620,2019,11,36
138346,2019,2,57
138347,2019,5,41
138347,2019,2,62
138349,2019,1,63
138349,2019,3,58
138349,2019,4,47
138922,2019,7,18
138924,2019,1,59
138924,2019,6,27
138924,2019,7,30
144732,2019,3,78
144732,2019,9,71
148770,2019,4,81
151077,2019,3,84
151077,2019,6,76
148770,2019,11,82
149346,2019,3,78
149346,2019,4,78
149346,2019,6,74
149346,2019,12,85
149922,2019,5,74
149922,2019,9,73
149922,2019,12,83
151077,2019,1,83
151077,2019,7,74
133786,2019,2,87
133786,2019,7,70
133787,2019,9,64
133790,2019,2,84
133790,2019,5,62
133790,2019,7,72
137243,2019,3,78
136620,2019,6,17
134361,2019,10,67
134896,2019,9,52
134943,2019,2,83
134943,2019,5,66
135515,2019,2,87
136090,2019,6,74
135515,2019,11,77
136045,2019,1,51
137241,2019,4,77
138346,2019,4,36
136045,2019,9,38
136045,2019,12,57
136090,2019,8,66
136620,2019,12,53
136621,2019,12,54
137194,2019,4,30
137241,2019,11,79
137243,2019,5,76
137819,2019,4,78
137819,2019,5,78
138349,2019,2,69
138349,2019,10,27
138922,2019,9,28
138924,2019,8,32
138924,2019,10,25
144732,2019,2,83
144732,2019,6,81
148770,2019,1,82
151077,2019,2,86
148770,2019,12,85
151077,2019,4,80
151077,2019,9,75
151077,2019,10,80
133790,2019,8,77
133790,2019,11,82
134319,2019,10,36
136090,2019,5,72
137194,2019,6,19
134895,2019,2,55
134896,2019,3,46
134896,2019,5,34
134896,2019,7,36
134943,2019,4,71
134943,2019,8,74
136090,2019,7,64
138346,2019,1,51
136045,2019,4,30
137241,2019,9,56
138346,2019,12,60
138348,2019,11,41
136621,2019,7,20
136621,2019,11,36
137194,2019,11,32
137241,2019,7,66
138346,2019,7,18
137243,2019,11,76
137243,2019,12,81
137819,2019,1,82
137819,2019,8,69
138348,2019,4,44
138349,2019,9,42
138922,2019,3,50
138922,2019,11,36
138922,2019,12,62
144732,2019,8,76
144732,2019,12,85
138924,2019,12,62
151077,2019,12,86
148770,2019,3,78
148770,2019,10,79
149346,2019,7,67
149346,2019,9,73
149922,2019,1,77
149922,2019,8,69
133787,2019,3,80
133790,2019,4,70
135515,2019,12,84
134361,2019,2,87
136620,2019,2,50
134361,2019,3,79
136620,2019,3,42
134361,2019,4,78
134361,2019,9,60
134895,2019,4,34
134895,2019,6,18
134895,2019,11,47
134895,2019,12,56
134896,2019,10,35
134943,2019,6,74
135515,2019,4,76
135515,2019,10,68
136045,2019,3,44
137241,2019,6,76
136620,2019,1,47
136621,2019,2,51
136621,2019,4,31
136621,2019,9,34
137194,2019,8,20
137241,2019,2,86
137243,2019,1,83
138347,2019,4,40
137243,2019,6,78
138347,2019,7,23
138347,2019,11,37
137819,2019,7,72
137819,2019,12,81
138348,2019,6,26
138349,2019,8,35
138922,2019,2,59
138922,2019,10,17
138924,2019,2,66
138924,2019,4,44
144732,2019,5,82
144732,2019,10,71
148770,2019,7,65
149346,2019,1,81
149346,2019,8,68
149922,2019,6,71
133787,2019,1,85
133787,2019,5,67
133786,2019,6,67
134319,2019,4,36
135515,2019,1,83
136090,2019,12,84
137194,2019,2,50
137194,2019,5,31
134361,2019,1,84
136620,2019,4,30
134361,2019,12,83
134895,2019,9,49
136090,2019,4,78
135515,2019,7,61
138346,2019,6,17
137241,2019,12,83
136620,2019,5,29
136621,2019,6,15
136621,2019,8,24
137194,2019,10,16
137194,2019,12,55
138346,2019,10,17
138347,2019,6,21
138347,2019,8,25
137819,2019,10,69
138346,2019,8,20
138347,2019,3,50
138348,2019,3,54
138349,2019,5,49
138349,2019,7,32
138922,2019,8,20
138924,2019,3,54
144732,2019,7,80
148770,2019,5,82
148770,2019,9,72
149346,2019,2,79
149346,2019,5,80
133787,2020,2,84
133787,2020,6,73
133787,2020,8,75
133786,2020,12,77
133790,2020,3,78
134319,2020,6,20
134319,2020,7,37
135515,2020,8,71
135515,2020,9,75
136090,2020,1,85
134361,2020,9,77
136620,2020,10,18
134361,2020,12,78
134895,2020,2,46
134895,2020,3,52
134895,2020,11,28
134896,2020,1,53
134896,2020,8,37
134943,2020,2,83
134943,2020,5,75
134943,2020,6,72
137241,2020,9,75
134943,2020,12,76
135515,2020,4,77
136090,2020,6,76
136090,2020,7,69
138346,2020,3,55
137241,2020,5,79
136045,2020,6,16
136620,2020,2,41
136621,2020,4,37
136621,2020,5,21
136621,2020,9,19
136621,2020,10,17
137194,2020,3,52
137194,2020,4,40
137243,2020,2,86
138347,2020,5,28
137819,2020,7,70
138348,2020,8,28
138349,2020,12,41
138922,2020,2,42
138922,2020,4,43
138922,2020,5,26
138924,2020,4,44
138348,2020,5,30
138924,2020,12,39
148770,2020,6,61
148770,2020,11,80
149346,2020,10,74
149922,2020,6,60
149922,2020,8,67
149922,2020,10,73
151077,2020,2,88
151077,2020,3,85
133786,2020,8,73
133790,2020,8,79
134319,2020,8,41
135515,2020,12,78
137194,2020,6,18
137243,2020,3,87
134361,2020,5,76
134895,2020,5,21
137819,2020,6,80
134896,2020,2,49
134896,2020,9,32
134896,2020,12,36
135515,2020,6,75
136045,2020,2,43
137241,2020,10,81
137241,2020,11,80
136620,2020,9,20
136620,2020,11,23
137194,2020,2,37
137243,2020,1,84
137243,2020,4,76
137243,2020,8,73
138347,2020,12,31
137819,2020,9,78
138347,2020,3,59
138349,2020,1,58
138349,2020,2,49
138924,2020,5,29
144732,2020,9,71
144732,2020,10,75
148770,2020,3,81
149922,2020,4,67
149922,2020,9,69
151077,2020,7,74
151077,2020,8,79
151077,2020,9,75
133786,2020,6,70
133790,2020,6,76
133790,2020,7,72
134319,2020,4,38
134319,2020,10,22
136090,2020,9,76
136090,2020,11,78
134361,2020,1,83
134895,2020,1,51
137819,2020,5,80
134943,2020,4,76
134943,2020,7,68
136045,2020,3,52
137241,2020,6,77
137241,2020,12,83
136090,2020,8,72
138347,2020,4,43
137243,2020,5,80
137243,2020,7,67
137243,2020,11,80
137819,2020,10,82
138349,2020,7,30
144732,2020,3,82
144732,2020,8,68
138348,2020,6,23
138924,2020,10,21
148770,2020,7,61
149922,2020,3,74
149922,2020,7,63
149922,2020,12,79
133786,2020,2,85
133787,2020,3,83
133786,2020,10,81
133790,2020,2,83
133790,2020,12,77
135515,2020,2,87
136090,2020,2,86
137194,2020,5,23
137243,2020,9,77
136620,2020,6,16
136620,2020,7,18
134896,2020,6,19
134896,2020,7,36
136045,2020,1,48
134943,2020,11,77
137241,2020,2,86
136045,2020,5,20
138346,2020,10,16
136620,2020,8,24
136621,2020,2,43
136621,2020,8,24
137194,2020,12,25
137241,2020,4,75
137241,2020,7,66
137243,2020,6,78
138347,2020,6,20
138347,2020,7,20
137819,2020,1,84
137819,2020,8,74
137819,2020,11,79
138346,2020,9,15
138347,2020,9,18
138348,2020,3,62
138348,2020,12,36
138349,2020,5,32
138349,2020,9,23
138922,2020,8,18
138924,2020,3,60
144732,2020,5,78
144732,2020,4,78
149346,2020,2,83
149346,2020,7,63
148770,2020,10,76
149346,2020,1,87
149346,2020,3,80
149346,2020,11,78
151077,2020,4,72
133787,2020,1,82
134319,2020,2,49
133787,2020,7,75
133787,2020,10,81
133790,2020,11,80
135515,2020,1,85
135515,2020,3,87
134361,2020,8,71
134361,2020,10,79
134361,2020,11,73
137819,2020,2,86
134895,2020,6,17
134895,2020,10,20
134896,2020,3,54
134896,2020,10,22
134896,2020,11,32
134943,2020,3,84
136045,2020,4,37
136045,2020,7,21
134943,2020,9,79
137241,2020,3,86
138346,2020,5,24
136045,2020,10,20
136045,2020,12,31
138346,2020,12,28
136621,2020,6,14
136621,2020,11,23
137194,2020,1,46
137194,2020,7,16
138347,2020,1,50
138347,2020,8,23
138347,2020,11,29
137243,2020,12,82
137819,2020,4,75
137819,2020,12,82
138346,2020,8,18
138922,2020,6,17
138922,2020,7,15
138922,2020,12,31
138924,2020,7,26
144732,2020,1,83
148770,2020,1,87
149346,2020,5,69
149922,2020,1,85
149922,2020,2,80
149922,2020,11,77
151077,2020,11,80
133787,2020,5,71
133787,2020,9,81
133787,2020,11,75
133787,2020,12,78
134319,2020,3,55
136090,2020,10,81
134361,2020,2,86
134361,2020,3,85
134361,2020,7,70
134895,2020,7,32
134895,2020,9,28
134896,2020,4,38
134943,2020,1,83
136045,2020,8,26
136045,2020,9,21
136090,2020,4,76
135515,2020,5,79
135515,2020,7,68
136045,2020,11,25
138346,2020,11,25
136620,2020,1,46
136620,2020,3,54
138346,2020,4,40
138348,2020,7,26
138348,2020,9,21
138349,2020,11,37
138922,2020,3,58
138922,2020,9,15
138922,2020,10,16
144732,2020,12,84
148770,2020,2,83
148770,2020,5,71
148770,2020,8,65
149346,2020,4,72
149346,2020,9,69
149346,2020,12,81
133786,2020,3,83
133787,2020,4,72
133786,2020,5,70
133786,2020,9,80
133790,2020,9,83
133790,2020,10,84
134319,2020,1,54
134319,2020,5,25
134319,2020,9,32
135515,2020,10,77
136090,2020,3,86
136090,2020,12,82
137194,2020,8,20
138347,2020,10,18
134361,2020,4,75
134361,2020,6,69
134895,2020,12,32
138346,2020,1,50
137241,2020,8,72
134943,2020,10,80
136090,2020,5,78
138346,2020,2,39
138346,2020,6,17
136620,2020,4,38
136621,2020,1,46
136621,2020,7,18
136621,2020,12,30
137194,2020,11,23
138346,2020,7,15
138347,2020,2,41
138348,2020,2,44
138348,2020,4,45
138349,2020,3,64
138349,2020,8,30
138349,2020,10,21
138922,2020,1,53
138924,2020,8,28
144732,2020,2,83
144732,2020,6,76
144732,2020,11,78
138924,2020,9,21
148770,2020,9,69
151077,2020,10,76
148770,2020,12,84
149346,2020,6,61
149346,2020,8,66
151077,2020,1,88
133786,2020,1,83
133786,2020,4,72
133786,2020,7,72
133786,2020,11,73
133790,2020,1,82
133790,2020,4,73
133790,2020,5,70
134319,2020,11,30
134319,2020,12,32
135515,2020,11,74
137194,2020,9,17
137194,2020,10,17
136620,2020,5,23
134895,2020,4,36
134895,2020,8,35
134896,2020,5,26
137241,2020,1,84
134943,2020,8,76
136620,2020,12,28
136621,2020,3,52
137243,2020,10,82
137819,2020,3,87
138348,2020,1,53
138348,2020,11,34
138349,2020,4,48
138349,2020,6,25
138922,2020,11,27
138924,2020,6,23
144732,2020,7,69
138348,2020,10,20
138924,2020,1,54
138924,2020,2,43
138924,2020,11,36
151077,2020,12,88
148770,2020,4,73
151077,2020,6,72
149922,2020,5,65
151077,2020,5,71
133787,2021,2,86
134319,2021,2,34
133787,2021,10,82
133790,2021,6,75
134319,2021,6,21
134319,2021,11,35
134896,2021,12,54
134943,2021,1,78
134361,2021,11,69
134895,2021,3,33
135515,2021,3,81
136090,2021,3,81
136045,2021,11,25
136620,2021,4,20
136620,2021,7,36
136620,2021,9,32
136620,2021,12,44
137241,2021,1,83
137819,2021,3,80
138346,2021,11,23
138348,2021,8,43
138924,2021,8,42
144732,2021,5,71
137819,2021,5,76
138922,2021,2,33
138922,2021,7,34
138347,2021,2,35
138924,2021,2,40
138347,2021,4,23
138349,2021,7,49
148770,2021,4,75
148770,2021,5,64
148770,2021,6,62
148770,2021,10,82
151077,2021,4,69
149346,2021,6,64
151077,2021,1,88
151077,2021,3,75
151077,2021,5,66
151077,2021,8,70
133786,2021,3,82
133787,2021,1,85
133787,2021,4,76
133786,2021,8,80
133787,2021,9,81
133786,2021,11,69
133787,2021,11,74
133790,2021,8,83
133790,2021,12,88
134896,2021,10,43
134943,2021,6,77
134943,2021,8,80
134361,2021,8,78
135515,2021,4,73
136090,2021,5,70
135515,2021,9,72
135515,2021,10,80
136620,2021,3,29
137243,2021,1,84
137194,2021,5,20
137194,2021,6,16
137241,2021,6,74
137194,2021,10,27
138347,2021,1,42
138348,2021,10,43
138348,2021,11,34
138349,2021,4,31
138349,2021,5,24
138924,2021,6,21
144732,2021,4,74
144732,2021,8,70
144732,2021,9,68
144732,2021,11,78
138348,2021,4,28
137243,2021,9,72
137819,2021,12,85
138924,2021,3,43
138924,2021,7,47
138922,2021,10,33
138922,2021,12,49
148770,2021,1,85
149346,2021,1,82
149346,2021,12,80
133786,2021,5,69
133787,2021,5,69
133786,2021,7,81
133787,2021,8,83
133790,2021,10,83
134319,2021,12,53
134895,2021,6,19
134895,2021,8,55
134895,2021,12,51
134896,2021,2,33
134896,2021,5,16
134361,2021,4,75
134361,2021,5,71
134361,2021,12,86
134895,2021,4,20
134896,2021,11,38
136045,2021,5,17
136090,2021,8,75
136045,2021,10,31
136045,2021,4,20
136090,2021,4,73
136621,2021,2,31
136621,2021,3,29
136621,2021,4,18
137241,2021,5,74
137241,2021,7,73
137241,2021,8,74
137194,2021,11,21
137194,2021,12,41
137241,2021,12,84
137243,2021,3,80
137243,2021,7,72
137243,2021,8,72
137243,2021,10,82
138346,2021,8,29
138346,2021,12,46
138922,2021,8,29
138922,2021,11,26
138924,2021,1,50
138924,2021,9,39
138924,2021,11,36
138924,2021,12,56
144732,2021,3,74
144732,2021,10,78
138924,2021,4,27
151077,2021,2,87
149346,2021,4,74
149346,2021,5,63
149346,2021,8,65
133786,2021,4,76
133786,2021,9,80
133790,2021,9,81
134319,2021,9,51
134896,2021,1,42
134361,2021,3,82
134895,2021,11,32
135515,2021,6,70
135515,2021,7,75
135515,2021,8,74
136090,2021,6,71
136620,2021,11,23
136621,2021,12,45
137194,2021,1,36
137194,2021,3,29
137241,2021,3,81
137819,2021,4,74
137819,2021,9,76
138346,2021,1,39
138347,2021,9,34
138347,2021,10,37
138922,2021,5,17
138922,2021,6,16
138348,2021,6,20
138347,2021,3,37
138349,2021,9,44
148770,2021,9,69
149346,2021,2,80
149346,2021,3,70
149346,2021,9,70
133786,2021,2,85
133786,2021,12,85
133790,2021,7,81
134319,2021,1,39
134319,2021,5,18
134895,2021,1,38
134896,2021,7,58
134943,2021,9,77
134943,2021,12,85
134896,2021,3,35
136045,2021,3,30
136090,2021,7,74
136090,2021,10,81
136620,2021,1,36
136620,2021,5,18
137194,2021,4,20
137194,2021,8,28
137194,2021,9,26
138346,2021,5,16
138347,2021,12,51
138348,2021,2,38
138922,2021,9,27
137819,2021,7,74
137819,2021,8,73
138346,2021,4,19
138349,2021,2,41
138349,2021,11,39
148770,2021,3,72
148770,2021,12,84
149346,2021,7,67
151077,2021,9,71
151077,2021,12,77
149922,2021,4,69
149922,2021,7,64
149922,2021,12,76
151077,2021,10,81
133786,2021,6,72
133787,2021,7,82
133790,2021,4,66
133790,2021,11,80
134319,2021,4,22
134319,2021,8,58
134895,2021,5,16
134895,2021,10,40
134943,2021,5,63
134943,2021,7,78
134943,2021,10,78
134361,2021,1,82
134361,2021,2,83
134943,2021,4,66
136045,2021,6,17
136045,2021,7,38
136045,2021,8,42
135515,2021,11,69
135515,2021,12,85
136090,2021,12,86
136620,2021,8,39
136621,2021,1,37
136621,2021,7,38
136621,2021,11,23
137241,2021,2,82
137194,2021,7,30
137241,2021,9,76
137243,2021,11,74
137819,2021,2,83
138346,2021,6,16
138346,2021,10,30
138347,2021,5,19
138347,2021,8,38
138347,2021,11,27
138348,2021,1,47
138348,2021,3,42
138349,2021,12,58
138922,2021,3,33
144732,2021,1,84
144732,2021,2,83
144732,2021,6,75
144732,2021,7,73
151077,2021,11,77
137243,2021,4,73
137243,2021,6,73
138348,2021,9,41
138348,2021,12,55
137819,2021,6,78
137819,2021,10,82
149346,2021,11,80
149922,2021,2,77
149922,2021,5,60
149922,2021,8,63
151077,2021,7,74
133786,2021,1,84
133787,2021,3,82
133787,2021,6,73
133786,2021,10,80
133790,2021,3,77
134319,2021,7,58
134895,2021,2,33
134895,2021,7,55
134896,2021,8,59
134896,2021,9,52
134943,2021,3,77
134943,2021,11,75
137243,2021,2,83
134361,2021,6,71
134361,2021,9,79
134943,2021,2,83
135515,2021,1,83
136045,2021,2,31
136090,2021,2,82
135515,2021,5,68
136090,2021,11,70
136045,2021,12,48
136620,2021,6,16
136621,2021,6,15
136621,2021,8,40
136621,2021,9,35
137819,2021,1,83
138346,2021,3,30
138346,2021,9,27
138349,2021,6,22
137243,2021,12,86
137819,2021,11,74
138346,2021,2,30
138922,2021,4,20
138346,2021,7,33
138347,2021,7,42
138349,2021,10,47
138924,2021,10,44
148770,2021,2,82
148770,2021,8,64
148770,2021,11,82
151077,2021,6,69
149922,2021,6,64
149922,2021,10,76
149922,2021,11,77
133787,2021,12,87
133790,2021,1,80
133790,2021,2,82
133790,2021,5,62
134319,2021,3,34
134319,2021,10,41
134895,2021,9,48
134896,2021,6,21
134361,2021,7,79
134361,2021,10,79
134896,2021,4,22
136045,2021,1,38
136090,2021,1,83
135515,2021,2,84
136045,2021,9,38
136090,2021,9,74
136620,2021,2,30
136620,2021,10,29
136621,2021,5,15
136621,2021,10,29
137194,2021,2,28
137241,2021,4,73
137241,2021,10,79
137241,2021,11,71
137243,2021,5,74
138347,2021,6,18
138348,2021,5,21
138349,2021,8,46
138922,2021,1,43
144732,2021,12,84
138348,2021,7,47
138349,2021,1,52
138349,2021,3,45
138924,2021,5,21
148770,2021,7,67
149346,2021,10,79
149922,2021,1,80
149922,2021,3,65
149922,2021,9,68
133786,2022,4,73
133787,2022,12,76
134319,2022,5,17
134895,2022,2,36
134943,2022,9,78
134361,2022,1,79
134361,2022,5,67
134361,2022,7,72
135515,2022,2,79
135515,2022,3,75
136045,2022,5,17
136090,2022,5,67
136045,2022,6,21
135515,2022,8,75
136045,2022,9,40
136090,2022,1,79
136621,2022,11,36
137194,2022,4,20
137194,2022,5,18
137194,2022,8,38
137243,2022,4,75
137243,2022,5,71
137243,2022,10,61
137243,2022,11,71
137819,2022,6,64
138346,2022,1,38
138347,2022,8,50
138348,2022,10,45
144732,2022,3,79
144732,2022,7,74
144732,2022,11,69
144732,2022,12,77
137819,2022,7,70
138348,2022,2,36
138348,2022,9,46
138349,2022,10,49
149346,2022,8,65
149346,2022,9,68
149922,2022,2,74
133787,2022,3,77
133787,2022,5,68
133786,2022,11,71
134319,2022,4,18
134895,2022,8,55
134896,2022,7,45
134943,2022,5,70
134361,2022,4,74
134361,2022,6,61
134896,2022,11,48
134895,2022,12,54
136045,2022,7,27
136620,2022,6,19
136621,2022,1,39
137194,2022,3,22
137241,2022,3,77
137194,2022,7,24
137194,2022,11,31
137819,2022,9,69
138346,2022,10,31
138347,2022,9,42
138348,2022,3,34
138349,2022,1,46
138349,2022,12,64
144732,2022,6,72
137819,2022,10,61
138346,2022,9,34
138348,2022,5,19
138349,2022,5,23
148770,2022,6,64
148770,2022,8,64
149346,2022,2,76
151077,2022,8,69
149346,2022,10,70
151077,2022,11,71
133787,2022,9,76
133790,2022,1,76
133790,2022,2,78
134319,2022,1,42
134319,2022,11,45
134895,2022,1,41
134895,2022,3,26
134896,2022,1,44
134896,2022,4,20
134943,2022,8,77
134361,2022,11,72
135515,2022,1,78
136090,2022,3,77
136045,2022,4,18
136620,2022,4,18
136620,2022,5,17
136620,2022,7,26
136620,2022,11,34
136621,2022,7,27
136621,2022,10,37
137241,2022,8,73
137194,2022,9,33
137243,2022,3,77
137243,2022,7,69
137819,2022,3,77
138346,2022,8,42
138348,2022,8,53
138922,2022,2,35
138922,2022,3,27
138922,2022,11,40
138924,2022,4,26
138924,2022,5,20
138924,2022,12,61
144732,2022,5,78
144732,2022,8,72
144732,2022,10,64
137819,2022,8,72
138346,2022,6,17
138924,2022,3,36
138924,2022,11,46
138348,2022,4,25
138348,2022,12,60
138349,2022,6,26
138349,2022,9,46
138922,2022,7,28
148770,2022,11,78
149346,2022,4,74
149922,2022,10,69
149922,2022,12,80
151077,2022,10,70
134319,2022,2,35
133786,2022,9,71
133786,2022,12,76
133790,2022,4,69
133790,2022,5,70
133790,2022,8,78
133790,2022,9,80
134319,2022,7,45
134943,2022,4,69
136090,2022,10,60
134361,2022,2,80
134361,2022,10,60
134896,2022,5,15
136090,2022,7,70
136045,2022,10,39
136045,2022,11,36
136620,2022,2,28
136620,2022,10,38
137243,2022,1,80
136621,2022,2,32
136621,2022,5,15
136621,2022,6,19
137241,2022,1,80
137194,2022,2,25
137241,2022,2,79
137241,2022,6,62
137241,2022,10,61
137194,2022,12,44
137819,2022,11,71
138346,2022,11,36
138922,2022,12,53
144732,2022,1,79
144732,2022,9,72
137819,2022,12,84
138922,2022,5,15
138347,2022,6,20
138924,2022,7,39
138922,2022,1,44
149346,2022,7,62
149922,2022,6,64
151077,2022,3,76
133786,2022,1,79
133786,2022,3,76
133787,2022,2,79
133787,2022,4,73
133786,2022,6,62
133790,2022,12,76
134895,2022,7,40
134943,2022,1,74
134943,2022,2,78
134943,2022,10,74
134361,2022,8,75
134361,2022,9,70
134361,2022,12,77
134895,2022,11,42
134896,2022,12,57
136090,2022,4,75
136090,2022,9,70
136090,2022,11,73
136620,2022,3,23
136620,2022,9,38
136620,2022,12,50
136621,2022,3,24
136621,2022,12,53
137241,2022,5,73
137194,2022,10,32
137243,2022,8,72
137243,2022,9,67
138346,2022,3,24
138347,2022,5,17
138348,2022,6,23
138349,2022,2,40
138349,2022,8,53
138922,2022,10,31
138924,2022,8,53
138924,2022,10,45
144732,2022,4,78
138922,2022,6,17
138924,2022,2,37
138922,2022,4,20
148770,2022,2,80
148770,2022,5,72
148770,2022,9,67
149346,2022,1,78
149922,2022,1,75
133787,2022,1,79
133787,2022,6,62
133786,2022,7,73
133787,2022,8,79
133790,2022,3,75
133790,2022,6,67
133790,2022,7,77
133790,2022,10,72
134319,2022,6,28
134319,2022,10,51
134896,2022,3,32
134896,2022,9,55
136045,2022,1,41
135515,2022,4,72
135515,2022,5,65
135515,2022,10,58
135515,2022,12,80
136045,2022,12,55
136045,2022,8,43
136090,2022,8,75
136620,2022,1,37
136620,2022,8,42
136621,2022,4,16
136621,2022,9,36
137241,2022,9,69
137241,2022,11,71
137243,2022,6,60
138346,2022,7,27
138347,2022,1,39
138922,2022,8,44
144732,2022,2,82
149922,2022,7,63
137819,2022,1,79
137819,2022,2,80
138347,2022,7,33
138349,2022,3,39
148770,2022,7,59
149346,2022,3,78
149346,2022,5,69
151077,2022,5,68
149922,2022,3,74
149922,2022,4,68
151077,2022,2,79
151077,2022,4,69
133786,2022,8,76
133786,2022,10,58
133790,2022,11,78
134319,2022,8,61
134895,2022,4,18
134943,2022,7,77
134895,2022,5,16
134896,2022,6,29
134943,2022,3,73
134943,2022,6,66
136045,2022,2,34
135515,2022,6,56
135515,2022,11,71
136090,2022,12,83
136621,2022,8,41
137241,2022,7,68
137241,2022,12,82
138346,2022,4,19
138347,2022,4,22
138347,2022,12,55
138348,2022,1,41
138348,2022,11,44
138924,2022,1,44
138924,2022,9,46
137819,2022,4,75
138922,2022,9,35
138347,2022,2,33
138924,2022,6,23
138347,2022,11,40
138349,2022,4,28
138349,2022,11,48
148770,2022,4,77
148770,2022,10,71
148770,2022,12,83
149922,2022,9,68
151077,2022,6,71
133786,2022,2,78
133786,2022,5,68
133787,2022,7,77
133787,2022,10,62
133787,2022,11,73
134319,2022,3,27
134319,2022,9,55
134319,2022,12,53
134895,2022,10,48
134896,2022,2,39
134896,2022,8,61
134896,2022,10,54
134943,2022,11,77
134943,2022,12,77
134361,2022,3,76
134895,2022,6,25
134895,2022,9,50
136090,2022,2,80
136045,2022,3,24
136090,2022,6,60
135515,2022,7,71
135515,2022,9,69
137243,2022,2,80
137194,2022,1,32
137241,2022,4,76
137194,2022,6,18
137243,2022,12,84
137819,2022,5,77
138346,2022,2,29
138346,2022,12,49
138347,2022,10,39
138348,2022,7,38
151077,2022,12,83
138346,2022,5,15
138347,2022,3,29
138349,2022,7,41
148770,2022,1,80
148770,2022,3,80
151077,2022,1,78
149346,2022,6,66
151077,2022,9,70
149346,2022,11,76
149346,2022,12,82
149922,2022,5,64
149922,2022,8,64
149922,2022,11,74
151077,2022,7,66
133790,2023,3,73
133790,2023,8,74
133790,2023,11,75
134319,2023,1,54
134319,2023,4,26
134895,2023,5,24
134943,2023,6,75
134895,2023,7,25
136045,2023,1,54
136045,2023,12,42
136045,2023,6,17
136045,2023,11,35
136620,2023,1,53
136620,2023,3,45
136620,2023,7,18
136620,2023,8,26
136620,2023,10,23
136621,2023,3,45
136621,2023,8,26
136621,2023,9,26
137194,2023,6,22
137194,2023,8,26
137241,2023,11,67
138346,2023,1,55
138346,2023,11,30
138346,2023,12,35
138347,2023,1,62
138347,2023,5,33
138347,2023,12,38
138349,2023,5,41
138924,2023,1,68
137243,2023,7,69
148770,2023,4,78
148770,2023,7,65
148770,2023,10,75
149346,2023,1,84
149346,2023,2,78
149922,2023,9,64
149922,2023,11,73
151077,2023,3,73
133786,2023,2,85
133787,2023,1,81
133786,2023,6,71
133786,2023,7,73
133787,2023,7,76
133787,2023,9,74
133790,2023,2,82
133790,2023,7,76
134943,2023,8,73
134361,2023,8,64
134896,2023,3,48
134895,2023,12,38
136045,2023,5,24
136621,2023,4,26
136621,2023,7,18
136621,2023,12,38
137243,2023,5,80
137819,2023,2,84
138346,2023,8,28
138347,2023,8,34
138349,2023,11,44
138922,2023,6,20
138922,2023,12,38
138924,2023,6,28
144732,2023,3,76
144732,2023,12,81
138347,2023,7,20
138924,2023,7,26
138348,2023,2,55
138348,2023,10,32
138924,2023,5,37
148770,2023,5,65
151077,2023,6,69
133786,2023,1,81
133787,2023,3,79
133786,2023,8,66
133787,2023,11,71
133787,2023,12,83
133790,2023,5,73
134319,2023,5,27
134319,2023,12,38
134895,2023,6,16
134896,2023,1,57
134895,2023,4,26
136090,2023,2,85
135515,2023,3,79
136045,2023,4,25
136090,2023,4,77
136090,2023,5,78
135515,2023,8,64
135515,2023,11,68
135515,2023,12,77
136090,2023,6,73
136621,2023,2,44
137243,2023,2,85
136621,2023,11,31
137241,2023,2,84
137241,2023,3,78
137241,2023,5,79
137241,2023,7,68
137241,2023,9,66
137241,2023,10,66
137194,2023,12,34
137243,2023,11,66
138346,2023,9,31
138346,2023,10,23
138347,2023,3,55
144732,2023,9,70
144732,2023,11,70
149922,2023,12,80
151077,2023,12,81
138348,2023,7,25
137819,2023,8,70
137819,2023,9,68
137819,2023,11,63
138347,2023,10,28
138348,2023,12,43
148770,2023,2,80
148770,2023,3,78
149346,2023,9,67
149922,2023,5,58
149922,2023,7,65
151077,2023,5,62
151077,2023,10,76
134319,2023,2,51
133787,2023,5,70
133787,2023,6,74
133790,2023,4,71
133790,2023,9,76
133790,2023,10,76
134943,2023,1,78
134943,2023,4,72
134943,2023,12,81
134361,2023,1,82
134361,2023,4,75
134361,2023,7,73
134361,2023,9,67
134361,2023,12,81
134896,2023,7,28
134896,2023,12,41
135515,2023,6,71
136045,2023,8,28
136090,2023,12,78
136620,2023,9,29
136620,2023,12,37
136621,2023,5,23
136621,2023,10,23
137194,2023,3,43
137194,2023,4,22
137194,2023,7,18
137241,2023,12,76
137243,2023,1,85
138346,2023,5,27
138347,2023,6,23
138347,2023,9,35
138349,2023,2,59
138349,2023,12,47
138922,2023,2,48
138924,2023,12,46
144732,2023,7,71
137819,2023,6,78
138924,2023,10,36
138349,2023,8,42
138922,2023,1,59
149346,2023,5,63
149346,2023,7,66
149922,2023,10,75
151077,2023,8,67
133787,2023,2,86
133786,2023,4,74
133787,2023,8,70
133787,2023,10,69
133786,2023,12,84
133790,2023,1,77
134319,2023,3,47
134319,2023,7,29
134319,2023,8,41
134319,2023,9,31
134895,2023,2,50
134943,2023,3,73
134943,2023,10,76
134361,2023,5,72
134361,2023,11,70
134895,2023,3,46
135515,2023,2,85
136045,2023,3,46
136090,2023,3,79
135515,2023,9,66
136090,2023,10,67
136090,2023,11,71
137243,2023,4,78
136620,2023,2,43
136620,2023,6,18
137241,2023,4,77
137194,2023,5,27
137194,2023,10,22
137243,2023,6,77
137243,2023,10,67
138348,2023,1,67
138348,2023,6,26
138922,2023,3,51
138922,2023,4,30
138924,2023,3,59
138924,2023,9,40
137819,2023,3,77
138347,2023,2,50
138347,2023,4,31
138348,2023,11,40
138349,2023,9,39
138349,2023,10,36
138922,2023,10,25
138924,2023,8,41
148770,2023,8,66
149346,2023,3,74
149346,2023,4,75
149346,2023,8,66
149922,2023,2,75
149922,2023,3,68
149922,2023,8,64
151077,2023,11,73
133787,2023,4,75
133786,2023,5,69
133786,2023,11,70
133790,2023,6,75
134319,2023,6,18
134319,2023,11,41
134895,2023,8,37
134896,2023,10,32
134943,2023,2,82
134943,2023,9,75
136090,2023,7,67
134361,2023,2,85
134361,2023,6,73
134361,2023,10,65
135515,2023,1,83
135515,2023,7,66
136045,2023,7,20
135515,2023,10,66
136620,2023,11,30
136621,2023,1,53
137243,2023,3,77
136621,2023,6,15
137241,2023,6,73
137194,2023,9,30
138348,2023,4,35
138348,2023,5,37
138349,2023,4,41
138922,2023,5,28
138922,2023,8,31
138924,2023,11,44
144732,2023,4,73
137819,2023,5,80
138346,2023,7,17
138349,2023,3,63
151077,2023,4,70
149346,2023,12,83
149922,2023,1,79
149922,2023,4,70
133786,2023,9,70
133790,2023,12,84
134895,2023,9,29
134896,2023,5,29
134943,2023,11,74
134896,2023,11,44
134943,2023,7,74
136090,2023,1,85
136045,2023,2,47
135515,2023,4,76
135515,2023,5,73
136045,2023,10,25
136090,2023,8,67
136090,2023,9,65
136620,2023,4,25
136620,2023,5,25
137241,2023,1,84
137194,2023,2,40
137243,2023,8,70
137819,2023,4,77
138346,2023,2,45
138346,2023,4,26
138922,2023,9,33
138922,2023,11,32
144732,2023,2,73
144732,2023,5,70
144732,2023,6,68
137819,2023,1,84
138922,2023,7,16
138924,2023,2,55
138924,2023,4,34
138349,2023,7,29
148770,2023,6,66
148770,2023,12,87
151077,2023,1,85
151077,2023,7,67
149346,2023,11,75
151077,2023,2,81
133786,2023,3,76
133786,2023,10,66
134319,2023,10,34
134895,2023,10,30
134896,2023,2,53
134896,2023,6,17
134896,2023,8,41
134896,2023,9,30
134943,2023,5,73
134361,2023,3,79
134895,2023,1,54
134896,2023,4,28
134895,2023,11,39
136045,2023,9,27
137194,2023,1,50
137241,2023,8,70
137194,2023,11,28
137243,2023,12,76
137819,2023,7,70
138346,2023,3,48
138346,2023,6,19
138347,2023,11,35
138348,2023,3,60
138348,2023,8,38
138349,2023,6,29
144732,2023,1,86
144732,2023,8,69
144732,2023,10,70
137243,2023,9,67
138348,2023,9,38
137819,2023,10,66
137819,2023,12,76
138349,2023,1,71
148770,2023,1,86
148770,2023,9,67
148770,2023,11,77
149346,2023,6,65
151077,2023,9,65
149346,2023,10,76
149922,2023,6,62
133786,2024,3,82
133787,2024,3,81
133786,2024,5,79
133786,2024,11,76
133790,2024,7,73
133790,2024,9,85
134319,2024,5,23
134319,2024,11,32
134895,2024,11,32
134896,2024,5,24
134943,2024,1,80
134943,2024,4,72
134943,2024,9,83
134943,2024,12,79
134361,2024,3,82
134361,2024,8,65
134361,2024,10,73
134896,2024,6,26
136090,2024,3,81
136090,2024,5,78
136045,2024,8,29
135515,2024,12,75
136045,2024,11,28
137194,2024,2,49
137241,2024,3,79
137241,2024,6,63
137194,2024,9,20
137241,2024,9,68
137819,2024,11,78
138346,2024,1,46
138346,2024,9,20
138347,2024,1,52
138347,2024,3,52
138347,2024,4,35
138348,2024,6,26
138922,2024,4,33
138922,2024,7,17
144732,2024,3,76
144732,2024,7,66
144732,2024,12,80
137819,2024,5,80
138349,2024,2,59
149922,2024,8,62
151077,2024,10,68
133787,2024,6,68
133787,2024,10,72
133790,2024,10,81
134319,2024,1,51
134319,2024,6,27
134319,2024,8,47
134319,2024,10,21
134895,2024,8,42
134896,2024,9,35
134896,2024,11,36
134943,2024,11,82
134361,2024,12,76
134896,2024,4,36
135515,2024,3,81
135515,2024,5,78
135515,2024,10,71
136090,2024,8,66
136620,2024,1,49
136620,2024,6,21
136620,2024,10,20
136620,2024,11,27
137243,2024,7,67
136621,2024,9,19
137241,2024,8,62
137194,2024,10,18
138346,2024,2,51
138346,2024,7,17
138346,2024,10,18
138349,2024,3,57
144732,2024,6,71
137819,2024,1,79
137819,2024,3,79
138922,2024,6,17
138924,2024,10,28
138347,2024,11,30
138349,2024,10,29
138922,2024,1,49
138922,2024,9,20
148770,2024,1,85
151077,2024,7,64
151077,2024,12,83
149922,2024,4,68
149922,2024,10,69
149922,2024,11,73
151077,2024,3,67
151077,2024,9,68
133786,2024,2,81
134319,2024,2,55
133786,2024,4,79
133787,2024,4,78
133787,2024,12,76
133790,2024,2,81
133790,2024,12,79
134895,2024,1,50
134895,2024,5,22
134896,2024,12,30
134943,2024,2,79
136090,2024,6,62
134361,2024,6,69
134361,2024,7,73
134895,2024,7,38
134943,2024,6,67
135515,2024,1,78
136045,2024,5,20
135515,2024,7,70
136090,2024,10,73
136621,2024,8,28
137243,2024,6,65
137819,2024,4,78
138346,2024,5,21
138346,2024,11,26
138346,2024,12,27
138348,2024,7,26
138924,2024,4,37
144732,2024,2,79
144732,2024,4,76
144732,2024,5,75
138346,2024,6,18
138346,2024,8,23
138347,2024,10,22
138347,2024,12,29
148770,2024,8,65
148770,2024,9,69
149922,2024,1,80
149922,2024,2,74
133786,2024,1,82
133786,2024,8,69
133790,2024,1,81
133790,2024,4,71
134319,2024,3,51
134319,2024,9,35
134895,2024,12,26
134943,2024,7,75
134361,2024,1,80
136045,2024,1,50
136090,2024,2,79
136045,2024,3,48
136045,2024,4,32
135515,2024,8,68
137243,2024,10,73
136620,2024,3,47
136620,2024,12,26
136621,2024,1,49
137243,2024,3,80
137243,2024,5,79
137243,2024,9,70
137194,2024,1,45
137241,2024,1,80
137194,2024,11,25
137241,2024,11,78
137819,2024,10,73
138348,2024,1,57
138348,2024,4,37
138349,2024,1,59
138922,2024,5,22
144732,2024,8,61
138924,2024,6,25
138924,2024,7,26
138349,2024,6,29
138924,2024,9,29
148770,2024,2,79
148770,2024,3,78
148770,2024,6,69
151077,2024,4,68
149346,2024,6,69
149346,2024,7,64
149346,2024,9,69
149922,2024,3,70
149922,2024,12,79
133787,2024,2,80
133786,2024,10,72
133790,2024,5,72
133790,2024,8,82
134319,2024,4,36
134896,2024,8,46
134361,2024,2,80
134361,2024,5,80
134361,2024,11,76
134895,2024,4,35
136090,2024,1,80
135515,2024,2,78
136045,2024,6,20
136045,2024,10,20
135515,2024,11,78
136090,2024,11,78
136090,2024,12,77
136621,2024,4,32
136621,2024,11,26
137194,2024,6,21
137241,2024,7,67
137819,2024,7,69
137819,2024,8,63
137819,2024,12,78
138347,2024,2,55
138347,2024,5,26
138348,2024,10,26
138349,2024,5,30
138349,2024,7,29
138349,2024,8,43
138922,2024,10,19
138922,2024,11,28
138924,2024,2,57
144732,2024,9,60
137819,2024,2,78
138922,2024,8,24
138348,2024,11,35
148770,2024,7,65
149346,2024,2,78
149346,2024,5,71
149922,2024,7,62
151077,2024,5,68
133787,2024,1,82
133787,2024,8,76
133787,2024,11,78
133790,2024,3,79
133790,2024,11,82
134319,2024,12,25
134943,2024,5,73
134361,2024,9,77
134895,2024,2,53
134896,2024,3,51
134895,2024,6,24
135515,2024,4,78
136090,2024,9,71
136620,2024,5,21
136621,2024,7,24
136621,2024,10,19
136621,2024,12,25
137194,2024,3,44
137241,2024,5,78
137194,2024,7,20
137241,2024,10,73
137241,2024,12,79
137243,2024,12,79
138348,2024,8,38
138349,2024,11,40
138347,2024,7,22
138348,2024,9,27
138349,2024,9,30
138922,2024,2,53
148770,2024,10,72
148770,2024,11,79
151077,2024,6,65
149346,2024,8,64
151077,2024,8,66
149346,2024,10,70
149922,2024,5,66
134319,2024,7,44
134895,2024,9,29
134896,2024,2,53
134896,2024,7,40
134895,2024,10,19
134943,2024,8,80
136045,2024,2,52
136090,2024,4,78
136045,2024,7,27
136620,2024,7,24
136620,2024,9,20
136621,2024,6,18
137241,2024,2,79
137194,2024,4,28
137243,2024,2,79
137243,2024,8,64
138346,2024,4,30
138347,2024,9,24
138348,2024,5,29
138349,2024,4,39
138924,2024,1,58
138924,2024,3,55
144732,2024,10,61
137819,2024,9,71
138347,2024,6,22
138347,2024,8,31
138924,2024,11,37
138348,2024,3,55
148770,2024,4,77
151077,2024,1,83
151077,2024,2,73
149346,2024,3,75
149346,2024,4,74
149346,2024,11,76
149922,2024,9,65
133787,2024,5,79
133786,2024,6,69
133786,2024,7,73
133787,2024,7,74
133786,2024,9,79
133787,2024,9,81
133786,2024,12,75
133790,2024,6,64
134896,2024,1,51
134943,2024,3,80
134943,2024,10,77
134361,2024,4,79
134895,2024,3,50
134896,2024,10,21
135515,2024,6,62
135515,2024,9,71
136045,2024,9,22
136045,2024,12,27
136090,2024,7,69
136620,2024,2,51
136620,2024,4,32
136620,2024,8,27
136621,2024,2,50
136621,2024,3,47
137243,2024,4,78
136621,2024,5,19
137241,2024,4,76
137194,2024,5,23
137194,2024,8,22
137194,2024,12,25
137243,2024,1,80
137243,2024,11,79
137819,2024,6,69
138346,2024,3,47
138348,2024,2,57
138348,2024,12,33
138922,2024,3,49
138922,2024,12,31
138924,2024,5,29
144732,2024,1,83
144732,2024,11,75
151077,2024,11,76
138924,2024,8,40
138924,2024,12,36
138349,2024,12,38
148770,2024,5,73
148770,2024,12,84
149346,2024,1,83
149346,2024,12,82
149922,2024,6,65