STATE_CODE,STATE_CODE_EXP,SHRP_ID,CONSTRUCTION_NO,YEAR,AADTT_ALL_TRUCKS_TREND,ANNUAL_TRUCK_VOLUME_TREND
4,Arizona,1001,1,1978,940,343100
4,Arizona,1001,2,1996,2910,532530
4,Arizona,1001,1,1980,1020,373320
4,Arizona,1001,1,1981,1140,416100
4,Arizona,1001,1,1982,1560,569400
4,Arizona,1001,1,1983,1560,569400
4,Arizona,1001,1,1984,1560,570960
4,Arizona,1001,1,1985,1680,613200
4,Arizona,1001,1,1986,1920,700800
4,Arizona,1001,1,1987,2400,876000
4,Arizona,1001,1,1988,2400,878400
4,Arizona,1001,1,1989,2400,876000
4,Arizona,1001,1,1990,2315,844975
4,Arizona,1001,1,1991,2650,967250
4,Arizona,1001,1,1992,2800,1024800
4,Arizona,1001,1,1993,2029,740585
4,Arizona,1001,1,1994,2383,869795
4,Arizona,1001,1,1995,2540,927100
4,Arizona,1001,1,1996,2910,532530
4,Arizona,1001,2,1989,2400,876000
4,Arizona,1001,2,1990,2315,844975
4,Arizona,1001,2,1991,2650,967250
4,Arizona,1001,2,1992,2800,1024800
4,Arizona,1001,2,1993,2029,740585
4,Arizona,1001,2,1994,2383,869795
4,Arizona,1001,2,1995,2540,927100
4,Arizona,1001,1,1979,1020,372300
4,Arizona,1002,1,1980,600,219600
4,Arizona,1002,3,1999,2380,433160
4,Arizona,1002,1,1982,700,255500
4,Arizona,1002,1,1983,700,255500
4,Arizona,1002,1,1984,800,292800
4,Arizona,1002,1,1985,900,328500
4,Arizona,1002,1,1986,1000,365000
4,Arizona,1002,1,1987,1100,401500
4,Arizona,1002,1,1988,1000,366000
4,Arizona,1002,1,1989,1100,401500
4,Arizona,1002,1,1990,1102,402230
4,Arizona,1002,1,1991,1150,419750
4,Arizona,1002,1,1992,1200,439200
4,Arizona,1002,1,1993,981,358065
4,Arizona,1002,1,1994,1066,389090
4,Arizona,1002,1,1995,1300,474500
4,Arizona,1002,1,1996,1400,289800
4,Arizona,1002,2,1991,1150,419750
4,Arizona,1002,2,1992,1200,439200
4,Arizona,1002,2,1993,981,358065
4,Arizona,1002,2,1994,1066,389090
4,Arizona,1002,2,1995,1300,474500
4,Arizona,1002,2,1996,1400,289800
4,Arizona,1002,3,1996,1400,224000
4,Arizona,1002,3,1997,2126,775990
4,Arizona,1002,3,1998,2282,832930
4,Arizona,1002,1,1981,700,255500
4,Arizona,1003,6,2018,10207,3725555
4,Arizona,1003,6,2019,10600,3869000
4,Arizona,1003,6,2020,10750,3934500
4,Arizona,1003,1,1975,696,254040
4,Arizona,1003,1,1976,732,267912
4,Arizona,1003,1,1977,780,284700
4,Arizona,1003,1,1978,888,324120
4,Arizona,1003,1,1979,924,337260
4,Arizona,1003,1,1980,864,316224
4,Arizona,1003,1,1981,1020,372300
4,Arizona,1003,1,1982,1320,481800
4,Arizona,1003,1,1983,1320,481800
4,Arizona,1003,1,1984,1440,527040
4,Arizona,1003,6,2021,12000,4380000
4,Arizona,1003,6,2022,12150,4434750
4,Arizona,1003,6,2023,12300,4489500
4,Arizona,1003,1,1985,1440,525600
4,Arizona,1003,1,1986,1680,613200
4,Arizona,1003,1,1987,1440,525600
4,Arizona,1003,1,1988,1440,527040
4,Arizona,1003,1,1989,1680,613200
4,Arizona,1003,1,1990,1764,643860
4,Arizona,1003,1,1991,1900,693500
4,Arizona,1003,1,1992,2000,732000
4,Arizona,1003,1,1993,2030,556220
4,Arizona,1003,2,1989,1680,613200
4,Arizona,1003,2,1990,1764,643860
4,Arizona,1003,2,1991,1900,693500
4,Arizona,1003,2,1992,2000,732000
4,Arizona,1003,2,1993,2030,556220
4,Arizona,1003,3,1992,2000,428000
4,Arizona,1003,3,1993,2030,556220
4,Arizona,1003,4,1993,2030,186760
4,Arizona,1003,4,1994,2627,958855
4,Arizona,1003,4,1995,2746,1002290
4,Arizona,1003,4,1996,2622,959652
4,Arizona,1003,4,1997,2789,1017985
4,Arizona,1003,4,1998,2967,1082955
4,Arizona,1003,4,1999,3156,1151940
4,Arizona,1003,4,2000,3357,1228662
4,Arizona,1003,4,2001,3571,1303415
4,Arizona,1003,4,2002,3798,1386270
4,Arizona,1003,4,2003,4040,1474600
4,Arizona,1003,4,2004,4297,1572702
4,Arizona,1003,4,2005,4571,1668415
4,Arizona,1003,4,2006,4862,1774630
4,Arizona,1003,4,2007,5172,1887780
4,Arizona,1003,4,2008,5501,2013366
4,Arizona,1003,4,2009,5852,2135980
4,Arizona,1003,4,2010,6224,2271760
4,Arizona,1003,4,2011,6621,2416665
4,Arizona,1003,4,2012,7042,2577372
4,Arizona,1003,4,2013,7491,2734215
4,Arizona,1003,4,2014,7968,2908320
4,Arizona,1003,4,2015,8475,3093375
4,Arizona,1003,4,2016,9015,3299490
4,Arizona,1003,4,2017,9589,3499985
4,Arizona,1003,4,2018,10207,3725555
4,Arizona,1003,4,2019,10600,3869000
4,Arizona,1003,4,2020,10750,3934500
4,Arizona,1003,4,2021,12000,4380000
4,Arizona,1003,4,2022,12150,4434750
4,Arizona,1003,4,2023,12300,4489500
4,Arizona,1003,5,2013,7491,2734215
4,Arizona,1003,5,2014,7968,2908320
4,Arizona,1003,5,2015,8475,3093375
4,Arizona,1003,5,2016,9015,3299490
4,Arizona,1003,5,2017,9589,3499985
4,Arizona,1003,5,2018,10207,3725555
4,Arizona,1003,5,2019,10600,3869000
4,Arizona,1003,5,2020,10750,3934500
4,Arizona,1003,5,2021,12000,4380000
4,Arizona,1003,5,2022,12150,4434750
4,Arizona,1003,5,2023,12300,4489500
4,Arizona,1003,6,2015,8475,3093375
4,Arizona,1003,6,2016,9015,3299490
4,Arizona,1003,6,2017,9589,3499985
4,Arizona,1006,5,2020,4641,1698606
4,Arizona,1006,5,2021,4729,1726085
4,Arizona,1006,5,2022,4815,1757475
4,Arizona,1006,5,2023,4903,1789595
4,Arizona,1006,6,2015,4200,1533000
4,Arizona,1006,6,2016,4288,1569408
4,Arizona,1006,6,2017,4376,1597240
4,Arizona,1006,6,2018,4465,1629725
4,Arizona,1006,6,2019,4553,1661845
4,Arizona,1006,6,2020,4641,1698606
4,Arizona,1006,6,2021,4729,1726085
4,Arizona,1006,6,2022,4815,1757475
4,Arizona,1006,6,2023,4903,1789595
4,Arizona,1006,7,2020,4641,1698606
4,Arizona,1006,7,2021,4729,1726085
4,Arizona,1006,7,2022,4815,1757475
4,Arizona,1006,7,2023,4903,1789595
4,Arizona,1006,1,1976,864,316224
4,Arizona,1006,1,1977,912,332880
4,Arizona,1006,1,1978,864,315360
4,Arizona,1006,1,1979,936,341640
4,Arizona,1006,1,1980,960,351360
4,Arizona,1006,1,1981,1044,381060
4,Arizona,1006,1,1982,1440,525600
4,Arizona,1006,1,1983,1440,525600
4,Arizona,1006,1,1984,1440,527040
4,Arizona,1006,1,1985,1680,613200
4,Arizona,1006,1,1986,1800,657000
4,Arizona,1006,1,1987,1680,613200
4,Arizona,1006,1,1988,1680,614880
4,Arizona,1006,1,1989,1920,700800
4,Arizona,1006,1,1990,1980,722700
4,Arizona,1006,1,1991,2275,830375
4,Arizona,1006,1,1992,2400,878400
4,Arizona,1006,1,1993,1700,620500
4,Arizona,1006,2,1991,2275,830375
4,Arizona,1006,2,1992,2400,878400
4,Arizona,1006,2,1993,1700,620500
4,Arizona,1006,3,1992,2400,878400
4,Arizona,1006,3,1993,1700,620500
4,Arizona,1006,4,1993,1700,620500
4,Arizona,1006,4,1994,2347,856655
4,Arizona,1006,4,1995,2435,888775
4,Arizona,1006,4,1996,2523,923418
4,Arizona,1006,4,1997,2611,953015
4,Arizona,1006,4,1998,2700,985500
4,Arizona,1006,4,1999,2788,1017620
4,Arizona,1006,4,2000,2876,1052616
4,Arizona,1006,4,2001,2964,1081860
4,Arizona,1006,4,2002,3053,1114345
4,Arizona,1006,4,2003,3141,1146465
4,Arizona,1006,4,2004,3229,1181814
4,Arizona,1006,4,2005,3317,1210705
4,Arizona,1006,4,2006,3406,1243190
4,Arizona,1006,4,2007,3494,1275310
4,Arizona,1006,4,2008,3582,1311012
4,Arizona,1006,4,2009,3670,1339550
4,Arizona,1006,4,2010,3759,1372035
4,Arizona,1006,4,2011,3847,1404155
4,Arizona,1006,4,2012,3935,1440210
4,Arizona,1006,4,2013,4023,1468395
4,Arizona,1006,4,2014,4112,1500880
4,Arizona,1006,4,2015,4200,1533000
4,Arizona,1006,4,2016,4288,1569408
4,Arizona,1006,4,2017,4376,1597240
4,Arizona,1006,4,2018,4465,1629725
4,Arizona,1006,4,2019,4553,1661845
4,Arizona,1006,4,2020,4641,1698606
4,Arizona,1006,4,2021,4729,1726085
4,Arizona,1006,4,2022,4815,1757475
4,Arizona,1006,4,2023,4903,1789595
4,Arizona,1006,5,2013,4023,1468395
4,Arizona,1006,5,2014,4112,1500880
4,Arizona,1006,5,2015,4200,1533000
4,Arizona,1006,5,2016,4288,1569408
4,Arizona,1006,5,2017,4376,1597240
4,Arizona,1006,5,2018,4465,1629725
4,Arizona,1006,5,2019,4553,1661845
4,Arizona,1007,5,2006,4771,1741415
4,Arizona,1007,5,2005,4504,1643960
4,Arizona,1007,1,1978,840,306600
4,Arizona,1007,1,1979,936,341640
4,Arizona,1007,1,1980,924,338184
4,Arizona,1007,1,1981,1092,398580
4,Arizona,1007,1,1982,1560,569400
4,Arizona,1007,1,1983,1560,569400
4,Arizona,1007,1,1984,1560,570960
4,Arizona,1007,1,1985,1560,569400
4,Arizona,1007,1,1986,1800,657000
4,Arizona,1007,1,1987,1920,700800
4,Arizona,1007,1,1988,2160,790560
4,Arizona,1007,1,1989,2280,832200
4,Arizona,1007,1,1990,2352,858480
4,Arizona,1007,1,1991,2275,830375
4,Arizona,1007,1,1992,2400,878400
4,Arizona,1007,1,1993,1488,543120
4,Arizona,1007,1,1994,2470,901550
4,Arizona,1007,1,1995,3053,3053
4,Arizona,1007,2,1989,2280,832200
4,Arizona,1007,2,1990,2352,858480
4,Arizona,1007,2,1991,2275,830375
4,Arizona,1007,2,1992,2400,878400
4,Arizona,1007,2,1993,1488,543120
4,Arizona,1007,2,1994,2470,901550
4,Arizona,1007,2,1995,3053,3053
4,Arizona,1007,3,1990,2352,858480
4,Arizona,1007,3,1991,2275,830375
4,Arizona,1007,3,1992,2400,878400
4,Arizona,1007,3,1993,1488,543120
4,Arizona,1007,3,1994,2470,901550
4,Arizona,1007,3,1995,3053,3053
4,Arizona,1007,4,1995,3053,1114345
4,Arizona,1007,4,1996,2868,1049688
4,Arizona,1007,4,1997,3242,1183330
4,Arizona,1007,4,1998,3529,1288085
4,Arizona,1007,4,1999,3659,1335535
4,Arizona,1007,4,2000,4417,1616622
4,Arizona,1007,4,2001,4357,1590305
4,Arizona,1007,4,2002,4754,1735210
4,Arizona,1007,4,2003,5063,1847995
4,Arizona,1007,4,2004,4382,1603812
4,Arizona,1007,4,2005,4504,1643960
4,Arizona,1007,4,2006,4771,1741415
4,Arizona,1007,4,2007,4613,4613
4,Arizona,1007,5,2003,5063,1083482
4,Arizona,1007,5,2004,4382,1603812
4,Arizona,1007,5,2007,4613,4613
4,Arizona,1015,1,1979,154,56210
4,Arizona,1015,2,2016,2960,1083360
4,Arizona,1015,1,1981,143,52195
4,Arizona,1015,1,1982,137,50005
4,Arizona,1015,1,1983,146,53290
4,Arizona,1015,1,1984,157,57462
4,Arizona,1015,1,1985,160,58400
4,Arizona,1015,1,1986,168,61320
4,Arizona,1015,1,1987,224,81760
4,Arizona,1015,1,1988,298,109068
4,Arizona,1015,1,1989,269,98185
4,Arizona,1015,1,1990,308,112420
4,Arizona,1015,1,1991,525,191625
4,Arizona,1015,1,1992,550,201300
4,Arizona,1015,1,1993,395,144175
4,Arizona,1015,1,1994,543,198195
4,Arizona,1015,1,1995,580,211700
4,Arizona,1015,1,1996,550,201300
4,Arizona,1015,1,1997,500,500
4,Arizona,1015,2,1997,500,182500
4,Arizona,1015,2,1998,550,200750
4,Arizona,1015,2,1999,674,246010
4,Arizona,1015,2,2000,736,269376
4,Arizona,1015,2,2001,802,292730
4,Arizona,1015,2,2002,875,319375
4,Arizona,1015,2,2003,955,348575
4,Arizona,1015,2,2004,1042,381372
4,Arizona,1015,2,2005,1136,414640
4,Arizona,1015,2,2006,1240,452600
4,Arizona,1015,2,2007,1353,493845
4,Arizona,1015,2,2008,1476,540216
4,Arizona,1015,2,2009,1610,587650
4,Arizona,1015,2,2010,1756,640940
4,Arizona,1015,2,2011,1916,699340
4,Arizona,1015,2,2012,2090,764940
4,Arizona,1015,2,2013,2280,832200
4,Arizona,1015,2,2014,2487,907755
4,Arizona,1015,2,2015,2713,990245
4,Arizona,1015,1,1980,157,57462
4,Arizona,1016,2,1996,699,255834
4,Arizona,1016,2,1997,500,182500
4,Arizona,1016,2,1998,559,204035
4,Arizona,1016,3,1998,559,204035
4,Arizona,1016,3,1999,602,219730
4,Arizona,1016,3,2000,648,237168
4,Arizona,1016,3,2001,697,254405
4,Arizona,1016,3,2002,751,274115
4,Arizona,1016,3,2003,808,294920
4,Arizona,1016,3,2004,870,318420
4,Arizona,1016,3,2005,936,341640
4,Arizona,1016,3,2006,1008,367920
4,Arizona,1016,3,2007,1085,396025
4,Arizona,1016,3,2008,1168,427488
4,Arizona,1016,3,2009,1257,458805
4,Arizona,1016,3,2010,1353,493845
4,Arizona,1016,3,2011,1457,531805
4,Arizona,1016,3,2012,1568,573888
4,Arizona,1016,3,2013,1688,616120
4,Arizona,1016,3,2014,1818,663570
4,Arizona,1016,3,2015,1957,714305
4,Arizona,1016,3,2016,2106,770796
4,Arizona,1016,3,2017,2267,827455
4,Arizona,1016,3,2018,2410,879650
4,Arizona,1016,3,2019,2500,912500
4,Arizona,1016,3,2020,2600,951600
4,Arizona,1016,3,2021,2700,985500
4,Arizona,1016,3,2022,2800,1022000
4,Arizona,1016,3,2023,2900,1058500
4,Arizona,1016,3,2024,3000,1098000
4,Arizona,1016,1,1979,221,80665
4,Arizona,1016,1,1980,154,56364
4,Arizona,1016,1,1981,168,61320
4,Arizona,1016,1,1982,162,59130
4,Arizona,1016,1,1983,168,61320
4,Arizona,1016,1,1984,179,65514
4,Arizona,1016,1,1985,162,59130
4,Arizona,1016,1,1986,174,63510
4,Arizona,1016,1,1987,214,78110
4,Arizona,1016,1,1988,297,108702
4,Arizona,1016,1,1989,282,102930
4,Arizona,1016,1,1990,310,113150
4,Arizona,1016,1,1991,475,173375
4,Arizona,1016,1,1992,500,183000
4,Arizona,1016,1,1993,306,111690
4,Arizona,1016,1,1994,469,171185
4,Arizona,1016,1,1995,393,143445
4,Arizona,1016,1,1996,699,255834
4,Arizona,1016,1,1997,500,182500
4,Arizona,1016,1,1998,559,204035
4,Arizona,1016,2,1991,475,173375
4,Arizona,1016,2,1992,500,183000
4,Arizona,1016,2,1993,306,111690
4,Arizona,1016,2,1994,469,171185
4,Arizona,1016,2,1995,393,143445
4,Arizona,1017,3,2000,1193,436638
4,Arizona,1017,3,1999,774,282510
4,Arizona,1017,3,2002,554,202210
4,Arizona,1017,3,2003,4680,1708200
4,Arizona,1017,3,2004,768,281088
4,Arizona,1017,3,2005,789,287985
4,Arizona,1017,3,2006,855,312075
4,Arizona,1017,3,2007,946,345290
4,Arizona,1017,3,2008,902,330132
4,Arizona,1017,3,2009,1043,380695
4,Arizona,1017,3,2010,1099,401135
4,Arizona,1017,3,2011,1157,422305
4,Arizona,1017,3,2012,1219,446154
4,Arizona,1017,3,2013,1283,468295
4,Arizona,1017,3,2014,1352,493480
4,Arizona,1017,3,2015,1424,519760
4,Arizona,1017,3,2016,1499,548634
4,Arizona,1017,3,2017,1579,576335
4,Arizona,1017,3,2018,1331,485815
4,Arizona,1017,3,2019,1362,497130
4,Arizona,1017,4,2012,1219,446154
4,Arizona,1017,4,2013,1283,468295
4,Arizona,1017,4,2014,1352,493480
4,Arizona,1017,4,2015,1424,519760
4,Arizona,1017,4,2016,1499,548634
4,Arizona,1017,4,2017,1579,576335
4,Arizona,1017,4,2018,1331,485815
4,Arizona,1017,4,2019,1362,497130
4,Arizona,1017,1,1976,268,98088
4,Arizona,1017,1,1977,308,112420
4,Arizona,1017,1,1978,228,83220
4,Arizona,1017,1,1979,224,81760
4,Arizona,1017,1,1980,240,87840
4,Arizona,1017,1,1981,232,84680
4,Arizona,1017,1,1982,224,81760
4,Arizona,1017,1,1983,232,84680
4,Arizona,1017,1,1984,248,90768
4,Arizona,1017,1,1985,272,99280
4,Arizona,1017,1,1986,304,110960
4,Arizona,1017,1,1987,328,119720
4,Arizona,1017,1,1988,440,161040
4,Arizona,1017,1,1989,440,160600
4,Arizona,1017,1,1990,390,142350
4,Arizona,1017,1,1991,475,173375
4,Arizona,1017,1,1992,500,183000
4,Arizona,1017,1,1993,161,58765
4,Arizona,1017,1,1994,317,115705
4,Arizona,1017,1,1995,299,109135
4,Arizona,1017,1,1996,346,126636
4,Arizona,1017,1,1997,597,78804
4,Arizona,1017,2,1989,440,160600
4,Arizona,1017,2,1990,390,142350
4,Arizona,1017,2,1991,475,173375
4,Arizona,1017,2,1992,500,183000
4,Arizona,1017,2,1993,161,58765
4,Arizona,1017,2,1994,317,115705
4,Arizona,1017,2,1995,299,109135
4,Arizona,1017,2,1996,346,126636
4,Arizona,1017,2,1997,597,78804
4,Arizona,1017,3,1997,597,139698
4,Arizona,1017,3,1998,742,270830
4,Arizona,1017,3,2001,527,192355
4,Arizona,1018,3,1991,425,155125
4,Arizona,1018,3,1992,450,164700
4,Arizona,1018,3,1993,427,155855
4,Arizona,1018,3,1994,416,151840
4,Arizona,1018,3,1995,435,158775
4,Arizona,1018,3,1996,700,256200
4,Arizona,1018,3,1997,500,167500
4,Arizona,1018,4,1997,500,15500
4,Arizona,1018,4,1998,532,194180
4,Arizona,1018,4,1999,559,204035
4,Arizona,1018,4,2000,587,214842
4,Arizona,1018,4,2001,617,225205
4,Arizona,1018,4,2002,648,236520
4,Arizona,1018,4,2003,681,248565
4,Arizona,1018,4,2004,715,261690
4,Arizona,1018,4,2005,751,274115
4,Arizona,1018,4,2006,789,287985
4,Arizona,1018,4,2007,829,302585
4,Arizona,1018,4,2008,870,318420
4,Arizona,1018,4,2009,914,333610
4,Arizona,1018,4,2010,960,350400
4,Arizona,1018,4,2011,1009,368285
4,Arizona,1018,4,2012,1059,387594
4,Arizona,1018,4,2013,1113,406245
4,Arizona,1018,4,2014,1169,426685
4,Arizona,1018,4,2015,1228,448220
4,Arizona,1018,4,2016,1290,472140
4,Arizona,1018,4,2017,1355,494575
4,Arizona,1018,4,2018,1417,517205
4,Arizona,1018,4,2019,1482,540930
4,Arizona,1018,5,2012,1059,387594
4,Arizona,1018,5,2013,1113,406245
4,Arizona,1018,5,2014,1169,426685
4,Arizona,1018,5,2015,1228,448220
4,Arizona,1018,5,2016,1290,472140
4,Arizona,1018,5,2017,1355,494575
4,Arizona,1018,5,2018,1417,517205
4,Arizona,1018,5,2019,1482,540930
4,Arizona,1018,1,1976,216,79056
4,Arizona,1018,1,1977,256,93440
4,Arizona,1018,1,1978,248,90520
4,Arizona,1018,1,1979,248,90520
4,Arizona,1018,1,1980,204,74664
4,Arizona,1018,1,1981,196,71540
4,Arizona,1018,1,1982,192,70080
4,Arizona,1018,1,1983,196,71540
4,Arizona,1018,1,1984,208,76128
4,Arizona,1018,1,1985,228,83220
4,Arizona,1018,1,1986,238,86870
4,Arizona,1018,1,1987,312,113880
4,Arizona,1018,1,1988,384,140544
4,Arizona,1018,1,1989,384,140160
4,Arizona,1018,1,1990,359,131035
4,Arizona,1018,1,1991,425,155125
4,Arizona,1018,1,1992,450,164700
4,Arizona,1018,1,1993,427,155855
4,Arizona,1018,1,1994,416,151840
4,Arizona,1018,1,1995,435,158775
4,Arizona,1018,1,1996,700,256200
4,Arizona,1018,1,1997,500,167500
4,Arizona,1018,2,1989,384,140160
4,Arizona,1018,2,1990,359,131035
4,Arizona,1018,2,1991,425,155125
4,Arizona,1018,2,1992,450,164700
4,Arizona,1018,2,1993,427,155855
4,Arizona,1018,2,1994,416,151840
4,Arizona,1018,2,1995,435,158775
4,Arizona,1018,2,1996,700,256200
4,Arizona,1018,2,1997,500,167500
4,Arizona,1021,6,2009,2449,893885
4,Arizona,1021,6,2010,2895,1056675
4,Arizona,1021,6,2011,2981,1088065
4,Arizona,1021,6,2012,3067,1122522
4,Arizona,1021,6,2013,3154,1151210
4,Arizona,1021,6,2014,3240,1182600
4,Arizona,1021,6,2015,3326,1213990
4,Arizona,1021,6,2016,3412,1248792
4,Arizona,1021,1,1978,440,160600
4,Arizona,1021,1,1979,440,160600
4,Arizona,1021,1,1980,320,117120
4,Arizona,1021,1,1981,400,146000
4,Arizona,1021,1,1982,400,146000
4,Arizona,1021,1,1983,400,146000
4,Arizona,1021,1,1984,440,161040
4,Arizona,1021,1,1985,680,248200
4,Arizona,1021,1,1986,800,292000
4,Arizona,1021,1,1987,840,306600
4,Arizona,1021,1,1988,840,307440
4,Arizona,1021,1,1989,920,335800
4,Arizona,1021,1,1990,940,343100
4,Arizona,1021,1,1991,1375,501875
4,Arizona,1021,1,1992,1450,530700
4,Arizona,1021,1,1993,1600,584000
4,Arizona,1021,1,1994,1660,605900
4,Arizona,1021,1,1995,1600,584000
4,Arizona,1021,1,1996,1900,695400
4,Arizona,1021,1,1997,1912,1912
4,Arizona,1021,2,1990,940,343100
4,Arizona,1021,2,1991,1375,501875
4,Arizona,1021,2,1992,1450,530700
4,Arizona,1021,2,1993,1600,584000
4,Arizona,1021,2,1994,1660,605900
4,Arizona,1021,2,1995,1600,584000
4,Arizona,1021,2,1996,1900,695400
4,Arizona,1021,2,1997,1912,1912
4,Arizona,1021,3,1991,1375,501875
4,Arizona,1021,3,1992,1450,530700
4,Arizona,1021,3,1993,1600,584000
4,Arizona,1021,3,1994,1660,605900
4,Arizona,1021,3,1995,1600,584000
4,Arizona,1021,3,1996,1900,695400
4,Arizona,1021,3,1997,1912,1912
4,Arizona,1021,4,1994,1660,406700
4,Arizona,1021,4,1995,1600,584000
4,Arizona,1021,4,1996,1900,695400
4,Arizona,1021,4,1997,1912,1912
4,Arizona,1021,5,1997,1912,697880
4,Arizona,1021,5,1998,2200,803000
4,Arizona,1021,5,1999,1596,582540
4,Arizona,1021,5,2000,1689,618174
4,Arizona,1021,5,2001,1787,652255
4,Arizona,1021,5,2002,1885,688025
4,Arizona,1021,5,2003,3061,1117265
4,Arizona,1021,5,2004,2677,979782
4,Arizona,1021,5,2005,2207,805555
4,Arizona,1021,5,2006,2746,1002290
4,Arizona,1021,5,2007,2813,1026745
4,Arizona,1021,5,2008,2723,996618
4,Arizona,1021,5,2009,2449,893885
4,Arizona,1021,5,2010,2895,1056675
4,Arizona,1021,5,2011,2981,1088065
4,Arizona,1021,5,2012,3067,1122522
4,Arizona,1021,5,2013,3154,1151210
4,Arizona,1021,5,2014,3240,1182600
4,Arizona,1021,5,2015,3326,1213990
4,Arizona,1021,5,2016,3412,1248792
4,Arizona,1021,6,2008,2723,996618
4,Arizona,1022,1,1977,44,16060
4,Arizona,1022,4,2016,3471,1270386
4,Arizona,1022,1,1979,440,160600
4,Arizona,1022,1,1980,320,117120
4,Arizona,1022,1,1981,400,146000
4,Arizona,1022,1,1982,400,146000
4,Arizona,1022,1,1983,400,146000
4,Arizona,1022,1,1984,440,161040
4,Arizona,1022,1,1985,680,248200
4,Arizona,1022,1,1986,800,292000
4,Arizona,1022,1,1987,840,306600
4,Arizona,1022,1,1988,840,307440
4,Arizona,1022,1,1989,920,335800
4,Arizona,1022,1,1990,940,343100
4,Arizona,1022,1,1991,1375,501875
4,Arizona,1022,1,1992,1450,530700
4,Arizona,1022,1,1993,1600,584000
4,Arizona,1022,1,1994,1660,605900
4,Arizona,1022,1,1995,1600,584000
4,Arizona,1022,1,1996,1900,19000
4,Arizona,1022,2,1991,1375,501875
4,Arizona,1022,2,1992,1450,530700
4,Arizona,1022,2,1993,1600,584000
4,Arizona,1022,2,1994,1660,605900
4,Arizona,1022,2,1995,1600,584000
4,Arizona,1022,2,1996,1900,19000
4,Arizona,1022,3,1996,1900,678300
4,Arizona,1022,3,1997,1912,697880
4,Arizona,1022,3,1998,1889,689485
4,Arizona,1022,3,1999,1977,721605
4,Arizona,1022,3,2000,2065,755790
4,Arizona,1022,3,2001,2153,785845
4,Arizona,1022,3,2002,2240,817600
4,Arizona,1022,3,2003,2328,849720
4,Arizona,1022,3,2004,2416,884256
4,Arizona,1022,3,2005,2615,954475
4,Arizona,1022,3,2006,2667,973455
4,Arizona,1022,3,2007,2730,996450
4,Arizona,1022,3,2008,2500,915000
4,Arizona,1022,3,2009,2856,1042440
4,Arizona,1022,3,2010,2943,1074195
4,Arizona,1022,3,2011,3031,1106315
4,Arizona,1022,3,2012,3119,1141554
4,Arizona,1022,3,2013,3207,1170555
4,Arizona,1022,3,2014,3295,1202675
4,Arizona,1022,3,2015,3383,1234795
4,Arizona,1022,3,2016,3471,1270386
4,Arizona,1022,4,2015,3383,1234795
4,Arizona,1022,1,1978,440,160600
4,Arizona,1024,8,2016,2872,1051152
4,Arizona,1024,8,2017,2933,1070545
4,Arizona,1024,8,2018,2994,1092810
4,Arizona,1024,8,2019,3055,1115075
4,Arizona,1024,8,2020,3116,1140456
4,Arizona,1024,8,2021,3177,1159605
4,Arizona,1024,8,2022,3264,1191360
4,Arizona,1024,8,2023,3324,1213260
4,Arizona,1024,8,2024,3385,1238910
4,Arizona,1024,1,1988,1100,402600
4,Arizona,1024,1,1989,1200,438000
4,Arizona,1024,1,1990,1260,459900
4,Arizona,1024,1,1991,1425,520125
4,Arizona,1024,1,1992,1500,549000
4,Arizona,1024,1,1993,1574,574510
4,Arizona,1024,1,1994,1467,535455
4,Arizona,1024,1,1995,1605,585825
4,Arizona,1024,1,1996,1846,675636
4,Arizona,1024,1,1997,1950,711750
4,Arizona,1024,1,1998,2140,781100
4,Arizona,1024,1,1999,2044,746060
4,Arizona,1024,2,1989,1200,438000
4,Arizona,1024,2,1990,1260,459900
4,Arizona,1024,2,1991,1425,520125
4,Arizona,1024,2,1992,1500,549000
4,Arizona,1024,2,1993,1574,574510
4,Arizona,1024,2,1994,1467,535455
4,Arizona,1024,2,1995,1605,585825
4,Arizona,1024,2,1996,1846,675636
4,Arizona,1024,2,1997,1950,711750
4,Arizona,1024,2,1998,2140,781100
4,Arizona,1024,2,1999,2044,746060
4,Arizona,1024,3,1990,1260,459900
4,Arizona,1024,3,1991,1425,520125
4,Arizona,1024,3,1992,1500,549000
4,Arizona,1024,3,1993,1574,574510
4,Arizona,1024,3,1994,1467,535455
4,Arizona,1024,3,1995,1605,585825
4,Arizona,1024,3,1996,1846,675636
4,Arizona,1024,3,1997,1950,711750
4,Arizona,1024,3,1998,2140,781100
4,Arizona,1024,3,1999,2044,746060
4,Arizona,1024,4,1994,1467,535455
4,Arizona,1024,4,1995,1605,585825
4,Arizona,1024,4,1996,1846,675636
4,Arizona,1024,4,1997,1950,711750
4,Arizona,1024,4,1998,2140,781100
4,Arizona,1024,4,1999,2044,746060
4,Arizona,1024,5,1997,1950,711750
4,Arizona,1024,5,1998,2140,781100
4,Arizona,1024,5,1999,2044,746060
4,Arizona,1024,6,1997,1950,711750
4,Arizona,1024,6,1998,2140,781100
4,Arizona,1024,6,1999,2044,746060
4,Arizona,1024,7,1998,2140,781100
4,Arizona,1024,7,1999,2044,746060
4,Arizona,1024,8,1999,2044,746060
4,Arizona,1024,8,2000,2205,807030
4,Arizona,1024,8,2001,1957,714305
4,Arizona,1024,8,2002,2018,736570
4,Arizona,1024,8,2003,2079,758835
4,Arizona,1024,8,2004,2140,783240
4,Arizona,1024,8,2005,2201,803365
4,Arizona,1024,8,2006,2262,825630
4,Arizona,1024,8,2007,2323,847895
4,Arizona,1024,8,2008,2384,872544
4,Arizona,1024,8,2009,2445,892425
4,Arizona,1024,8,2010,2506,914690
4,Arizona,1024,8,2011,2567,936955
4,Arizona,1024,8,2012,2628,961848
4,Arizona,1024,8,2013,2689,981485
4,Arizona,1024,8,2014,2750,1003750
4,Arizona,1024,8,2015,2811,1026015
4,Arizona,1024,1,1977,619,225935
4,Arizona,1024,1,1978,700,255500
4,Arizona,1024,1,1979,700,255500
4,Arizona,1024,1,1980,600,219600
4,Arizona,1024,1,1981,700,255500
4,Arizona,1024,1,1982,700,255500
4,Arizona,1024,1,1983,800,292000
4,Arizona,1024,1,1984,800,292800
4,Arizona,1024,1,1985,900,328500
4,Arizona,1024,1,1986,1000,365000
4,Arizona,1024,1,1987,1100,401500
4,Arizona,1025,5,2000,1186,434076
4,Arizona,1025,5,2001,3771,1376415
4,Arizona,1025,5,2002,3885,1418025
4,Arizona,1025,5,2003,3186,1162890
4,Arizona,1025,5,2004,2586,946476
4,Arizona,1025,5,2005,2624,957760
4,Arizona,1025,5,2006,2646,965790
4,Arizona,1025,5,2007,2726,994990
4,Arizona,1025,5,2008,2457,899262
4,Arizona,1025,5,2009,3494,1275310
4,Arizona,1025,5,2010,3693,1347945
4,Arizona,1025,5,2011,3904,1424960
4,Arizona,1025,5,2012,4127,1510482
4,Arizona,1025,5,2013,4363,1592495
4,Arizona,1025,5,2014,4612,1683380
4,Arizona,1025,5,2015,4876,1779740
4,Arizona,1025,5,2016,5155,1886730
4,Arizona,1025,5,2017,5449,1988885
4,Arizona,1025,6,2011,3904,1424960
4,Arizona,1025,6,2012,4127,1510482
4,Arizona,1025,6,2013,4363,1592495
4,Arizona,1025,6,2014,4612,1683380
4,Arizona,1025,6,2015,4876,1779740
4,Arizona,1025,6,2016,5155,1886730
4,Arizona,1025,6,2017,5449,1988885
4,Arizona,1025,7,2016,5155,1886730
4,Arizona,1025,7,2017,5449,1988885
4,Arizona,1025,1,1978,700,255500
4,Arizona,1025,1,1979,700,255500
4,Arizona,1025,1,1980,600,219600
4,Arizona,1025,1,1981,700,255500
4,Arizona,1025,1,1982,700,255500
4,Arizona,1025,1,1983,700,255500
4,Arizona,1025,1,1984,800,292800
4,Arizona,1025,1,1985,900,328500
4,Arizona,1025,1,1986,1000,365000
4,Arizona,1025,1,1987,1100,401500
4,Arizona,1025,1,1988,1100,402600
4,Arizona,1025,1,1989,1100,401500
4,Arizona,1025,1,1990,1260,459900
4,Arizona,1025,1,1991,1375,501875
4,Arizona,1025,1,1992,1450,530700
4,Arizona,1025,1,1993,1609,587285
4,Arizona,1025,1,1994,1520,554800
4,Arizona,1025,1,1995,1996,728540
4,Arizona,1025,1,1996,1977,723582
4,Arizona,1025,1,1997,2176,794240
4,Arizona,1025,1,1998,2040,744600
4,Arizona,1025,1,1999,2250,342000
4,Arizona,1025,2,1990,1260,459900
4,Arizona,1025,2,1991,1375,501875
4,Arizona,1025,2,1992,1450,530700
4,Arizona,1025,2,1993,1609,587285
4,Arizona,1025,2,1994,1520,554800
4,Arizona,1025,2,1995,1996,728540
4,Arizona,1025,2,1996,1977,723582
4,Arizona,1025,2,1997,2176,794240
4,Arizona,1025,2,1998,2040,744600
4,Arizona,1025,2,1999,2250,342000
4,Arizona,1025,3,1991,1375,501875
4,Arizona,1025,3,1992,1450,530700
4,Arizona,1025,3,1993,1609,587285
4,Arizona,1025,3,1994,1520,554800
4,Arizona,1025,3,1995,1996,728540
4,Arizona,1025,3,1996,1977,723582
4,Arizona,1025,3,1997,2176,794240
4,Arizona,1025,3,1998,2040,744600
4,Arizona,1025,3,1999,2250,342000
4,Arizona,1025,4,1996,1977,235263
4,Arizona,1025,4,1997,2176,794240
4,Arizona,1025,4,1998,2040,744600
4,Arizona,1025,4,1999,2250,342000
4,Arizona,1025,5,1999,2250,481500
4,Arizona,1034,4,2002,193,70445
4,Arizona,1034,4,2003,224,81760
4,Arizona,1034,4,2004,1122,410652
4,Arizona,1034,4,2005,1144,417560
4,Arizona,1034,4,2006,1111,66660
4,Arizona,1034,5,2001,220,40480
4,Arizona,1034,5,2002,193,70445
4,Arizona,1034,5,2003,224,81760
4,Arizona,1034,5,2004,1122,410652
4,Arizona,1034,5,2005,1144,417560
4,Arizona,1034,5,2006,1111,66660
4,Arizona,1034,1,1975,253,92345
4,Arizona,1034,1,1976,270,98820
4,Arizona,1034,1,1977,250,91250
4,Arizona,1034,1,1978,240,87600
4,Arizona,1034,1,1979,240,87600
4,Arizona,1034,1,1980,96,35136
4,Arizona,1034,1,1981,98,35770
4,Arizona,1034,1,1982,100,36500
4,Arizona,1034,1,1983,182,66430
4,Arizona,1034,1,1984,175,64050
4,Arizona,1034,1,1985,450,164250
4,Arizona,1034,1,1986,370,135050
4,Arizona,1034,1,1987,422,154030
4,Arizona,1034,1,1988,570,208620
4,Arizona,1034,1,1989,437,159505
4,Arizona,1034,1,1990,427,155855
4,Arizona,1034,1,1991,350,127750
4,Arizona,1034,1,1992,375,137250
4,Arizona,1034,1,1993,283,103295
4,Arizona,1034,1,1994,284,103660
4,Arizona,1034,1,1995,269,98185
4,Arizona,1034,1,1996,650,237900
4,Arizona,1034,1,1997,135,49275
4,Arizona,1034,1,1998,552,201480
4,Arizona,1034,1,1999,547,199655
4,Arizona,1034,1,2000,176,64416
4,Arizona,1034,1,2001,220,80300
4,Arizona,1034,1,2002,193,70445
4,Arizona,1034,1,2003,224,81760
4,Arizona,1034,1,2004,1122,410652
4,Arizona,1034,1,2005,1144,417560
4,Arizona,1034,1,2006,1111,66660
4,Arizona,1034,2,1990,427,155855
4,Arizona,1034,2,1991,350,127750
4,Arizona,1034,2,1992,375,137250
4,Arizona,1034,2,1993,283,103295
4,Arizona,1034,2,1994,284,103660
4,Arizona,1034,2,1995,269,98185
4,Arizona,1034,2,1996,650,237900
4,Arizona,1034,2,1997,135,49275
4,Arizona,1034,2,1998,552,201480
4,Arizona,1034,2,1999,547,199655
4,Arizona,1034,2,2000,176,64416
4,Arizona,1034,2,2001,220,80300
4,Arizona,1034,2,2002,193,70445
4,Arizona,1034,2,2003,224,81760
4,Arizona,1034,2,2004,1122,410652
4,Arizona,1034,2,2005,1144,417560
4,Arizona,1034,2,2006,1111,66660
4,Arizona,1034,3,1996,650,159250
4,Arizona,1034,3,1997,135,49275
4,Arizona,1034,3,1998,552,201480
4,Arizona,1034,3,1999,547,199655
4,Arizona,1034,3,2000,176,64416
4,Arizona,1034,3,2001,220,80300
4,Arizona,1034,3,2002,193,70445
4,Arizona,1034,3,2003,224,81760
4,Arizona,1034,3,2004,1122,410652
4,Arizona,1034,3,2005,1144,417560
4,Arizona,1034,3,2006,1111,66660
4,Arizona,1034,4,1998,552,183816
4,Arizona,1034,4,1999,547,199655
4,Arizona,1034,4,2000,176,64416
4,Arizona,1034,4,2001,220,80300
4,Arizona,1036,1,1983,250,91250
4,Arizona,1036,1,1984,270,98820
4,Arizona,1036,2,1997,793,289445
4,Arizona,1036,2,1996,720,263520
4,Arizona,1036,2,1995,660,240900
4,Arizona,1036,2,1994,400,146000
4,Arizona,1036,2,1993,401,42506
4,Arizona,1036,1,1998,655,239075
4,Arizona,1036,1,1997,793,289445
4,Arizona,1036,1,1996,720,263520
4,Arizona,1036,1,1995,660,240900
4,Arizona,1036,1,1994,400,146000
4,Arizona,1036,1,1993,401,146365
4,Arizona,1036,1,1992,375,137250
4,Arizona,1036,1,1991,350,127750
4,Arizona,1036,1,1990,359,131035
4,Arizona,1036,1,1989,245,89425
4,Arizona,1036,1,1988,275,100650
4,Arizona,1036,1,1987,290,105850
4,Arizona,1036,1,1986,275,100375
4,Arizona,1036,1,1985,270,98550
4,Arizona,1036,2,1998,655,239075
4,Arizona,1037,2,1999,1596,582540
4,Arizona,1037,2,1998,350,127750
4,Arizona,1037,2,1997,300,109500
4,Arizona,1037,2,1996,241,88206
4,Arizona,1037,2,1995,131,47815
4,Arizona,1037,2,1994,187,68255
4,Arizona,1037,2,1993,175,32025
4,Arizona,1037,1,2000,1689,155388
4,Arizona,1037,1,1999,1596,582540
4,Arizona,1037,1,1998,350,127750
4,Arizona,1037,1,1997,300,109500
4,Arizona,1037,1,1996,241,88206
4,Arizona,1037,1,1995,131,47815
4,Arizona,1037,1,1994,187,68255
4,Arizona,1037,1,1993,175,63875
4,Arizona,1037,1,1992,200,73200
4,Arizona,1037,1,1991,190,69350
4,Arizona,1037,1,1990,174,63510
4,Arizona,1037,1,1989,205,74825
4,Arizona,1037,1,1988,175,64050
4,Arizona,1037,1,1987,170,62050
4,Arizona,1037,1,1986,130,47450
4,Arizona,1037,2,2000,1689,155388
4,Arizona,1037,1,1985,115,41975
4,Arizona,1062,5,2012,3070,1123620
4,Arizona,1062,5,2013,3154,1151210
4,Arizona,1062,5,2014,3238,1181870
4,Arizona,1062,5,2015,3323,1212895
4,Arizona,1062,6,2012,3070,1123620
4,Arizona,1062,6,2013,3154,1151210
4,Arizona,1062,6,2014,3238,1181870
4,Arizona,1062,6,2015,3323,1212895
4,Arizona,1062,7,2015,3323,1212895
4,Arizona,1062,7,2016,3407,1246962
4,Arizona,1062,7,2017,3491,1274215
4,Arizona,1062,2,2014,3238,1181870
4,Arizona,1062,2,2015,3323,1212895
4,Arizona,1062,3,1991,1375,501510
4,Arizona,1062,3,1992,1450,530700
4,Arizona,1062,3,1993,1660,606265
4,Arizona,1062,3,1994,1596,582540
4,Arizona,1062,3,1995,1670,608820
4,Arizona,1062,3,1996,1800,658800
4,Arizona,1062,3,1997,1912,697515
4,Arizona,1062,3,1998,1890,689850
4,Arizona,1062,3,1999,1974,720510
4,Arizona,1062,3,2000,2058,753228
4,Arizona,1062,3,2001,2143,782195
4,Arizona,1062,3,2002,2227,812855
4,Arizona,1062,3,2003,2311,843515
4,Arizona,1062,3,2004,2395,876570
4,Arizona,1062,3,2005,2480,905200
4,Arizona,1062,3,2006,2564,935860
4,Arizona,1062,3,2007,2648,966520
4,Arizona,1062,3,2008,2733,1000278
4,Arizona,1062,3,2009,2817,1028205
4,Arizona,1062,3,2010,2901,1058865
4,Arizona,1062,3,2011,2985,1089525
4,Arizona,1062,3,2012,3070,1123620
4,Arizona,1062,3,2013,3154,1151210
4,Arizona,1062,3,2014,3238,1181870
4,Arizona,1062,3,2015,3323,1212895
4,Arizona,1062,4,1992,1450,133400
4,Arizona,1062,4,1993,1660,606265
4,Arizona,1062,4,1994,1596,582540
4,Arizona,1062,4,1995,1670,608820
4,Arizona,1062,4,1996,1800,658800
4,Arizona,1062,4,1997,1912,697515
4,Arizona,1062,4,1998,1890,689850
4,Arizona,1062,4,1999,1974,720510
4,Arizona,1062,4,2000,2058,753228
4,Arizona,1062,4,2001,2143,782195
4,Arizona,1062,4,2002,2227,812855
4,Arizona,1062,4,2003,2311,843515
4,Arizona,1062,4,2004,2395,876570
4,Arizona,1062,4,2005,2480,905200
4,Arizona,1062,4,2006,2564,935860
4,Arizona,1062,4,2007,2648,966520
4,Arizona,1062,4,2008,2733,1000278
4,Arizona,1062,4,2009,2817,1028205
4,Arizona,1062,4,2010,2901,1058865
4,Arizona,1062,4,2011,2985,1089525
4,Arizona,1062,4,2012,3070,1123620
4,Arizona,1062,4,2013,3154,1151210
4,Arizona,1062,4,2014,3238,1181870
4,Arizona,1062,4,2015,3323,1212895
4,Arizona,1062,5,1999,1974,720510
4,Arizona,1062,5,2000,2058,753228
4,Arizona,1062,5,2001,2143,782195
4,Arizona,1062,5,2002,2227,812855
4,Arizona,1062,5,2003,2311,843515
4,Arizona,1062,5,2004,2395,876570
4,Arizona,1062,5,2005,2480,905200
4,Arizona,1062,5,2006,2564,935860
4,Arizona,1062,5,2007,2648,966520
4,Arizona,1062,5,2008,2733,1000278
4,Arizona,1062,5,2009,2817,1028205
4,Arizona,1062,5,2010,2901,1058865
4,Arizona,1062,5,2011,2985,1089525
4,Arizona,1062,1,1977,120,43800
4,Arizona,1062,1,1978,400,146000
4,Arizona,1062,1,1979,420,153300
4,Arizona,1062,1,1980,440,161040
4,Arizona,1062,1,1981,520,189800
4,Arizona,1062,1,1982,560,204400
4,Arizona,1062,1,1983,560,204400
4,Arizona,1062,1,1984,600,219600
4,Arizona,1062,1,1985,660,240900
4,Arizona,1062,1,1986,800,292000
4,Arizona,1062,1,1987,875,319375
4,Arizona,1062,1,1988,925,338550
4,Arizona,1062,1,1989,875,319375
4,Arizona,1062,1,1990,994,362810
4,Arizona,1062,1,1991,1375,501510
4,Arizona,1062,1,1992,1450,530700
4,Arizona,1062,1,1993,1660,606265
4,Arizona,1062,1,1994,1596,582540
4,Arizona,1062,1,1995,1670,608820
4,Arizona,1062,1,1996,1800,658800
4,Arizona,1062,1,1997,1912,697515
4,Arizona,1062,1,1998,1890,689850
4,Arizona,1062,1,1999,1974,720510
4,Arizona,1062,1,2000,2058,753228
4,Arizona,1062,1,2001,2143,782195
4,Arizona,1062,1,2002,2227,812855
4,Arizona,1062,1,2003,2311,843515
4,Arizona,1062,1,2004,2395,876570
4,Arizona,1062,1,2005,2480,905200
4,Arizona,1062,1,2006,2564,935860
4,Arizona,1062,1,2007,2648,966520
4,Arizona,1062,1,2008,2733,1000278
4,Arizona,1062,1,2009,2817,1028205
4,Arizona,1062,1,2010,2901,1058865
4,Arizona,1062,1,2011,2985,1089525
4,Arizona,1062,1,2012,3070,1123620
4,Arizona,1062,1,2013,3154,1151210
4,Arizona,1062,1,2014,3238,1181870
4,Arizona,1062,1,2015,3323,1212895
4,Arizona,1062,2,1989,875,319375
4,Arizona,1062,2,1990,994,362810
4,Arizona,1062,2,1991,1375,501510
4,Arizona,1062,2,1992,1450,530700
4,Arizona,1062,2,1993,1660,606265
4,Arizona,1062,2,1994,1596,582540
4,Arizona,1062,2,1995,1670,608820
4,Arizona,1062,2,1996,1800,658800
4,Arizona,1062,2,1997,1912,697515
4,Arizona,1062,2,1998,1890,689850
4,Arizona,1062,2,1999,1974,720510
4,Arizona,1062,2,2000,2058,753228
4,Arizona,1062,2,2001,2143,782195
4,Arizona,1062,2,2002,2227,812855
4,Arizona,1062,2,2003,2311,843515
4,Arizona,1062,2,2004,2395,876570
4,Arizona,1062,2,2005,2480,905200
4,Arizona,1062,2,2006,2564,935860
4,Arizona,1062,2,2007,2648,966520
4,Arizona,1062,2,2008,2733,1000278
4,Arizona,1062,2,2009,2817,1028205
4,Arizona,1062,2,2010,2901,1058865
4,Arizona,1062,2,2011,2985,1089525
4,Arizona,1062,2,2012,3070,1123620
4,Arizona,1062,2,2013,3154,1151210
4,Arizona,1065,1,1977,54,19710
4,Arizona,1065,1,1978,360,131400
4,Arizona,1065,1,1979,360,131400
4,Arizona,1065,1,1980,360,131760
4,Arizona,1065,1,1981,400,146000
4,Arizona,1065,1,1982,400,146000
4,Arizona,1065,1,1983,400,146000
4,Arizona,1065,1,1984,440,161040
4,Arizona,1065,1,1985,680,248200
4,Arizona,1065,1,1986,800,292000
4,Arizona,1065,1,1987,840,306600
4,Arizona,1065,1,1988,840,307440
4,Arizona,1065,1,1989,840,306600
4,Arizona,1065,1,1990,994,363175
4,Arizona,1065,1,1991,1425,520490
4,Arizona,1065,1,1992,1500,549000
4,Arizona,1065,1,1993,1703,621230
4,Arizona,1065,1,1994,1372,501145
4,Arizona,1065,1,1995,1559,569035
4,Arizona,1065,1,1996,1643,601338
4,Arizona,1065,1,1997,1727,630355
4,Arizona,1065,1,1998,1810,660650
4,Arizona,1065,1,1999,1894,691310
4,Arizona,1065,1,2000,1977,723582
4,Arizona,1065,1,2001,2061,752265
4,Arizona,1065,1,2002,2145,782925
4,Arizona,1065,1,2003,2228,813220
4,Arizona,1065,1,2004,2312,846192
4,Arizona,1065,1,2005,2396,874540
4,Arizona,1065,1,2006,2479,904835
4,Arizona,1065,1,2007,2563,935495
4,Arizona,1065,1,2008,2646,968436
4,Arizona,1065,1,2009,2730,996450
4,Arizona,1065,1,2010,2814,1027110
4,Arizona,1065,1,2011,2897,1057405
4,Arizona,1065,1,2012,2981,1091046
4,Arizona,1065,1,2013,3065,1118725
4,Arizona,1065,1,2014,3148,1149020
4,Arizona,1065,1,2015,3232,1179680
4,Arizona,1065,1,2016,3315,1213290
4,Arizona,1065,1,2017,3399,1240635
4,Arizona,1065,1,2018,3483,1271295
4,Arizona,1065,1,2019,3566,1301590
4,Arizona,1065,1,2020,3650,1335900
4,Arizona,1065,2,1989,840,306600
4,Arizona,1065,2,1990,994,363175
4,Arizona,1065,2,1991,1425,520490
4,Arizona,1065,2,1992,1500,549000
4,Arizona,1065,2,1993,1703,621230
4,Arizona,1065,2,1994,1372,501145
4,Arizona,1065,2,1995,1559,569035
4,Arizona,1065,2,1996,1643,601338
4,Arizona,1065,2,1997,1727,630355
4,Arizona,1065,2,1998,1810,660650
4,Arizona,1065,2,1999,1894,691310
4,Arizona,1065,2,2000,1977,723582
4,Arizona,1065,2,2001,2061,752265
4,Arizona,1065,2,2002,2145,782925
4,Arizona,1065,2,2003,2228,813220
4,Arizona,1065,2,2004,2312,846192
4,Arizona,1065,2,2005,2396,874540
4,Arizona,1065,2,2006,2479,904835
4,Arizona,1065,2,2007,2563,935495
4,Arizona,1065,2,2008,2646,968436
4,Arizona,1065,2,2009,2730,996450
4,Arizona,1065,2,2010,2814,1027110
4,Arizona,1065,2,2011,2897,1057405
4,Arizona,1065,2,2012,2981,1091046
4,Arizona,1065,2,2013,3065,1118725
4,Arizona,1065,2,2014,3148,1149020
4,Arizona,1065,2,2015,3232,1179680
4,Arizona,1065,2,2016,3315,1213290
4,Arizona,1065,2,2017,3399,1240635
4,Arizona,1065,2,2018,3483,1271295
4,Arizona,1065,2,2019,3566,1301590
4,Arizona,1065,2,2020,3650,1335900
4,Arizona,1065,3,1990,994,363175
4,Arizona,1065,3,1991,1425,520490
4,Arizona,1065,3,1992,1500,549000
4,Arizona,1065,3,1993,1703,621230
4,Arizona,1065,3,1994,1372,501145
4,Arizona,1065,3,1995,1559,569035
4,Arizona,1065,3,1996,1643,601338
4,Arizona,1065,3,1997,1727,630355
4,Arizona,1065,3,1998,1810,660650
4,Arizona,1065,3,1999,1894,691310
4,Arizona,1065,3,2000,1977,723582
4,Arizona,1065,3,2001,2061,752265
4,Arizona,1065,3,2002,2145,782925
4,Arizona,1065,3,2003,2228,813220
4,Arizona,1065,3,2004,2312,846192
4,Arizona,1065,3,2005,2396,874540
4,Arizona,1065,3,2006,2479,904835
4,Arizona,1065,3,2007,2563,935495
4,Arizona,1065,3,2008,2646,968436
4,Arizona,1065,3,2009,2730,996450
4,Arizona,1065,3,2010,2814,1027110
4,Arizona,1065,3,2011,2897,1057405
4,Arizona,1065,3,2012,2981,1091046
4,Arizona,1065,3,2013,3065,1118725
4,Arizona,1065,3,2014,3148,1149020
4,Arizona,1065,3,2015,3232,1179680
4,Arizona,1065,3,2016,3315,1213290
4,Arizona,1065,3,2017,3399,1240635
4,Arizona,1065,3,2018,3483,1271295
4,Arizona,1065,3,2019,3566,1301590
4,Arizona,1065,3,2020,3650,1335900
4,Arizona,1065,4,1991,1425,520490
4,Arizona,1065,4,1992,1500,549000
4,Arizona,1065,4,1993,1703,621230
4,Arizona,1065,4,1994,1372,501145
4,Arizona,1065,4,1995,1559,569035
4,Arizona,1065,4,1996,1643,601338
4,Arizona,1065,4,1997,1727,630355
4,Arizona,1065,4,1998,1810,660650
4,Arizona,1065,4,1999,1894,691310
4,Arizona,1065,4,2000,1977,723582
4,Arizona,1065,4,2001,2061,752265
4,Arizona,1065,4,2002,2145,782925
4,Arizona,1065,4,2003,2228,813220
4,Arizona,1065,4,2004,2312,846192
4,Arizona,1065,4,2005,2396,874540
4,Arizona,1065,4,2006,2479,904835
4,Arizona,1065,4,2007,2563,935495
4,Arizona,1065,4,2008,2646,968436
4,Arizona,1065,4,2009,2730,996450
4,Arizona,1065,4,2010,2814,1027110
4,Arizona,1065,4,2011,2897,1057405
4,Arizona,1065,4,2012,2981,1091046
4,Arizona,1065,4,2013,3065,1118725
4,Arizona,1065,4,2014,3148,1149020
4,Arizona,1065,4,2015,3232,1179680
4,Arizona,1065,4,2016,3315,1213290
4,Arizona,1065,4,2017,3399,1240635
4,Arizona,1065,4,2018,3483,1271295
4,Arizona,1065,4,2019,3566,1301590
4,Arizona,1065,4,2020,3650,1335900
4,Arizona,1065,5,1992,1500,138000
4,Arizona,1065,5,1993,1703,621230
4,Arizona,1065,5,1994,1372,501145
4,Arizona,1065,5,1995,1559,569035
4,Arizona,1065,5,1996,1643,601338
4,Arizona,1065,5,1997,1727,630355
4,Arizona,1065,5,1998,1810,660650
4,Arizona,1065,5,1999,1894,691310
4,Arizona,1065,5,2000,1977,723582
4,Arizona,1065,5,2001,2061,752265
4,Arizona,1065,5,2002,2145,782925
4,Arizona,1065,5,2003,2228,813220
4,Arizona,1065,5,2004,2312,846192
4,Arizona,1065,5,2005,2396,874540
4,Arizona,1065,5,2006,2479,904835
4,Arizona,1065,5,2007,2563,935495
4,Arizona,1065,5,2008,2646,968436
4,Arizona,1065,5,2009,2730,996450
4,Arizona,1065,5,2010,2814,1027110
4,Arizona,1065,5,2011,2897,1057405
4,Arizona,1065,5,2012,2981,1091046
4,Arizona,1065,5,2013,3065,1118725
4,Arizona,1065,5,2014,3148,1149020
4,Arizona,1065,5,2015,3232,1179680
4,Arizona,1065,5,2016,3315,1213290
4,Arizona,1065,5,2017,3399,1240635
4,Arizona,1065,5,2018,3483,1271295
4,Arizona,1065,5,2019,3566,1301590
4,Arizona,1065,5,2020,3650,1335900
4,Arizona,1065,6,1999,1894,691310
4,Arizona,1065,6,2000,1977,723582
4,Arizona,1065,6,2001,2061,752265
4,Arizona,1065,6,2002,2145,782925
4,Arizona,1065,6,2003,2228,813220
4,Arizona,1065,6,2004,2312,846192
4,Arizona,1065,6,2005,2396,874540
4,Arizona,1065,6,2006,2479,904835
4,Arizona,1065,6,2007,2563,935495
4,Arizona,1065,6,2008,2646,968436
4,Arizona,1065,6,2009,2730,996450
4,Arizona,1065,6,2010,2814,1027110
4,Arizona,1065,6,2011,2897,1057405
4,Arizona,1065,6,2012,2981,1091046
4,Arizona,1065,6,2013,3065,1118725
4,Arizona,1065,6,2014,3148,1149020
4,Arizona,1065,6,2015,3232,1179680
4,Arizona,1065,6,2016,3315,1213290
4,Arizona,1065,6,2017,3399,1240635
4,Arizona,1065,6,2018,3483,1271295
4,Arizona,1065,6,2019,3566,1301590
4,Arizona,1065,6,2020,3650,1335900
4,Arizona,6053,1,1968,600,219600
4,Arizona,6053,1,1969,640,233600
4,Arizona,6053,1,1970,720,262800
4,Arizona,6053,1,1971,800,292000
4,Arizona,6053,1,1972,800,292800
4,Arizona,6053,1,1973,880,321200
4,Arizona,6053,1,1974,800,292000
4,Arizona,6053,1,1975,800,292000
4,Arizona,6053,1,1976,880,322080
4,Arizona,6053,1,1977,960,350400
4,Arizona,6053,1,1978,1040,379600
4,Arizona,6053,1,1979,1248,455520
4,Arizona,6053,1,1980,1248,456768
4,Arizona,6053,1,1981,1248,455520
4,Arizona,6053,1,1982,1536,560640
4,Arizona,6053,1,1983,1536,560640
4,Arizona,6053,1,1984,1440,527040
4,Arizona,6053,1,1985,1536,560640
4,Arizona,6053,1,1986,1944,709560
4,Arizona,6053,1,1987,1944,709560
4,Arizona,6053,1,1988,1944,711504
4,Arizona,6053,1,1989,2160,788400
4,Arizona,6053,1,1990,3136,1144640
4,Arizona,6053,1,1991,1575,574875
4,Arizona,6053,1,1992,1650,603900
4,Arizona,6053,1,1993,1617,590205
4,Arizona,6053,1,1994,1542,562830
4,Arizona,6053,1,1995,2127,776355
4,Arizona,6053,1,1996,2382,871812
4,Arizona,6053,1,1997,2191,600334
4,Arizona,6053,2,1990,3136,1144640
4,Arizona,6053,2,1991,1575,574875
4,Arizona,6053,2,1992,1650,603900
4,Arizona,6053,2,1993,1617,590205
4,Arizona,6053,2,1994,1542,562830
4,Arizona,6053,2,1995,2127,776355
4,Arizona,6053,2,1996,2382,871812
4,Arizona,6053,2,1997,2191,600334
4,Arizona,6054,1,1995,580,211700
4,Arizona,6054,1,1996,550,201300
4,Arizona,6054,1,1997,550,200750
4,Arizona,6054,1,1998,600,219000
4,Arizona,6054,1,1999,544,198560
4,Arizona,6054,1,2000,542,542
4,Arizona,6054,2,1990,545,198925
4,Arizona,6054,2,1991,230,83950
4,Arizona,6054,2,1992,240,87840
4,Arizona,6054,2,1993,406,148190
4,Arizona,6054,2,1994,405,147825
4,Arizona,6054,2,1995,580,211700
4,Arizona,6054,2,1996,550,201300
4,Arizona,6054,2,1997,550,200750
4,Arizona,6054,2,1998,600,219000
4,Arizona,6054,2,1999,544,198560
4,Arizona,6054,2,2000,542,542
4,Arizona,6054,3,1991,230,83950
4,Arizona,6054,3,1992,240,87840
4,Arizona,6054,3,1993,406,148190
4,Arizona,6054,3,1994,405,147825
4,Arizona,6054,3,1995,580,211700
4,Arizona,6054,3,1996,550,201300
4,Arizona,6054,3,1997,550,200750
4,Arizona,6054,3,1998,600,219000
4,Arizona,6054,3,1999,544,198560
4,Arizona,6054,3,2000,542,542
4,Arizona,6054,1,1969,274,100010
4,Arizona,6054,1,1970,140,51100
4,Arizona,6054,1,1971,236,86140
4,Arizona,6054,1,1972,348,127368
4,Arizona,6054,1,1973,360,131400
4,Arizona,6054,1,1974,400,146000
4,Arizona,6054,1,1975,400,146000
4,Arizona,6054,1,1976,440,161040
4,Arizona,6054,1,1977,560,204400
4,Arizona,6054,1,1978,440,160600
4,Arizona,6054,1,1979,480,175200
4,Arizona,6054,1,1980,480,175680
4,Arizona,6054,1,1981,480,175200
4,Arizona,6054,1,1982,440,160600
4,Arizona,6054,1,1983,480,175200
4,Arizona,6054,1,1984,520,190320
4,Arizona,6054,1,1985,480,175200
4,Arizona,6054,1,1986,480,175200
4,Arizona,6054,1,1987,520,189800
4,Arizona,6054,1,1988,640,234240
4,Arizona,6054,1,1989,720,262800
4,Arizona,6054,1,1990,545,198925
4,Arizona,6054,1,1991,230,83950
4,Arizona,6054,1,1992,240,87840
4,Arizona,6054,1,1993,406,148190
4,Arizona,6054,1,1994,405,147825
4,Arizona,6055,3,2003,922,336530
4,Arizona,6055,3,2004,935,57035
4,Arizona,6055,1,1975,510,186150
4,Arizona,6055,1,1976,570,208620
4,Arizona,6055,1,1977,590,215350
4,Arizona,6055,1,1978,620,226300
4,Arizona,6055,1,1979,610,222650
4,Arizona,6055,1,1980,630,230580
4,Arizona,6055,1,1981,660,240900
4,Arizona,6055,1,1982,740,270100
4,Arizona,6055,1,1983,750,273750
4,Arizona,6055,1,1984,790,289140
4,Arizona,6055,1,1985,710,259150
4,Arizona,6055,1,1986,850,310250
4,Arizona,6055,1,1987,820,299300
4,Arizona,6055,1,1988,730,267180
4,Arizona,6055,1,1989,700,255500
4,Arizona,6055,1,1990,900,328500
4,Arizona,6055,1,1991,625,228125
4,Arizona,6055,1,1992,650,237900
4,Arizona,6055,1,1993,398,145270
4,Arizona,6055,1,1994,700,255500
4,Arizona,6055,1,1995,486,177390
4,Arizona,6055,1,1996,629,230214
4,Arizona,6055,1,1997,792,289080
4,Arizona,6055,1,1998,842,307330
4,Arizona,6055,1,1999,846,102366
4,Arizona,6055,2,1992,650,48100
4,Arizona,6055,2,1993,398,145270
4,Arizona,6055,2,1994,700,255500
4,Arizona,6055,2,1995,486,177390
4,Arizona,6055,2,1996,629,230214
4,Arizona,6055,2,1997,792,289080
4,Arizona,6055,2,1998,842,307330
4,Arizona,6055,2,1999,846,102366
4,Arizona,6055,3,1999,846,207270
4,Arizona,6055,3,2000,1024,374784
4,Arizona,6055,3,2001,538,196370
4,Arizona,6055,3,2002,593,216445
4,Arizona,6060,4,1997,541,197465
4,Arizona,6060,4,1998,767,210158
4,Arizona,6060,5,1998,767,70564
4,Arizona,6060,5,1999,786,286890
4,Arizona,6060,5,2000,799,292434
4,Arizona,6060,5,2001,808,294920
4,Arizona,6060,5,2002,2121,774165
4,Arizona,6060,5,2003,902,329230
4,Arizona,6060,5,2004,682,249612
4,Arizona,6060,5,2005,735,268275
4,Arizona,6060,5,2006,831,303315
4,Arizona,6060,5,2007,794,289810
4,Arizona,6060,5,2008,1001,366366
4,Arizona,6060,5,2009,1058,386170
4,Arizona,6060,5,2010,1118,408070
4,Arizona,6060,5,2011,1182,431430
4,Arizona,6060,1,1967,103,37595
4,Arizona,6060,1,1968,120,43920
4,Arizona,6060,1,1969,128,46720
4,Arizona,6060,1,1970,136,49640
4,Arizona,6060,1,1971,152,55480
4,Arizona,6060,1,1972,152,55632
4,Arizona,6060,1,1973,164,59860
4,Arizona,6060,1,1974,152,55480
4,Arizona,6060,1,1975,216,78840
4,Arizona,6060,1,1976,212,77592
4,Arizona,6060,1,1977,220,80300
4,Arizona,6060,1,1978,224,81760
4,Arizona,6060,1,1979,220,80300
4,Arizona,6060,1,1980,168,61488
4,Arizona,6060,1,1981,180,65700
4,Arizona,6060,1,1982,172,62780
4,Arizona,6060,1,1983,184,67160
4,Arizona,6060,1,1984,196,71736
4,Arizona,6060,1,1985,200,73000
4,Arizona,6060,1,1986,212,77380
4,Arizona,6060,1,1987,248,90520
4,Arizona,6060,1,1988,320,117120
4,Arizona,6060,1,1989,352,128480
4,Arizona,6060,1,1990,370,135050
4,Arizona,6060,1,1991,450,164250
4,Arizona,6060,1,1992,475,173850
4,Arizona,6060,1,1993,296,108040
4,Arizona,6060,1,1994,416,151840
4,Arizona,6060,1,1995,517,188705
4,Arizona,6060,1,1996,774,283284
4,Arizona,6060,1,1997,541,197465
4,Arizona,6060,1,1998,767,210158
4,Arizona,6060,2,1989,352,128480
4,Arizona,6060,2,1990,370,135050
4,Arizona,6060,2,1991,450,164250
4,Arizona,6060,2,1992,475,173850
4,Arizona,6060,2,1993,296,108040
4,Arizona,6060,2,1994,416,151840
4,Arizona,6060,2,1995,517,188705
4,Arizona,6060,2,1996,774,283284
4,Arizona,6060,2,1997,541,197465
4,Arizona,6060,2,1998,767,210158
4,Arizona,6060,3,1990,370,135050
4,Arizona,6060,3,1991,450,164250
4,Arizona,6060,3,1992,475,173850
4,Arizona,6060,3,1993,296,108040
4,Arizona,6060,3,1994,416,151840
4,Arizona,6060,3,1995,517,188705
4,Arizona,6060,3,1996,774,283284
4,Arizona,6060,3,1997,541,197465
4,Arizona,6060,3,1998,767,210158
4,Arizona,6060,4,1993,296,108040
4,Arizona,6060,4,1994,416,151840
4,Arizona,6060,4,1995,517,188705
4,Arizona,6060,4,1996,774,283284
13,Georgia,1001,2,1991,656,131200
13,Georgia,1001,2,1992,683,249978
13,Georgia,1001,2,1993,725,264625
13,Georgia,1001,2,1994,418,152570
13,Georgia,1001,2,1995,517,188705
13,Georgia,1001,2,1996,537,196542
13,Georgia,1001,2,1997,701,255865
13,Georgia,1001,2,1998,677,126599
13,Georgia,1001,1,1986,530,193450
13,Georgia,1001,1,1987,236,86140
13,Georgia,1001,1,1988,223,81618
13,Georgia,1001,1,1989,422,154030
13,Georgia,1001,1,1990,577,210605
13,Georgia,1001,1,1991,656,239440
13,Georgia,1001,1,1992,683,249978
13,Georgia,1001,1,1993,725,264625
13,Georgia,1001,1,1994,418,152570
13,Georgia,1001,1,1995,517,188705
13,Georgia,1001,1,1996,537,196542
13,Georgia,1001,1,1997,701,255865
13,Georgia,1001,1,1998,677,126599
13,Georgia,1004,1,1983,85,31025
13,Georgia,1004,1,1984,101,36966
13,Georgia,1004,2,1998,358,20048
13,Georgia,1004,2,1997,448,163520
13,Georgia,1004,2,1996,273,99918
13,Georgia,1004,2,1995,259,94535
13,Georgia,1004,2,1994,152,55480
13,Georgia,1004,2,1993,146,53290
13,Georgia,1004,2,1992,203,74298
13,Georgia,1004,2,1991,207,75555
13,Georgia,1004,2,1990,290,58000
13,Georgia,1004,1,1998,358,20048
13,Georgia,1004,1,1997,448,163520
13,Georgia,1004,1,1996,273,99918
13,Georgia,1004,1,1995,259,94535
13,Georgia,1004,1,1994,152,55480
13,Georgia,1004,1,1993,146,53290
13,Georgia,1004,1,1992,203,74298
13,Georgia,1004,1,1991,207,75555
13,Georgia,1004,1,1990,290,105850
13,Georgia,1004,1,1989,121,44165
13,Georgia,1004,1,1988,191,69906
13,Georgia,1004,1,1987,134,48910
13,Georgia,1004,1,1986,135,49275
13,Georgia,1004,1,1985,120,43800
13,Georgia,1005,2,1998,580,211700
13,Georgia,1005,2,1999,588,82908
13,Georgia,1005,2,1996,592,216672
13,Georgia,1005,2,1995,580,211700
13,Georgia,1005,2,1994,605,220825
13,Georgia,1005,2,1993,554,202210
13,Georgia,1005,2,1992,479,175314
13,Georgia,1005,2,1991,302,110230
13,Georgia,1005,2,1990,328,65600
13,Georgia,1005,1,1999,588,82908
13,Georgia,1005,1,1998,580,211700
13,Georgia,1005,1,1997,529,193085
13,Georgia,1005,1,1996,592,216672
13,Georgia,1005,1,1995,580,211700
13,Georgia,1005,1,1994,605,220825
13,Georgia,1005,1,1993,554,202210
13,Georgia,1005,1,1992,479,175314
13,Georgia,1005,1,1991,302,110230
13,Georgia,1005,1,1990,328,119720
13,Georgia,1005,1,1989,460,167900
13,Georgia,1005,1,1988,432,158112
13,Georgia,1005,1,1987,526,191990
13,Georgia,1005,1,1986,535,195275
13,Georgia,1005,2,1997,529,193085
13,Georgia,1031,1,1981,83,30295
13,Georgia,1031,3,2005,811,296015
13,Georgia,1031,1,1983,111,40515
13,Georgia,1031,1,1984,114,41724
13,Georgia,1031,1,1985,154,56210
13,Georgia,1031,1,1986,148,54020
13,Georgia,1031,1,1987,185,67525
13,Georgia,1031,1,1988,205,75030
13,Georgia,1031,1,1989,217,79205
13,Georgia,1031,1,1990,229,83585
13,Georgia,1031,1,1991,258,94170
13,Georgia,1031,1,1992,149,54534
13,Georgia,1031,1,1993,148,54020
13,Georgia,1031,1,1994,164,59860
13,Georgia,1031,1,1995,155,56575
13,Georgia,1031,1,1996,267,97722
13,Georgia,1031,1,1997,667,243455
13,Georgia,1031,1,1998,983,358795
13,Georgia,1031,1,1999,458,167170
13,Georgia,1031,1,2000,503,184098
13,Georgia,1031,1,2001,554,202210
13,Georgia,1031,1,2002,609,222285
13,Georgia,1031,1,2003,670,244550
13,Georgia,1031,1,2004,737,269742
13,Georgia,1031,1,2005,811,296015
13,Georgia,1031,2,1995,155,16740
13,Georgia,1031,2,1996,267,97722
13,Georgia,1031,2,1997,667,243455
13,Georgia,1031,2,1998,983,358795
13,Georgia,1031,2,1999,458,167170
13,Georgia,1031,2,2000,503,184098
13,Georgia,1031,2,2001,554,202210
13,Georgia,1031,2,2002,609,222285
13,Georgia,1031,2,2003,670,244550
13,Georgia,1031,2,2004,737,269742
13,Georgia,1031,2,2005,811,296015
13,Georgia,1031,3,1997,667,143405
13,Georgia,1031,3,1998,983,358795
13,Georgia,1031,3,1999,458,167170
13,Georgia,1031,3,2000,503,184098
13,Georgia,1031,3,2001,554,202210
13,Georgia,1031,3,2002,609,222285
13,Georgia,1031,3,2003,670,244550
13,Georgia,1031,3,2004,737,269742
13,Georgia,1031,1,1982,71,25915
13,Georgia,4092,1,1999,662,241630
13,Georgia,4092,1,1998,382,139430
13,Georgia,4092,1,2001,703,256595
13,Georgia,4092,1,2002,724,264260
13,Georgia,4092,1,2003,746,55204
13,Georgia,4092,2,1990,334,57114
13,Georgia,4092,2,1991,334,121910
13,Georgia,4092,2,1992,1211,443226
13,Georgia,4092,2,1993,382,139430
13,Georgia,4092,2,1994,1730,631450
13,Georgia,4092,2,1995,1369,499685
13,Georgia,4092,2,1996,334,122244
13,Georgia,4092,2,1997,334,121910
13,Georgia,4092,2,1998,382,139430
13,Georgia,4092,2,1999,662,241630
13,Georgia,4092,2,2000,682,249612
13,Georgia,4092,2,2001,703,256595
13,Georgia,4092,2,2002,724,264260
13,Georgia,4092,2,2003,746,55204
13,Georgia,4092,1,1986,679,247835
13,Georgia,4092,1,1987,674,246010
13,Georgia,4092,1,1988,167,61122
13,Georgia,4092,1,1989,167,60955
13,Georgia,4092,1,1990,334,121910
13,Georgia,4092,1,1991,334,121910
13,Georgia,4092,1,1992,1211,443226
13,Georgia,4092,1,1993,382,139430
13,Georgia,4092,1,1994,1730,631450
13,Georgia,4092,1,1995,1369,499685
13,Georgia,4092,1,1996,334,122244
13,Georgia,4092,1,1997,334,121910
13,Georgia,4092,1,2000,682,249612
13,Georgia,4093,1,1986,378,137970
13,Georgia,4093,1,1987,382,139430
13,Georgia,4093,1,1988,167,61122
13,Georgia,4093,1,1989,167,60955
13,Georgia,4093,1,1990,334,121910
13,Georgia,4093,1,1991,334,121910
13,Georgia,4093,1,1992,286,104676
13,Georgia,4093,1,1993,382,139430
13,Georgia,4093,1,1994,1731,631815
13,Georgia,4093,1,1995,980,357700
13,Georgia,4093,1,1996,334,122244
13,Georgia,4093,1,1997,334,121910
13,Georgia,4093,1,1998,382,139430
13,Georgia,4093,1,1999,566,206590
13,Georgia,4093,1,2000,583,213378
13,Georgia,4093,1,2001,600,219000
13,Georgia,4093,1,2002,618,225570
13,Georgia,4093,1,2003,637,47138
13,Georgia,4093,2,1990,334,57114
13,Georgia,4093,2,1991,334,121910
13,Georgia,4093,2,1992,286,104676
13,Georgia,4093,2,1993,382,139430
13,Georgia,4093,2,1994,1731,631815
13,Georgia,4093,2,1995,980,357700
13,Georgia,4093,2,1996,334,122244
13,Georgia,4093,2,1997,334,121910
13,Georgia,4093,2,1998,382,139430
13,Georgia,4093,2,1999,566,206590
13,Georgia,4093,2,2000,583,213378
13,Georgia,4093,2,2001,600,219000
13,Georgia,4093,2,2002,618,225570
13,Georgia,4093,2,2003,637,47138
13,Georgia,4096,1,1998,163,59495
13,Georgia,4096,1,1997,35,12775
13,Georgia,4096,1,2000,173,63318
13,Georgia,4096,1,2001,178,16198
13,Georgia,4096,2,2001,178,48950
13,Georgia,4096,2,2002,178,64970
13,Georgia,4096,2,2003,195,71175
13,Georgia,4096,2,2004,213,77958
13,Georgia,4096,2,2005,234,85410
13,Georgia,4096,2,2006,256,93440
13,Georgia,4096,2,2007,280,102200
13,Georgia,4096,2,2008,307,112362
13,Georgia,4096,2,2009,336,122640
13,Georgia,4096,2,2010,368,134320
13,Georgia,4096,1,1985,38,13870
13,Georgia,4096,1,1986,41,14965
13,Georgia,4096,1,1987,40,14600
13,Georgia,4096,1,1988,56,20496
13,Georgia,4096,1,1989,61,22265
13,Georgia,4096,1,1990,25,9125
13,Georgia,4096,1,1991,29,10585
13,Georgia,4096,1,1992,185,67710
13,Georgia,4096,1,1993,201,73365
13,Georgia,4096,1,1994,136,49640
13,Georgia,4096,1,1995,31,11315
13,Georgia,4096,1,1996,172,62952
13,Georgia,4096,1,1999,168,61320
13,Georgia,4111,1,1988,357,130662
13,Georgia,4111,1,1989,258,94170
13,Georgia,4111,1,1990,562,205130
13,Georgia,4111,1,1991,671,244915
13,Georgia,4111,1,1992,173,61415
13,Georgia,4111,1,1980,284,103944
13,Georgia,4111,1,1981,293,106945
13,Georgia,4111,1,1982,302,110230
13,Georgia,4111,1,1983,312,113880
13,Georgia,4111,1,1984,321,117486
13,Georgia,4111,1,1985,330,120450
13,Georgia,4111,1,1986,339,123735
13,Georgia,4111,1,1987,348,127020
13,Georgia,4112,1,1977,2796,1020540
13,Georgia,4112,1,1978,2813,1026745
13,Georgia,4112,1,1979,2831,1033315
13,Georgia,4112,1,1980,2849,1042734
13,Georgia,4112,1,1981,2867,1046455
13,Georgia,4112,1,1982,2885,1053025
13,Georgia,4112,1,1983,2903,1059595
13,Georgia,4112,1,1984,2921,1069086
13,Georgia,4112,1,1985,2940,1073100
13,Georgia,4112,1,1986,2958,1079670
13,Georgia,4112,1,1987,2977,1086605
13,Georgia,4112,1,1988,2436,891576
13,Georgia,4112,1,1989,2061,752265
13,Georgia,4112,1,1990,3050,1113250
13,Georgia,4112,1,1991,3128,1141720
13,Georgia,4112,1,1992,3626,1327116
13,Georgia,4112,1,1993,3526,1286990
13,Georgia,4112,1,1994,3086,1126390
13,Georgia,4112,1,1995,3215,1173475
13,Georgia,4112,1,1996,3239,1185474
13,Georgia,4112,1,1997,3485,1272025
13,Georgia,4112,1,1998,3772,920368
13,Georgia,4112,2,1990,3050,640500
13,Georgia,4112,2,1991,3128,1141720
13,Georgia,4112,2,1992,3626,1327116
13,Georgia,4112,2,1993,3526,1286990
13,Georgia,4112,2,1994,3086,1126390
13,Georgia,4112,2,1995,3215,1173475
13,Georgia,4112,2,1996,3239,1185474
13,Georgia,4112,2,1997,3485,1272025
13,Georgia,4112,2,1998,3772,920368
13,Georgia,4112,3,1998,3772,460184
13,Georgia,4112,3,1999,3426,1250490
13,Georgia,4112,3,2000,3529,1291614
13,Georgia,4112,3,2001,3635,218100
13,Georgia,4113,1,1977,1006,367190
13,Georgia,4113,1,1978,1784,651160
13,Georgia,4113,1,1979,1741,635465
13,Georgia,4113,1,1980,1384,506544
13,Georgia,4113,1,1981,1602,584730
13,Georgia,4113,1,1982,1533,559545
13,Georgia,4113,1,1983,2001,730365
13,Georgia,4113,1,1984,1742,637572
13,Georgia,4113,1,1985,2016,735840
13,Georgia,4113,1,1986,1724,629260
13,Georgia,4113,1,1987,2324,848260
13,Georgia,4113,1,1988,2436,891576
13,Georgia,4113,1,1989,2061,752265
13,Georgia,4113,1,1990,3050,1113250
13,Georgia,4113,1,1991,3128,1141720
13,Georgia,4113,1,1992,5764,2109624
13,Georgia,4113,1,1993,3526,1286990
13,Georgia,4113,1,1994,1890,689850
13,Georgia,4113,1,1995,3128,1141720
13,Georgia,4113,1,1996,3239,1185474
13,Georgia,4113,1,1997,3485,1272025
13,Georgia,4113,1,1998,3869,944036
13,Georgia,4113,2,1990,3050,640500
13,Georgia,4113,2,1991,3128,1141720
13,Georgia,4113,2,1992,5764,2109624
13,Georgia,4113,2,1993,3526,1286990
13,Georgia,4113,2,1994,1890,689850
13,Georgia,4113,2,1995,3128,1141720
13,Georgia,4113,2,1996,3239,1185474
13,Georgia,4113,2,1997,3485,1272025
13,Georgia,4113,2,1998,3869,944036
13,Georgia,4113,3,1998,3869,472018
13,Georgia,4113,3,1999,3985,1454525
13,Georgia,4113,3,2000,4105,1502430
13,Georgia,4113,3,2001,4228,253680
13,Georgia,4119,1,1978,6673,2435645
13,Georgia,4119,1,1979,6562,2395130
13,Georgia,4119,1,1980,6452,2361432
13,Georgia,4119,1,1981,6341,2314465
13,Georgia,4119,1,1982,6230,2273950
13,Georgia,4119,1,1983,6120,2233800
13,Georgia,4119,1,1984,6009,2199294
13,Georgia,4119,1,1985,5899,2153135
13,Georgia,4119,1,1986,5788,2112620
13,Georgia,4119,1,1987,5677,2072105
13,Georgia,4119,1,1988,5567,2037522
13,Georgia,4119,1,1989,5283,1928295
13,Georgia,4119,1,1990,5927,2163355
13,Georgia,4119,1,1991,5670,2069550
13,Georgia,4119,1,1992,5397,1975302
13,Georgia,4119,1,1993,2340,854100
13,Georgia,4119,1,1994,5844,2133060
13,Georgia,4119,1,1995,6022,2198030
13,Georgia,4119,1,1996,3367,478114
13,Georgia,4119,2,1993,2340,500760
13,Georgia,4119,2,1994,5844,2133060
13,Georgia,4119,2,1995,6022,2198030
13,Georgia,4119,2,1996,3367,478114
13,Georgia,4420,1,1992,470,134890
13,Georgia,4420,1,1991,417,152205
13,Georgia,4420,2,1990,410,149650
13,Georgia,4420,2,1991,417,152205
13,Georgia,4420,2,1992,470,134890
13,Georgia,4420,3,1992,470,37600
13,Georgia,4420,3,1993,459,167535
13,Georgia,4420,3,1994,554,202210
13,Georgia,4420,3,1995,662,241630
13,Georgia,4420,3,1996,427,156282
13,Georgia,4420,3,1997,262,95630
13,Georgia,4420,3,1998,255,93075
13,Georgia,4420,3,1999,262,95630
13,Georgia,4420,3,2000,270,98820
13,Georgia,4420,3,2001,278,101470
13,Georgia,4420,3,2002,287,104755
13,Georgia,4420,3,2003,295,107675
13,Georgia,4420,3,2004,304,111264
13,Georgia,4420,3,2005,313,114245
13,Georgia,4420,3,2006,323,117895
13,Georgia,4420,3,2007,332,121180
13,Georgia,4420,3,2008,753,275598
13,Georgia,4420,3,2009,709,100678
13,Georgia,4420,1,1984,368,134688
13,Georgia,4420,1,1985,496,181040
13,Georgia,4420,1,1986,540,197100
13,Georgia,4420,1,1987,477,174105
13,Georgia,4420,1,1988,519,189954
13,Georgia,4420,1,1989,666,243090
13,Georgia,4420,1,1990,410,149650
13,Georgia,4420,2,1989,666,243090
39,Ohio,0104,1,1998,1667,608455
39,Ohio,0104,1,1999,1651,602615
39,Ohio,0104,1,1996,1707,624762
39,Ohio,0104,1,1995,1690,103090
39,Ohio,0104,1,1994,0,0
39,Ohio,0104,2,2017,1648,601520
39,Ohio,0104,2,2016,1646,602436
39,Ohio,0104,2,2015,1643,599695
39,Ohio,0104,2,2014,1587,579255
39,Ohio,0104,2,2013,1533,559545
39,Ohio,0104,2,2012,1538,329132
39,Ohio,0104,1,2012,1538,235314
39,Ohio,0104,1,2011,1476,538740
39,Ohio,0104,1,2010,1663,606995
39,Ohio,0104,1,2009,1723,628895
39,Ohio,0104,1,2008,2061,754326
39,Ohio,0104,1,2007,1709,623785
39,Ohio,0104,1,2006,1764,643860
39,Ohio,0104,1,2005,1796,655540
39,Ohio,0104,1,2004,1700,622200
39,Ohio,0104,1,2003,1297,473405
39,Ohio,0104,1,2002,1550,565750
39,Ohio,0104,1,2001,1377,502605
39,Ohio,0104,1,2000,1687,617442
39,Ohio,0104,1,1997,1336,487640
39,Ohio,0111,3,2012,1538,329132
39,Ohio,0111,3,2013,1533,559545
39,Ohio,0111,3,2014,1587,579255
39,Ohio,0111,3,2015,1643,599695
39,Ohio,0111,3,2016,1646,602436
39,Ohio,0111,2,2017,1648,601520
39,Ohio,0111,2,2016,1646,602436
39,Ohio,0111,2,2015,1643,599695
39,Ohio,0111,2,2014,1587,579255
39,Ohio,0111,2,2013,1533,559545
39,Ohio,0111,2,2012,1538,562908
39,Ohio,0111,2,2011,1476,538740
39,Ohio,0111,2,2010,1663,606995
39,Ohio,0111,2,2009,1723,628895
39,Ohio,0111,2,2008,2061,754326
39,Ohio,0111,2,2007,1709,369144
39,Ohio,0111,1,2007,1709,256350
39,Ohio,0111,1,2006,1764,643860
39,Ohio,0111,1,2005,1796,655540
39,Ohio,0111,1,2004,1700,622200
39,Ohio,0111,1,2003,1297,473405
39,Ohio,0111,1,2002,1550,565750
39,Ohio,0111,1,2001,1377,502605
39,Ohio,0111,1,2000,1687,617442
39,Ohio,0111,1,1999,1651,602615
39,Ohio,0111,1,1998,1667,608455
39,Ohio,0111,1,1997,1336,487640
39,Ohio,0111,3,2017,1648,601520
39,Ohio,0111,1,1995,1690,103090
39,Ohio,0111,1,1994,0,0
39,Ohio,0111,1,1996,1707,624762
39,Ohio,0112,1,2002,1550,565750
39,Ohio,0112,1,2003,1297,473405
39,Ohio,0112,1,2004,1700,622200
39,Ohio,0112,1,2005,1796,655540
39,Ohio,0112,1,2006,1764,643860
39,Ohio,0112,1,2007,1709,623785
39,Ohio,0112,1,2008,2061,754326
39,Ohio,0112,1,2009,1723,628895
39,Ohio,0112,1,2010,1663,606995
39,Ohio,0112,1,2011,1476,538740
39,Ohio,0112,1,2012,1538,235314
39,Ohio,0112,2,2012,1538,329132
39,Ohio,0112,2,2013,1533,559545
39,Ohio,0112,2,2014,1587,579255
39,Ohio,0112,2,2015,1643,599695
39,Ohio,0112,2,2016,1646,602436
39,Ohio,0112,2,2017,1648,601520
39,Ohio,0112,1,1994,0,0
39,Ohio,0112,1,1995,1690,103090
39,Ohio,0112,1,1996,1707,624762
39,Ohio,0112,1,1997,1336,487640
39,Ohio,0112,1,1998,1667,608455
39,Ohio,0112,1,1999,1651,602615
39,Ohio,0112,1,2000,1687,617442
39,Ohio,0112,1,2001,1377,502605
39,Ohio,0159,2,2006,1764,643860
39,Ohio,0159,2,2007,1709,623785
39,Ohio,0159,2,2008,2061,754326
39,Ohio,0159,2,2009,1723,628895
39,Ohio,0159,2,2010,1663,606995
39,Ohio,0159,3,2004,1700,416500
39,Ohio,0159,3,2005,1796,655540
39,Ohio,0159,3,2006,1764,643860
39,Ohio,0159,3,2007,1709,623785
39,Ohio,0159,3,2008,2061,754326
39,Ohio,0159,3,2009,1723,628895
39,Ohio,0159,3,2010,1663,606995
39,Ohio,0159,4,2005,1796,255032
39,Ohio,0159,4,2006,1764,643860
39,Ohio,0159,4,2007,1709,623785
39,Ohio,0159,4,2008,2061,754326
39,Ohio,0159,4,2009,1723,628895
39,Ohio,0159,4,2010,1663,606995
39,Ohio,0159,5,2007,1709,365726
39,Ohio,0159,5,2008,2061,754326
39,Ohio,0159,5,2009,1723,628895
39,Ohio,0159,5,2010,1663,606995
39,Ohio,0159,6,2010,1663,606995
39,Ohio,0159,6,2011,1476,538740
39,Ohio,0159,6,2012,1538,562908
39,Ohio,0159,6,2013,1533,559545
39,Ohio,0159,6,2014,1587,579255
39,Ohio,0159,6,2015,1643,599695
39,Ohio,0159,6,2016,1646,602436
39,Ohio,0159,6,2017,1648,601520
39,Ohio,0159,7,2012,1538,321442
39,Ohio,0159,7,2013,1533,559545
39,Ohio,0159,7,2014,1587,579255
39,Ohio,0159,7,2015,1643,599695
39,Ohio,0159,7,2016,1646,602436
39,Ohio,0159,7,2017,1648,601520
39,Ohio,0159,1,1994,0,0
39,Ohio,0159,1,1995,1690,103090
39,Ohio,0159,1,1996,1707,624762
39,Ohio,0159,1,1997,1336,487640
39,Ohio,0159,1,1998,1667,608455
39,Ohio,0159,1,1999,1651,602615
39,Ohio,0159,1,2000,1687,617442
39,Ohio,0159,1,2001,1377,502605
39,Ohio,0159,1,2002,1550,565750
39,Ohio,0159,1,2003,1297,473405
39,Ohio,0159,1,2004,1700,622200
39,Ohio,0159,1,2005,1796,655540
39,Ohio,0159,1,2006,1764,643860
39,Ohio,0159,1,2007,1709,623785
39,Ohio,0159,1,2008,2061,754326
39,Ohio,0159,1,2009,1723,628895
39,Ohio,0159,1,2010,1663,606995
39,Ohio,0159,2,2001,1377,294678
39,Ohio,0159,2,2002,1550,565750
39,Ohio,0159,2,2003,1297,473405
39,Ohio,0159,2,2004,1700,622200
39,Ohio,0159,2,2005,1796,655540
39,Ohio,0160,1,1994,0,0
39,Ohio,0160,3,2017,1648,601520
39,Ohio,0160,1,1996,1707,624762
39,Ohio,0160,1,1997,1336,487640
39,Ohio,0160,1,1998,1667,608455
39,Ohio,0160,1,1999,1651,602615
39,Ohio,0160,1,2000,1687,617442
39,Ohio,0160,1,2001,1377,502605
39,Ohio,0160,1,2002,1550,565750
39,Ohio,0160,1,2003,1297,473405
39,Ohio,0160,1,2004,1700,622200
39,Ohio,0160,1,2005,1796,655540
39,Ohio,0160,1,2006,1764,643860
39,Ohio,0160,1,2007,1709,623785
39,Ohio,0160,1,2008,2061,754326
39,Ohio,0160,1,2009,1723,628895
39,Ohio,0160,1,2010,1663,606995
39,Ohio,0160,2,2010,1663,606995
39,Ohio,0160,2,2011,1476,538740
39,Ohio,0160,2,2012,1538,562908
39,Ohio,0160,2,2013,1533,559545
39,Ohio,0160,2,2014,1587,579255
39,Ohio,0160,2,2015,1643,599695
39,Ohio,0160,2,2016,1646,602436
39,Ohio,0160,2,2017,1648,601520
39,Ohio,0160,3,2012,1538,329132
39,Ohio,0160,3,2013,1533,559545
39,Ohio,0160,3,2014,1587,579255
39,Ohio,0160,3,2015,1643,599695
39,Ohio,0160,3,2016,1646,602436
39,Ohio,0160,1,1995,1690,103090
39,Ohio,0901,2,2015,1643,599695
39,Ohio,0901,2,2014,1587,579255
39,Ohio,0901,2,2017,1648,601520
39,Ohio,0901,3,2012,1538,329132
39,Ohio,0901,3,2013,1533,559545
39,Ohio,0901,3,2014,1587,579255
39,Ohio,0901,3,2015,1643,599695
39,Ohio,0901,3,2016,1646,602436
39,Ohio,0901,3,2017,1648,601520
39,Ohio,0901,2,2016,1646,602436
39,Ohio,0901,2,2013,1533,559545
39,Ohio,0901,2,2012,1538,562908
39,Ohio,0901,2,2011,1476,405900
39,Ohio,0901,1,2011,1476,134316
39,Ohio,0901,1,2010,1664,607360
39,Ohio,0901,1,2009,1723,628895
39,Ohio,0901,1,2008,2061,754326
39,Ohio,0901,1,2007,1709,623785
39,Ohio,0901,1,2006,1764,643860
39,Ohio,0901,1,2005,1796,655540
39,Ohio,0901,1,2004,1700,622200
39,Ohio,0901,1,2003,1297,473405
39,Ohio,0901,1,2002,1550,565750
39,Ohio,0901,1,2001,1377,502605
39,Ohio,0901,1,2000,1687,617442
39,Ohio,0901,1,1999,1651,602615
39,Ohio,0901,1,1998,242,88330
39,Ohio,0901,1,1997,1336,487640
39,Ohio,0901,1,1996,1707,624762
39,Ohio,0901,1,1995,0,0
39,Ohio,0901,1,1994,0,0
39,Ohio,0903,2,2015,1643,599695
39,Ohio,0903,1,1994,0,0
39,Ohio,0903,2,2017,1648,601520
39,Ohio,0903,2,2014,1587,579255
39,Ohio,0903,2,2013,1533,559545
39,Ohio,0903,2,2012,1538,329132
39,Ohio,0903,1,2012,1538,235314
39,Ohio,0903,1,2011,1476,538740
39,Ohio,0903,1,2010,1664,607360
39,Ohio,0903,1,2009,1723,628895
39,Ohio,0903,1,2008,2061,754326
39,Ohio,0903,1,2007,1709,623785
39,Ohio,0903,1,2006,1764,643860
39,Ohio,0903,1,2005,1796,655540
39,Ohio,0903,1,2004,1700,622200
39,Ohio,0903,1,2003,1297,473405
39,Ohio,0903,1,2002,1550,565750
39,Ohio,0903,1,2001,1377,502605
39,Ohio,0903,1,2000,1687,617442
39,Ohio,0903,1,1999,1651,602615
39,Ohio,0903,1,1998,242,88330
39,Ohio,0903,1,1997,1336,487640
39,Ohio,0903,1,1996,1707,624762
39,Ohio,0903,1,1995,0,0
39,Ohio,0903,2,2016,1646,602436
87,Ontario,0903,1,1995,0,0
87,Ontario,0903,1,1996,0,0
87,Ontario,0903,2,2015,1819,663935
87,Ontario,0903,2,2014,1676,611740
87,Ontario,0903,2,2013,1543,563195
87,Ontario,0903,1,2013,1543,563195
87,Ontario,0903,1,2012,1421,520086
87,Ontario,0903,1,2011,1309,477785
87,Ontario,0903,1,2010,1206,440190
87,Ontario,0903,1,2009,1147,418655
87,Ontario,0903,1,2008,1066,390156
87,Ontario,0903,1,2007,978,356970
87,Ontario,0903,1,2006,897,327405
87,Ontario,0903,1,2005,823,300395
87,Ontario,0903,1,2004,755,276330
87,Ontario,0903,1,2003,693,252945
87,Ontario,0903,1,2002,635,231775
87,Ontario,0903,1,2001,583,212795
87,Ontario,0903,1,2000,535,195810
87,Ontario,0903,1,1999,491,179215
87,Ontario,0903,1,1998,450,164250
87,Ontario,0903,1,1997,413,88382
87,Ontario,0903,2,2016,1975,722850
87,Ontario,0960,3,2015,1819,663935
87,Ontario,0960,3,2014,1676,611740
87,Ontario,0960,3,2013,1543,563195
87,Ontario,0960,2,2013,1543,563195
87,Ontario,0960,2,2012,1421,520086
87,Ontario,0960,1,2013,1543,563195
87,Ontario,0960,1,2012,1421,520086
87,Ontario,0960,1,2011,1309,477785
87,Ontario,0960,1,2010,1206,440190
87,Ontario,0960,1,2009,1147,418655
87,Ontario,0960,1,2008,1066,390156
87,Ontario,0960,1,2007,978,356970
87,Ontario,0960,1,2006,897,327405
87,Ontario,0960,1,2005,823,300395
87,Ontario,0960,1,2004,755,276330
87,Ontario,0960,1,2003,693,252945
87,Ontario,0960,1,2002,635,231775
87,Ontario,0960,1,2001,583,212795
87,Ontario,0960,1,2000,535,195810
87,Ontario,0960,1,1999,491,179215
87,Ontario,0960,1,1998,450,164250
87,Ontario,0960,1,1997,413,88382
87,Ontario,0960,1,1996,0,0
87,Ontario,0960,3,2016,1975,722850
87,Ontario,0960,1,1995,0,0
87,Ontario,0961,1,2004,755,276330
87,Ontario,0961,1,2005,823,300395
87,Ontario,0961,1,2006,897,327405
87,Ontario,0961,1,2007,978,356970
87,Ontario,0961,1,2008,1066,390156
87,Ontario,0961,1,2009,1147,418655
87,Ontario,0961,1,2010,1206,440190
87,Ontario,0961,1,2011,1309,477785
87,Ontario,0961,1,2012,1421,520086
87,Ontario,0961,1,2013,1543,563195
87,Ontario,0961,2,2013,1543,563195
87,Ontario,0961,2,2014,1676,611740
87,Ontario,0961,2,2015,1819,663935
87,Ontario,0961,2,2016,1975,722850
87,Ontario,0961,1,1995,0,0
87,Ontario,0961,1,1996,0,0
87,Ontario,0961,1,1997,413,88382
87,Ontario,0961,1,1998,450,164250
87,Ontario,0961,1,1999,491,179215
87,Ontario,0961,1,2000,535,195810
87,Ontario,0961,1,2001,583,212795
87,Ontario,0961,1,2002,635,231775
87,Ontario,0961,1,2003,693,252945
87,Ontario,1620,4,2013,565,206225
87,Ontario,1620,4,2012,559,204594
87,Ontario,1620,4,2015,576,210240
87,Ontario,1620,4,2016,582,213012
87,Ontario,1620,1,1981,351,128115
87,Ontario,1620,1,1982,354,129210
87,Ontario,1620,1,1983,357,130305
87,Ontario,1620,1,1984,369,135054
87,Ontario,1620,1,1985,390,142350
87,Ontario,1620,1,1986,396,144540
87,Ontario,1620,1,1987,456,166440
87,Ontario,1620,1,1988,468,171288
87,Ontario,1620,1,1989,492,179580
87,Ontario,1620,1,1990,495,180675
87,Ontario,1620,1,1991,469,171185
87,Ontario,1620,1,1992,439,95702
87,Ontario,1620,2,1992,439,65411
87,Ontario,1620,2,1993,407,148555
87,Ontario,1620,2,1994,340,124100
87,Ontario,1620,2,1995,458,167170
87,Ontario,1620,2,1996,464,169824
87,Ontario,1620,2,1997,470,171550
87,Ontario,1620,2,1998,475,173375
87,Ontario,1620,2,1999,481,175565
87,Ontario,1620,2,2000,487,178242
87,Ontario,1620,2,2001,493,179945
87,Ontario,1620,2,2002,499,182135
87,Ontario,1620,2,2003,505,184325
87,Ontario,1620,2,2004,511,187026
87,Ontario,1620,2,2005,517,188705
87,Ontario,1620,2,2006,523,190895
87,Ontario,1620,2,2007,529,193085
87,Ontario,1620,2,2008,535,195810
87,Ontario,1620,2,2009,541,197465
87,Ontario,1620,2,2010,547,199655
87,Ontario,1620,2,2011,553,201845
87,Ontario,1620,2,2012,559,204594
87,Ontario,1620,2,2013,565,206225
87,Ontario,1620,2,2014,570,208050
87,Ontario,1620,2,2015,576,210240
87,Ontario,1620,2,2016,582,213012
87,Ontario,1620,3,1998,475,173375
87,Ontario,1620,3,1999,481,175565
87,Ontario,1620,3,2000,487,178242
87,Ontario,1620,3,2001,493,179945
87,Ontario,1620,3,2002,499,182135
87,Ontario,1620,3,2003,505,184325
87,Ontario,1620,3,2004,511,187026
87,Ontario,1620,3,2005,517,188705
87,Ontario,1620,3,2006,523,190895
87,Ontario,1620,3,2007,529,193085
87,Ontario,1620,3,2008,535,195810
87,Ontario,1620,3,2009,541,197465
87,Ontario,1620,3,2010,547,199655
87,Ontario,1620,3,2011,553,201845
87,Ontario,1620,3,2012,559,204594
87,Ontario,1620,3,2013,565,206225
87,Ontario,1620,3,2014,570,208050
87,Ontario,1620,3,2015,576,210240
87,Ontario,1620,3,2016,582,213012
87,Ontario,1620,4,2014,570,208050
87,Ontario,1622,1,1976,361,132126
87,Ontario,1622,1,1977,348,127020
87,Ontario,1622,1,1978,365,133225
87,Ontario,1622,1,1979,350,127750
87,Ontario,1622,1,1980,358,131028
87,Ontario,1622,1,1981,372,135780
87,Ontario,1622,1,1982,375,136875
87,Ontario,1622,1,1983,375,136875
87,Ontario,1622,1,1984,390,142740
87,Ontario,1622,1,1985,390,142350
87,Ontario,1622,1,1986,437,159505
87,Ontario,1622,1,1987,468,170820
87,Ontario,1622,1,1988,502,183732
87,Ontario,1622,1,1989,532,194180
87,Ontario,1622,1,1990,554,202210
87,Ontario,1622,1,1991,603,220095
87,Ontario,1622,1,1992,637,233142
87,Ontario,1622,1,1993,517,188705
87,Ontario,1622,1,1994,609,222285
87,Ontario,1622,1,1995,646,235790
87,Ontario,1622,1,1996,643,235338
87,Ontario,1622,1,1997,1224,446760
87,Ontario,1622,1,1998,904,177184
87,Ontario,1622,2,1998,904,153680
87,Ontario,1622,2,1999,816,297840
87,Ontario,1622,2,2000,852,311832
87,Ontario,1622,2,2001,889,324485
87,Ontario,1622,2,2002,929,339085
87,Ontario,1622,2,2003,970,354050
87,Ontario,1622,2,2004,1013,370758
87,Ontario,1622,2,2005,1057,385805
87,Ontario,1622,2,2006,1104,402960
87,Ontario,1622,2,2007,1153,420845
87,Ontario,1622,2,2008,1204,440664
87,Ontario,1622,2,2009,1257,458805
87,Ontario,1622,2,2010,1313,479245
87,Ontario,1622,2,2011,1371,500415
87,Ontario,1622,2,2012,1431,523746
87,Ontario,1622,2,2013,1495,545675
87,Ontario,1622,2,2014,1561,569765
87,Ontario,1622,2,2015,1630,594950
87,Ontario,1622,2,2016,1702,622932
87,Ontario,1680,2,2001,1485,542025
87,Ontario,1680,2,2000,1456,532896
87,Ontario,1680,2,2003,1545,563925
87,Ontario,1680,2,2004,1576,576816
87,Ontario,1680,2,2005,1608,586920
87,Ontario,1680,2,2006,1640,598600
87,Ontario,1680,2,2007,12082,4409930
87,Ontario,1680,2,2008,1706,624396
87,Ontario,1680,2,2009,459,167535
87,Ontario,1680,2,2010,15170,5537050
87,Ontario,1680,2,2011,1890,689850
87,Ontario,1680,3,2008,1706,365084
87,Ontario,1680,3,2009,459,167535
87,Ontario,1680,3,2010,15170,5537050
87,Ontario,1680,3,2011,1890,689850
87,Ontario,1680,4,2010,15170,5537050
87,Ontario,1680,4,2011,1890,689850
87,Ontario,1680,5,2011,1890,689850
87,Ontario,1680,5,2012,1958,716628
87,Ontario,1680,5,2013,2028,740220
87,Ontario,1680,5,2014,2101,766865
87,Ontario,1680,5,2015,2177,794605
87,Ontario,1680,5,2016,2255,825330
87,Ontario,1680,1,1984,728,266448
87,Ontario,1680,1,1985,441,160965
87,Ontario,1680,1,1986,573,209145
87,Ontario,1680,1,1987,647,236155
87,Ontario,1680,1,1988,696,254736
87,Ontario,1680,1,1989,760,277400
87,Ontario,1680,1,1990,788,287620
87,Ontario,1680,1,1991,800,292000
87,Ontario,1680,1,1992,816,298656
87,Ontario,1680,1,1993,833,304045
87,Ontario,1680,1,1994,1179,430335
87,Ontario,1680,1,1995,9588,3499620
87,Ontario,1680,1,1996,1345,369875
87,Ontario,1680,2,1996,1345,123740
87,Ontario,1680,2,1997,1372,500780
87,Ontario,1680,2,1998,1399,510635
87,Ontario,1680,2,1999,1427,520855
87,Ontario,1680,2,2002,1515,552975
87,Ontario,1806,3,2008,1706,624396
87,Ontario,1806,3,2007,12082,4409930
87,Ontario,1806,3,2010,15170,5537050
87,Ontario,1806,3,2011,1890,689850
87,Ontario,1806,4,2010,15170,5537050
87,Ontario,1806,4,2011,1890,689850
87,Ontario,1806,5,2011,1890,689850
87,Ontario,1806,5,2012,1958,716628
87,Ontario,1806,5,2013,2028,740220
87,Ontario,1806,5,2014,2101,766865
87,Ontario,1806,5,2015,2177,794605
87,Ontario,1806,5,2016,2255,825330
87,Ontario,1806,1,1985,441,160965
87,Ontario,1806,1,1986,573,209145
87,Ontario,1806,1,1987,647,236155
87,Ontario,1806,1,1988,696,254736
87,Ontario,1806,1,1989,760,277400
87,Ontario,1806,1,1990,788,287620
87,Ontario,1806,1,1991,800,292000
87,Ontario,1806,1,1992,816,298656
87,Ontario,1806,1,1993,833,304045
87,Ontario,1806,1,1994,1179,430335
87,Ontario,1806,1,1995,9588,1764192
87,Ontario,1806,2,1995,9588,1745016
87,Ontario,1806,2,1996,1345,492270
87,Ontario,1806,2,1997,1372,500780
87,Ontario,1806,2,1998,1399,510635
87,Ontario,1806,2,1999,1427,520855
87,Ontario,1806,2,2000,1456,532896
87,Ontario,1806,2,2001,1485,542025
87,Ontario,1806,2,2002,1515,552975
87,Ontario,1806,2,2003,22968,8383320
87,Ontario,1806,2,2004,1576,576816
87,Ontario,1806,2,2005,12602,4599730
87,Ontario,1806,2,2006,17345,6330925
87,Ontario,1806,2,2007,12082,4409930
87,Ontario,1806,2,2008,1706,624396
87,Ontario,1806,2,2009,459,167535
87,Ontario,1806,2,2010,15170,5537050
87,Ontario,1806,2,2011,1890,689850
87,Ontario,1806,3,1995,9588,930036
87,Ontario,1806,3,1996,1345,492270
87,Ontario,1806,3,1997,1372,500780
87,Ontario,1806,3,1998,1399,510635
87,Ontario,1806,3,1999,1427,520855
87,Ontario,1806,3,2000,1456,532896
87,Ontario,1806,3,2001,1485,542025
87,Ontario,1806,3,2002,1515,552975
87,Ontario,1806,3,2003,22968,8383320
87,Ontario,1806,3,2004,1576,576816
87,Ontario,1806,3,2005,12602,4599730
87,Ontario,1806,3,2006,17345,6330925
87,Ontario,1806,3,2009,459,167535