section_key,STATE_CODE_EXP,OBSERVATION_DATE,IRI_MRI,predicted,residual,arch
Arizona_1001,Arizona,1990-03-24,1.0651999950408935,0.9593881,0.10581191778182975,xgb
Arizona_1001,Arizona,1992-02-28,1.07260000705719,0.94532394,0.12727606296539307,xgb
Arizona_1001,Arizona,1993-02-18,1.1010000228881835,1.0152594,0.0857406377792358,xgb
Arizona_1001,Arizona,1995-03-06,1.1311999797821044,1.0374234,0.09377660751342765,xgb
Arizona_1006,Arizona,1990-03-24,0.7585999965667725,1.1169099,-0.35830986499786377,xgb
Arizona_1006,Arizona,1992-01-21,0.9302000045776367,1.0605968,-0.13039681911468504,xgb
Arizona_1006,Arizona,1993-02-18,1.0794000148773193,1.0562482,0.023151826858520463,xgb
Arizona_1006,Arizona,1995-03-02,0.8019999980926513,0.9558023,-0.15380232334136967,xgb
Arizona_1006,Arizona,1997-01-28,0.8348000049591064,0.9482358,-0.11343580484390259,xgb
Arizona_1006,Arizona,1997-12-04,0.8381999850273132,0.957051,-0.11885099411010747,xgb
Arizona_1006,Arizona,1998-12-08,0.8587999939918518,1.0114768,-0.1526767611503601,xgb
Arizona_1006,Arizona,1999-11-09,0.8860000014305115,1.0332433,-0.14724329710006712,xgb
Arizona_1006,Arizona,2001-11-09,0.8569999933242798,1.1484673,-0.2914673089981079,xgb
Arizona_1006,Arizona,2004-02-03,0.8584000110626221,1.2358685,-0.3774684429168701,xgb
Arizona_1006,Arizona,2007-01-23,0.8868000030517578,1.4802998,-0.5934998273849488,xgb
Arizona_1006,Arizona,2010-01-25,0.909000015258789,1.4932754,-0.5842753887176514,xgb
Arizona_1006,Arizona,2011-12-10,0.9525999903678894,1.4932754,-0.540675413608551,xgb
Arizona_1006,Arizona,2012-12-12,0.9601999998092652,1.4932754,-0.5330754041671752,xgb
Arizona_1006,Arizona,2014-02-08,0.9818000078201294,0.9912828,-0.009482812881469682,xgb
Arizona_1006,Arizona,2014-11-15,1.0126000046730042,0.9114888,0.10111123323440552,xgb
Arizona_1006,Arizona,2015-12-09,1.0100000023841857,0.94297445,0.06702555418014522,xgb
Arizona_1006,Arizona,2016-12-16,1.0335999965667724,0.91144794,0.12215205430984488,xgb
Arizona_1006,Arizona,2019-05-15,1.0762000322341918,0.99667746,0.0795225739479064,xgb
Arizona_1006,Arizona,2021-01-21,1.1228000164031982,0.95894593,0.16385408639907828,xgb
Arizona_1015,Arizona,1990-03-17,1.121749997138977,1.1046255,0.017124533653259277,xgb
Arizona_1015,Arizona,1992-01-12,0.981599998474121,1.0814375,-0.09983747005462651,xgb
Arizona_1015,Arizona,1993-02-26,1.0950000047683717,1.1018836,-0.006883645057678134,xgb
Arizona_1015,Arizona,1997-02-04,0.4688000023365021,1.067102,-0.5983019530773163,xgb
Arizona_1015,Arizona,1997-12-17,0.47639999985694886,1.1017097,-0.6253097236156464,xgb
Arizona_1015,Arizona,1998-12-10,0.5271999955177307,1.0071542,-0.4799542307853699,xgb
Arizona_1015,Arizona,1999-11-11,0.5399999976158142,1.0248606,-0.48486062288284304,xgb
Arizona_1015,Arizona,2001-11-14,0.5871999979019165,1.0240453,-0.436845350265503,xgb
Arizona_1015,Arizona,2002-11-06,0.6166000008583069,1.0531577,-0.4365576863288879,xgb
Arizona_1015,Arizona,2004-12-10,0.6839999914169311,1.1439416,-0.4599416494369507,xgb
Arizona_1015,Arizona,2006-03-22,0.6944000005722046,1.1953326,-0.5009326457977294,xgb
Arizona_1015,Arizona,2011-12-06,1.0229999780654908,1.3871546,-0.36415460109710684,xgb
Arizona_1015,Arizona,2012-12-10,1.0789999961853027,1.3942939,-0.31529390811920166,xgb
Arizona_1015,Arizona,2014-02-12,1.154200005531311,1.3928032,-0.2386031866073608,xgb
Arizona_1015,Arizona,2014-11-10,1.1568000078201295,1.3928032,-0.2360031843185424,xgb
Arizona_1016,Arizona,1990-03-18,0.807800006866455,1.0964345,-0.288634467124939,xgb
Arizona_1016,Arizona,1992-01-13,0.8805999875068664,1.1237493,-0.2431492686271668,xgb
Arizona_1016,Arizona,1993-02-26,0.953000009059906,1.0767648,-0.12376481294631958,xgb
Arizona_1016,Arizona,1997-02-04,1.444000005722046,1.0859954,0.3580045700073242,xgb
Arizona_1016,Arizona,1997-12-17,1.657200002670288,1.0998744,0.5573256254196166,xgb
Arizona_1016,Arizona,1998-12-10,0.5697999954223633,0.947842,-0.37804200649261477,xgb
Arizona_1016,Arizona,1999-11-12,0.7537999868392944,0.9500669,-0.19626693725585942,xgb
Arizona_1016,Arizona,2001-11-14,0.8430000066757202,0.91364163,-0.0706416249275208,xgb
Arizona_1016,Arizona,2002-11-06,0.8639999985694885,0.92483824,-0.06083824634552004,xgb
Arizona_1016,Arizona,2004-12-09,0.8959999918937683,0.9673834,-0.07138339281082151,xgb
Arizona_1016,Arizona,2006-03-22,0.8465999960899353,1.0228224,-0.17622238397598267,xgb
Arizona_1016,Arizona,2011-12-06,1.029800009727478,1.2380224,-0.20822243690490727,xgb
Arizona_1016,Arizona,2012-12-10,1.0642000198364259,1.2476368,-0.18343677520751944,xgb
Arizona_1016,Arizona,2014-02-12,1.1926000118255615,1.2514783,-0.058878302574157715,xgb
Arizona_1016,Arizona,2014-11-10,1.2647999763488769,1.2514783,0.013321661949157626,xgb
Arizona_1016,Arizona,2015-12-11,1.308199977874756,1.2392693,0.06893072128295907,xgb
Arizona_1016,Arizona,2016-12-15,1.2930000305175782,1.2509303,0.04206972122192387,xgb
Arizona_1016,Arizona,2019-02-25,1.5166000127792358,1.2404869,0.2761131525039673,xgb
Arizona_1016,Arizona,2021-02-09,1.5068000316619874,1.2497127,0.2570873260498048,xgb
Arizona_1017,Arizona,1990-03-19,1.0502000093460082,0.897586,0.15261402130126944,xgb
Arizona_1017,Arizona,1992-01-12,1.1935999870300293,0.8490182,0.34458177089691167,xgb
Arizona_1017,Arizona,1993-02-24,1.3288000106811524,0.8791316,0.44966839551925664,xgb
Arizona_1017,Arizona,1994-11-17,1.348799991607666,0.9283789,0.42042111158370976,xgb
Arizona_1017,Arizona,1997-02-05,1.3282000064849853,0.95246685,0.3757331609725951,xgb
Arizona_1017,Arizona,1997-12-17,0.5871999979019165,0.8554173,-0.2682173132896424,xgb
Arizona_1017,Arizona,1998-12-10,0.548199999332428,0.7940406,-0.24584062099456783,xgb
Arizona_1017,Arizona,1999-11-12,0.5660000085830689,0.80015695,-0.2341569423675537,xgb
Arizona_1017,Arizona,2001-11-14,0.5614000082015991,0.824412,-0.26301198005676274,xgb
Arizona_1017,Arizona,2002-11-07,0.545199990272522,0.80485594,-0.2596559524536133,xgb
Arizona_1017,Arizona,2004-12-09,0.5847999930381775,0.8255097,-0.24070973396301265,xgb
Arizona_1017,Arizona,2006-03-23,0.6122000098228455,0.86758703,-0.25538702011108394,xgb
Arizona_1017,Arizona,2010-01-15,0.7603999972343445,1.1498172,-0.38941723108291626,xgb
Arizona_1017,Arizona,2011-12-06,0.7913999915122986,1.2491403,-0.4577402710914612,xgb
Arizona_1017,Arizona,2012-12-10,0.7977999925613404,0.85453194,-0.05673195123672481,xgb
Arizona_1017,Arizona,2014-02-12,0.8401999831199646,0.8154359,0.024764096736907937,xgb
Arizona_1017,Arizona,2014-11-10,0.8977999925613404,0.80389297,0.09390702247619631,xgb
Arizona_1017,Arizona,2015-12-11,0.9809999942779541,0.818828,0.16217200756073002,xgb
Arizona_1017,Arizona,2016-12-15,1.0710000038146972,0.835004,0.23599603176116934,xgb
Arizona_1021,Arizona,1990-03-30,1.251249998807907,0.8531102,0.3981398046016693,xgb
Arizona_1021,Arizona,1992-02-19,1.1293999910354615,0.9081429,0.22125706672668466,xgb
Arizona_1021,Arizona,1993-02-09,1.2607999563217163,0.79241145,0.46838850975036617,xgb
Arizona_1021,Arizona,1995-03-21,1.2980000019073485,0.8633302,0.43466981649398795,xgb
Arizona_1021,Arizona,1997-02-21,0.7527999877929688,0.79228675,-0.03948676586151123,xgb
Arizona_1021,Arizona,1998-04-16,0.780400013923645,0.77623004,0.004169976711273171,xgb
Arizona_1021,Arizona,1999-03-03,0.7948000073432923,0.72745466,0.06734534502029421,xgb
Arizona_1021,Arizona,2000-03-15,0.8431999921798706,0.73533636,0.10786362886428835,xgb
Arizona_1021,Arizona,2002-02-19,0.8343999981880188,0.78289384,0.0515061616897583,xgb
Arizona_1021,Arizona,2004-03-12,0.8574000000953674,0.88893086,-0.03153085708618164,xgb
Arizona_1021,Arizona,2011-11-29,1.2955999851226807,0.7714073,0.5241926789283753,xgb
Arizona_1021,Arizona,2012-12-06,1.2697999715805053,0.8291977,0.4406022667884826,xgb
Arizona_1021,Arizona,2014-02-19,1.334000015258789,0.86010295,0.47389706373214713,xgb
Arizona_1021,Arizona,2014-11-06,1.3027999877929688,0.8838949,0.4189050674438477,xgb
Arizona_1021,Arizona,2015-12-03,1.3630000114440919,0.9276395,0.4353605270385743,xgb
Arizona_1022,Arizona,1990-03-30,0.6568000078201294,1.0619384,-0.4051383972167969,xgb
Arizona_1022,Arizona,1992-02-23,0.6682000041007996,1.1006544,-0.43245435953140254,xgb
Arizona_1022,Arizona,1993-02-09,0.745800006389618,1.0208017,-0.2750016570091247,xgb
Arizona_1022,Arizona,1995-03-22,0.734333316485087,1.0376902,-0.30335684617360437,xgb
Arizona_1022,Arizona,1997-02-21,0.5018000066280365,1.0386955,-0.5368954479694367,xgb
Arizona_1022,Arizona,1998-04-16,0.5307999968528747,0.93540895,-0.40460895299911503,xgb
Arizona_1022,Arizona,1999-03-03,0.5388000011444092,0.9443037,-0.40550369024276733,xgb
Arizona_1022,Arizona,2000-03-15,0.5425999879837036,0.9772739,-0.4346738934516907,xgb
Arizona_1022,Arizona,2002-02-19,0.554800009727478,1.0485324,-0.4937323570251465,xgb
Arizona_1022,Arizona,2004-03-12,0.571999990940094,1.1211163,-0.5491162896156311,xgb
Arizona_1022,Arizona,2010-01-11,0.7578000068664551,1.4248405,-0.6670404434204101,xgb
Arizona_1022,Arizona,2011-11-30,1.004800021648407,1.4212204,-0.4164204001426697,xgb
Arizona_1022,Arizona,2012-12-06,1.2335999965667725,1.4193853,-0.18578531742095938,xgb
Arizona_1022,Arizona,2014-02-19,1.50239999294281,1.4190608,0.08333916664123531,xgb
Arizona_1022,Arizona,2014-11-06,1.2454000234603881,1.4190608,-0.17366080284118657,xgb
Arizona_1022,Arizona,2015-12-03,1.3276000022888184,1.0025643,0.3250356912612915,xgb
Arizona_1024,Arizona,1990-04-03,1.0169999957084657,1.0036695,0.013330495357513517,xgb
Arizona_1024,Arizona,1992-02-24,0.931000006198883,0.9584466,-0.027446615695953414,xgb
Arizona_1024,Arizona,1995-05-04,0.9646000027656555,1.008718,-0.04411801099777224,xgb
Arizona_1024,Arizona,1996-05-01,1.0275999784469605,0.97504956,0.052550423145294234,xgb
Arizona_1024,Arizona,1996-08-08,1.0640000104904175,0.96363074,0.10036927461624146,xgb
Arizona_1024,Arizona,1997-02-20,1.085599994659424,0.96816546,0.11743453741073617,xgb
Arizona_1024,Arizona,1998-01-14,1.0913999795913696,1.0152067,0.07619328498840328,xgb
Arizona_1024,Arizona,1998-04-14,1.154800009727478,1.0310279,0.12377209663391109,xgb
Arizona_1024,Arizona,1998-07-08,1.184600019454956,1.0310279,0.15357210636138907,xgb
Arizona_1024,Arizona,1998-10-01,1.2651999711990356,1.0365002,0.2286997556686401,xgb
Arizona_1024,Arizona,1999-03-01,1.4486000061035156,1.0830877,0.36551232337951656,xgb
Arizona_1024,Arizona,2000-03-13,0.46760000586509703,0.9550043,-0.48740426898002626,xgb
Arizona_1024,Arizona,2002-02-14,0.5357999920845031,0.8501668,-0.3143668055534363,xgb
Arizona_1024,Arizona,2004-03-11,0.601800000667572,0.9137564,-0.3119563698768616,xgb
Arizona_1024,Arizona,2007-01-16,0.6336000084877014,0.9921088,-0.3585088133811951,xgb
Arizona_1024,Arizona,2010-01-07,0.753600001335144,1.0423858,-0.28878581523895264,xgb
Arizona_1024,Arizona,2011-12-04,0.7682000041007996,1.2018105,-0.43361047506332395,xgb
Arizona_1024,Arizona,2012-12-06,0.7748000025749207,1.2993071,-0.5245071053504944,xgb
Arizona_1024,Arizona,2014-02-18,0.7823999881744385,1.292707,-0.510306978225708,xgb
Arizona_1024,Arizona,2014-11-05,0.8177999973297119,1.292707,-0.4749069690704346,xgb
Arizona_1024,Arizona,2015-12-02,0.8679999828338623,1.2983942,-0.4303942203521729,xgb
Arizona_1024,Arizona,2016-06-15,0.8730000019073486,1.2968534,-0.4238534212112427,xgb
Arizona_1024,Arizona,2019-02-27,1.0618000268936156,1.296269,-0.23446903228759775,xgb
Arizona_1024,Arizona,2021-02-11,1.1100000143051147,1.3018868,-0.1918867826461792,xgb
Arizona_1025,Arizona,1992-02-24,0.8546000003814698,1.1716979,-0.31709785461425777,xgb
Arizona_1025,Arizona,1993-02-10,1.11560001373291,1.1390909,-0.02349088191986093,xgb
Arizona_1025,Arizona,1995-05-04,1.006599986553192,1.1448972,-0.13829723596572885,xgb
Arizona_1025,Arizona,1996-08-09,1.1061999797821045,1.1543468,-0.048146843910217285,xgb
Arizona_1025,Arizona,1997-02-20,1.157200026512146,1.204408,-0.04720802307128902,xgb
Arizona_1025,Arizona,1998-04-14,1.1546000003814698,1.1145449,0.040055131912231534,xgb
Arizona_1025,Arizona,1999-03-03,1.2656000137329102,1.1560651,0.10953490734100346,xgb
Arizona_1025,Arizona,2000-03-15,0.5906000018119812,1.113612,-0.5230120539665222,xgb
Arizona_1025,Arizona,2002-02-19,0.7275999903678894,1.0858934,-0.35829340219497685,xgb
Arizona_1025,Arizona,2004-03-11,0.815399992465973,1.1348171,-0.319417130947113,xgb
Arizona_1025,Arizona,2007-01-17,0.8904000043869018,1.2287726,-0.3383726358413697,xgb
Arizona_1025,Arizona,2011-12-04,1.3392000198364258,1.1117121,0.22748792171478271,xgb
Arizona_1025,Arizona,2012-12-06,1.4829999923706054,1.1367472,0.3462527513504028,xgb
Arizona_1025,Arizona,2014-02-18,2.09520001411438,1.1041932,0.9910068035125734,xgb
Arizona_1025,Arizona,2014-11-05,2.050399994850159,1.1092218,0.9411781787872315,xgb
Arizona_1025,Arizona,2015-12-02,2.1145999908447264,1.1140646,1.0005354166030882,xgb
Arizona_1025,Arizona,2016-06-15,3.1802000522613527,1.0902853,2.0899147510528566,xgb
Arizona_1036,Arizona,1989-08-08,0.7139999985694885,1.016767,-0.302767026424408,xgb
Arizona_1036,Arizona,1992-02-19,1.7124000072479248,0.90936494,0.8030350685119629,xgb
Arizona_1036,Arizona,1993-02-05,1.9303999662399292,0.91188693,1.018513035774231,xgb
Arizona_1036,Arizona,1995-02-28,1.9621999740600586,0.9702181,0.991981852054596,xgb
Arizona_1036,Arizona,1997-01-22,1.88439998626709,0.9317758,0.9526241779327393,xgb
Arizona_1036,Arizona,1998-04-07,1.7338000297546388,0.9215765,0.8122235298156739,xgb
Arizona_1037,Arizona,1989-08-08,1.759599995613098,1.1059576,0.6536423683166503,xgb
Arizona_1037,Arizona,1990-03-27,1.7412000179290772,1.0445211,0.6966789245605469,xgb
Arizona_1037,Arizona,1992-02-15,1.9950000286102294,1.0434219,0.9515781641006469,xgb
Arizona_1037,Arizona,1993-02-04,2.3576000213623045,1.040694,1.3169060230255125,xgb
Arizona_1037,Arizona,1995-03-01,2.51540002822876,1.0319654,1.4834346532821656,xgb
Arizona_1037,Arizona,1997-01-24,2.415399980545044,1.0472493,1.3681506633758547,xgb
Arizona_1037,Arizona,1998-04-15,2.466999959945679,1.0338347,1.4331652641296388,xgb
Arizona_1037,Arizona,1999-03-01,2.2779999732971192,1.0675124,1.2104875802993775,xgb
Arizona_1037,Arizona,2000-03-16,2.247399997711182,1.0761153,1.1712847471237184,xgb
Arizona_1062,Arizona,1990-04-02,1.4465999841690063,0.95942706,0.48717292547225943,xgb
Arizona_1062,Arizona,1992-02-23,1.3311999797821046,0.9955756,0.33562437295913705,xgb
Arizona_1062,Arizona,1993-02-10,0.8190000057220459,0.921637,-0.10263699293136597,xgb
Arizona_1062,Arizona,1995-04-28,0.800600004196167,0.90573984,-0.10513983964920048,xgb
Arizona_1062,Arizona,1997-02-21,0.8805999994277954,0.9423654,-0.061765408515930154,xgb
Arizona_1062,Arizona,1998-04-14,0.8473999977111817,1.0158659,-0.16846592426300044,xgb
Arizona_1062,Arizona,1999-03-03,0.9474000096321106,1.0211097,-0.07370969057083132,xgb
Arizona_1062,Arizona,2000-03-15,0.3304000020027161,0.9275874,-0.5971873879432679,xgb
Arizona_1062,Arizona,2002-02-19,0.31959999799728395,0.88949555,-0.5698955535888672,xgb
Arizona_1062,Arizona,2004-03-12,0.3473999977111816,0.9685356,-0.6211356043815613,xgb
Arizona_1062,Arizona,2007-01-18,0.41479999423027036,1.0002427,-0.585442715883255,xgb
Arizona_1062,Arizona,2010-01-11,0.6235999941825867,1.053487,-0.42988694906234737,xgb
Arizona_1062,Arizona,2011-11-30,0.9876000046730041,1.1184592,-0.1308592200279236,xgb
Arizona_1062,Arizona,2012-12-06,1.2026000022888184,0.87643236,0.32616764307022095,xgb
Arizona_1062,Arizona,2014-02-18,1.6941999912261962,0.8552277,0.8389722824096679,xgb
Arizona_1062,Arizona,2014-11-05,1.8539999961853026,0.848939,1.0050609946250915,xgb
Arizona_1062,Arizona,2015-12-03,0.4072000026702881,0.8881591,-0.4809590935707092,xgb
Arizona_1062,Arizona,2016-12-13,0.41119999885559083,0.9211378,-0.5099378108978272,xgb
Arizona_1065,Arizona,1992-02-24,1.075599980354309,1.024654,0.050945949554443315,xgb
Arizona_1065,Arizona,1993-02-10,0.9386000037193298,0.99324846,-0.05464845895767212,xgb
Arizona_1065,Arizona,1995-04-28,0.9839999914169312,0.93494684,0.04905315637588503,xgb
Arizona_1065,Arizona,1997-02-20,1.0344000101089477,0.9703483,0.06405171155929557,xgb
Arizona_1065,Arizona,1998-04-14,1.1325999975204468,1.0358967,0.09670333862304692,xgb
Arizona_1065,Arizona,1999-03-01,1.1494000196456908,1.0430126,0.10638740062713614,xgb
Arizona_1065,Arizona,2000-03-13,0.3388000071048736,0.910776,-0.5719760119915009,xgb
Arizona_1065,Arizona,2002-02-14,0.33640000224113464,0.8658767,-0.529476672410965,xgb
Arizona_1065,Arizona,2004-03-11,0.3319999992847443,0.9420022,-0.6100021779537201,xgb
Arizona_1065,Arizona,2007-01-17,0.37060000300407403,1.0065043,-0.6359042942523957,xgb
Arizona_1065,Arizona,2010-01-07,0.39740000367164613,1.0632682,-0.6658681809902192,xgb
Arizona_1065,Arizona,2011-11-30,0.4593999981880188,1.1330127,-0.673612654209137,xgb
Arizona_1065,Arizona,2012-12-06,0.5083999991416931,1.2812619,-0.772861921787262,xgb
Arizona_1065,Arizona,2014-02-18,0.5748000144958496,1.2922251,-0.7174251079559326,xgb
Arizona_1065,Arizona,2014-11-05,0.6318000078201294,1.2922251,-0.6604251146316529,xgb
Arizona_1065,Arizona,2015-12-02,0.7703999876976013,1.2940602,-0.5236602425575256,xgb
Arizona_1065,Arizona,2016-12-13,1.2015999794006347,1.2937357,-0.09213576316833505,xgb
Arizona_1065,Arizona,2019-02-27,1.8486000061035157,1.2957481,0.5528518915176392,xgb
Arizona_6053,Arizona,1990-03-16,1.2191999912261964,1.0851909,0.13400909900665292,xgb
Arizona_6053,Arizona,1992-01-14,1.3541999816894532,1.0591714,0.29502854347229013,xgb
Arizona_6053,Arizona,1993-02-23,1.3925999879837037,1.0731695,0.31943051815032963,xgb
Arizona_6053,Arizona,1997-02-03,1.604200005531311,1.213106,0.3910939693450928,xgb
Arizona_6055,Arizona,1990-03-25,0.6259999871253967,1.0870879,-0.4610878825187683,xgb
Arizona_6055,Arizona,1992-01-21,0.674399995803833,1.1236975,-0.44929752349853513,xgb
Arizona_6055,Arizona,1993-02-18,0.6973999977111817,1.0565606,-0.35916063785552976,xgb
Arizona_6055,Arizona,1995-03-06,0.6887999892234802,1.038253,-0.34945296049118046,xgb
Arizona_6055,Arizona,1997-01-28,0.7592000007629395,1.0578225,-0.29862246513366697,xgb
Arizona_6055,Arizona,1997-12-08,0.7799999952316284,1.082891,-0.3028909921646118,xgb
Arizona_6055,Arizona,1998-12-09,0.7646000027656555,1.1056482,-0.3410481572151184,xgb
Arizona_6055,Arizona,1999-11-09,0.4590000033378601,0.9477308,-0.48873077630996703,xgb
Arizona_6055,Arizona,2004-02-08,0.6414000034332276,0.9769191,-0.3355191111564636,xgb
Arizona_6060,Arizona,1990-03-18,0.7212000012397766,0.9155597,-0.19435970783233647,xgb
Arizona_6060,Arizona,1992-01-12,0.669599997997284,0.8371579,-0.16755790710449214,xgb
Arizona_6060,Arizona,1993-02-26,0.729800009727478,0.88183856,-0.15203855037689207,xgb
Arizona_6060,Arizona,1997-02-04,0.7110000133514405,0.872585,-0.16158498525619502,xgb
Arizona_6060,Arizona,1997-12-17,0.8449999928474426,0.88171315,-0.036713159084320046,xgb
Arizona_6060,Arizona,1998-12-10,0.5022000074386597,0.78081894,-0.2786189317703247,xgb
Arizona_6060,Arizona,1999-11-11,0.5059999942779541,0.82531196,-0.3193119645118714,xgb
Arizona_6060,Arizona,2004-12-10,0.6909999847412109,0.80815154,-0.11715155839920044,xgb
Arizona_6060,Arizona,2006-08-16,0.8689999938011169,0.84481186,0.024188137054443337,xgb
Arizona_1003,Arizona,1990-03-25,0.7883999943733215,1.0216297,-0.23322969675064087,xgb
Arizona_1003,Arizona,1993-02-18,1.0965999841690064,1.0343224,0.06227760314941411,xgb
Arizona_1003,Arizona,1995-03-02,0.5673999905586242,0.9154365,-0.3480365157127381,xgb
Arizona_1003,Arizona,1997-01-27,0.6489999890327454,0.96172905,-0.3127290606498718,xgb
Arizona_1003,Arizona,1997-12-04,0.6600000143051148,0.9770749,-0.31707490682601924,xgb
Arizona_1003,Arizona,1998-12-08,0.700600004196167,0.9835046,-0.282904589176178,xgb
Arizona_1003,Arizona,1999-11-09,0.6839999914169311,1.0130515,-0.3290515184402466,xgb
Arizona_1003,Arizona,2001-11-09,0.7148000001907349,1.1337898,-0.41898977756500244,xgb
Arizona_1003,Arizona,2004-02-08,0.7458000183105469,1.2250834,-0.47928333282470703,xgb
Arizona_1003,Arizona,2011-12-10,0.7615999937057495,1.4662018,-0.704601788520813,xgb
Arizona_1003,Arizona,2012-12-12,0.7687999963760376,1.4662018,-0.6974017858505249,xgb
Arizona_1003,Arizona,2014-02-08,0.7386000156402588,1.0365582,-0.2979581356048584,xgb
Arizona_1003,Arizona,2014-11-15,0.7425999999046325,0.95177597,-0.20917596817016604,xgb
Arizona_1003,Arizona,2015-12-09,0.8001999974250793,0.92136294,-0.12116293907165532,xgb
Arizona_1003,Arizona,2016-12-16,0.8104000091552734,0.95690626,-0.14650624990463257,xgb
Arizona_1003,Arizona,2019-05-16,0.8182000160217285,0.9781498,-0.15994975566864011,xgb
Arizona_1003,Arizona,2021-01-21,0.8311999917030335,1.0139492,-0.18274916410446163,xgb
Arizona_1007,Arizona,1990-03-24,1.3348000049591064,0.899952,0.43484801054000854,xgb
Arizona_1007,Arizona,1992-01-21,1.8234000205993652,0.8457332,0.9776667952537537,xgb
Arizona_1007,Arizona,1993-02-18,1.8075999975204469,0.87612706,0.931472933292389,xgb
Arizona_1007,Arizona,1995-03-04,1.252666672070821,0.79402244,0.4586442311604817,xgb
Arizona_1007,Arizona,1997-02-02,0.8335999965667724,0.7537569,0.07984311580657955,xgb
Arizona_1007,Arizona,1997-12-05,0.8480000019073486,0.7583858,0.08961422443389888,xgb
Arizona_1007,Arizona,1998-12-07,0.8771999955177308,0.78456926,0.0926307320594788,xgb
Arizona_1007,Arizona,1999-11-10,0.8620000004768371,0.7982104,0.06378961801528926,xgb
Arizona_1007,Arizona,2001-11-12,1.0227999806404113,0.8337427,0.18905730247497554,xgb
Arizona_1007,Arizona,2004-02-09,1.6790000200271606,0.74474806,0.9342519640922546,xgb
Arizona_1007,Arizona,2004-12-15,1.8385999917984008,0.7214693,1.117130708694458,xgb
Arizona_6054,Arizona,1990-03-19,0.7516000032424927,1.1419028,-0.39030280113220217,xgb
Arizona_6054,Arizona,1992-01-12,0.8028000116348266,1.1979179,-0.39511792659759526,xgb
Arizona_6054,Arizona,1993-02-23,0.9304000020027162,1.0897702,-0.15937019586563095,xgb
Arizona_6054,Arizona,1994-12-15,0.9871999859809876,1.0893942,-0.10219422578811643,xgb
Arizona_6054,Arizona,1997-02-05,1.0699999809265137,1.1548021,-0.0848021030426025,xgb
Arizona_6054,Arizona,1997-12-16,1.1965999841690063,1.1596936,0.03690638542175284,xgb
Arizona_6054,Arizona,1998-12-09,1.242799997329712,1.1745882,0.06821179389953613,xgb
Arizona_6054,Arizona,1999-11-14,1.3163999795913697,1.1762214,0.1401786088943482,xgb
Arizona_1002,Arizona,1990-04-04,1.5686000108718872,1.191589,0.3770110130310058,xgb
Arizona_1002,Arizona,1992-02-24,3.064600038528442,1.2065078,1.8580922365188597,xgb
Arizona_1002,Arizona,1993-02-10,3.1639999866485597,1.1373639,2.026636075973511,xgb
Arizona_1002,Arizona,1995-05-03,2.6210000038146974,1.1471725,1.4738275527954103,xgb
Arizona_1002,Arizona,1997-02-20,0.5878000020980835,1.177118,-0.5893179416656494,xgb
Arizona_1002,Arizona,1998-04-14,0.6149999976158143,1.1335045,-0.518504512310028,xgb
Arizona_1002,Arizona,1999-03-02,0.6459999918937683,1.1404803,-0.494480288028717,xgb
Arizona_1018,Arizona,1990-03-19,0.9636000156402588,0.85080856,0.11279145479202268,xgb
Arizona_1018,Arizona,1992-01-12,1.0289999961853027,0.8448325,0.18416751623153682,xgb
Arizona_1018,Arizona,1993-02-24,1.072000002861023,0.7809154,0.2910846233367921,xgb
Arizona_1018,Arizona,1997-02-05,1.0656000137329102,0.7956456,0.26995441913604745,xgb
Arizona_1018,Arizona,1997-12-16,0.5358000040054322,0.67399794,-0.13819793462753294,xgb
Arizona_1018,Arizona,1998-12-10,0.5344000101089478,0.7194772,-0.185077166557312,xgb
Arizona_1018,Arizona,1999-11-12,0.5416000008583068,0.63634133,-0.09474133253097539,xgb
Arizona_1018,Arizona,2001-11-14,0.5587999939918518,0.66304326,-0.10424326658248906,xgb
Arizona_1018,Arizona,2002-11-07,0.567199993133545,0.6739829,-0.10678292512893672,xgb
Arizona_1018,Arizona,2004-12-08,0.5945999979972839,0.7058138,-0.11121382713317873,xgb
Arizona_1018,Arizona,2006-03-23,0.6185999870300293,0.72935355,-0.11075356006622317,xgb
Arizona_1018,Arizona,2011-12-06,0.9320000052452088,1.060091,-0.12809101343154905,xgb
Arizona_1018,Arizona,2012-12-11,0.9498000025749207,0.66641295,0.28338705301284794,xgb
Arizona_1018,Arizona,2014-02-12,0.9108000040054322,0.65283793,0.2579620718955994,xgb
Arizona_1018,Arizona,2014-11-11,0.9449999928474426,0.641295,0.30370497703552246,xgb
Arizona_1018,Arizona,2015-12-11,1.0509999990463257,0.65152884,0.3994711637496948,xgb
Arizona_1018,Arizona,2016-12-15,1.1073999881744385,0.66641414,0.44098584651947026,xgb
Arizona_1034,Arizona,1990-03-26,1.146399974822998,0.79874605,0.34765392541885376,xgb
Arizona_1034,Arizona,1991-03-13,1.061400008201599,0.79750955,0.26389045715332027,xgb
Arizona_1034,Arizona,1992-02-28,1.093400001525879,0.744819,0.3485810160636902,xgb
Arizona_1034,Arizona,1993-02-03,1.3031999826431275,0.77432287,0.5288771152496339,xgb
Arizona_1034,Arizona,1994-01-26,1.1999999761581421,0.76659435,0.43340562582015996,xgb
Arizona_1034,Arizona,1995-03-01,1.467799997329712,0.7816144,0.6861855745315553,xgb
Arizona_1034,Arizona,1997-02-23,1.3385999917984008,0.73479867,0.6038013219833374,xgb
Arizona_1034,Arizona,1997-12-03,1.4593999862670899,0.71807057,0.7413294196128846,xgb
Arizona_1034,Arizona,1998-12-04,1.8142000198364259,0.72901535,1.085184669494629,xgb
Arizona_1034,Arizona,1999-11-08,1.689800000190735,0.67591554,1.013884460926056,xgb
Arizona_1034,Arizona,2001-11-07,0.7456000089645386,0.6955375,0.0500625014305115,xgb
Arizona_1034,Arizona,2002-02-13,0.7432000041007996,0.70438796,0.03881204128265381,xgb
Arizona_1034,Arizona,2004-03-23,0.7640000104904174,0.62983024,0.13416976928710933,xgb
